country_iso3,product_id,year,export_value,rca,pci
BRN,330,1995,8964658.36,1.308,1.694
BRN,166,1995,25130447.23,2.267,1.848
BRN,319,1995,6159079.78,0.501,1.374
BRN,184,1995,4714467.23,0.289,-0.724
BRN,126,1995,79333714.72,0.836,0.734
BRN,293,1995,4378587.22,1.633,0.091
BRN,62,1995,40039137.28,0.554,-0.803
BRN,370,1995,10971490.34,1.805,0.285
BRN,328,1995,2932348579.06,0.649,2.561
BRN,260,1995,5274313.56,0.556,-0.603
BRN,270,1995,49032506.12,1.501,-0.801
BRN,65,1995,2395484579.67,0.226,0.086
BRN,385,1995,17508496.09,1.72,-1.531
BRN,469,1995,32156172.37,3.266,-1.727
BRN,353,1995,31149762.0,1.918,1.586
BRN,5,1995,2995956.54,0.671,0.234
BRN,261,1995,747260.39,2.672,-0.083
BRN,165,1995,206674616.72,0.435,-2.307
BRN,360,1995,146590856.09,0.714,-1.165
BRN,60,1995,108629921.25,3.186,-1.289
BRN,226,1995,90212002.05,0.996,0.636
BRN,237,1995,9095167.16,0.304,1.175
BRN,352,1995,196843400.83,1.385,1.339
BRN,434,1995,32096184.08,1.063,-1.946
BRN,187,1995,428279693.09,0.993,-1.393
BRN,188,1995,40039168.41,1.463,-0.446
BRN,169,1995,29746081.43,6.817,-1.686
BRN,239,1995,49945858.05,0.45,-0.965
BRN,441,1995,2289556.76,1.053,1.404
BRN,453,1995,308253633.75,1.043,0.277
BRN,224,1995,31631599.82,0.38,-0.194
BRN,315,1995,149077158.85,1.895,-0.486
BRN,362,1995,836022670.11,0.358,-0.175
BRN,86,1995,15437760.4,2.916,-0.694
BRN,144,1995,17586938.0,0.069,0.619
BRN,356,1995,27924171.63,0.759,-0.578
BRN,451,1995,84532631.46,7.439,0.584
BRN,122,1995,18134383.7,0.435,0.373
BRN,409,1995,60322977.25,0.172,0.402
BRN,415,1995,664911256.38,0.442,0.675
BRN,257,1995,71163844.81,6.085,0.675
BRN,174,1995,53887939.09,0.302,-0.761
BRN,206,1995,95871675.96,0.616,-0.344
BRN,121,1995,119237956.71,1.135,1.498
BRN,132,1995,4014312.95,0.8,0.111
BRN,214,1995,105208264.23,0.467,0.585
BRN,92,1995,14079572.77,0.406,1.928
BRN,46,1995,76777993.63,1.464,-0.678
BRN,140,1995,62527442.22,0.26,0.055
BRN,457,1995,4883137.3,6.875,1.051
BRN,219,1995,149788640.55,0.666,-0.851
BRN,218,1995,28100080.07,0.675,-0.346
BRN,376,1995,31704399.12,3.316,1.062
BRN,31,1995,10127999.93,0.187,0.124
BRN,145,1995,410384685.96,3.867,-0.507
BRN,402,1995,204477756.05,0.398,-0.217
BRN,213,1995,40784485.68,1.609,-1.237
BRN,290,1995,81126780.67,4.958,1.646
BRN,116,1995,78945742.86,0.938,-1.491
BRN,396,1995,272310331.69,0.903,-2.066
BRN,306,2005,34779165.0,0.314,-0.334
BRN,490,2005,9784054.83,0.343,0.159
BRN,298,2005,453343044.48,1.453,-0.767
BRN,39,2005,538849273.62,1.436,-0.845
BRN,92,2005,7100674.45,0.286,0.142
BRN,324,2005,17868189.03,2.206,-1.131
BRN,309,2005,36805625.02,1.2,-0.19
BRN,181,2005,284907154.49,1.434,-1.092
BRN,60,2005,11454908.98,1.322,1.538
BRN,480,2005,22902502.25,0.433,-1.151
BRN,5,2005,1333861081.97,2.339,-0.326
BRN,458,2005,34824278.23,1.179,0.17
BRN,462,2005,1477425756.59,0.652,0.976
BRN,65,2005,73013141.18,3.216,-0.359
BRN,434,2005,91631591.82,0.456,2.119
BRN,196,2005,261748.35,8.151,-0.38
BRN,459,2005,120318862.72,2.48,0.776
BRN,54,2005,75511690.97,0.384,0.264
BRN,475,2005,13016202.5,1.075,1.27
BRN,231,2005,20084596.07,2.42,-0.797
BRN,175,2005,55995010.18,2.082,-1.173
BRN,383,2005,22130826.92,1.276,-0.319
BRN,405,2005,78262033.54,0.805,-0.806
BRN,254,2005,109117124.38,0.249,0.151
BRN,267,2005,467260214.69,3.915,0.429
BRN,366,2005,22639380.61,5.401,1.125
BRN,288,2005,42072498.35,1.022,1.747
BRN,300,2005,1045577.15,0.498,0.664
BRN,245,2005,729805327.98,1.743,0.679
BRN,30,2005,221638103.34,1.568,0.909
BRN,420,2005,419902369.68,2.816,0.201
BRN,293,2005,17368014.92,0.389,0.071
BRN,299,2005,57458477.48,0.771,0.495
BRN,70,2005,13715657.43,1.225,0.255
BRN,307,2005,16424136.69,0.54,-0.43
BRN,244,2005,98382712.53,0.963,1.17
BRN,19,2005,16769707.63,4.577,-0.063
BRN,445,2005,510340777.71,1.003,-0.823
BRN,119,2005,18168775.74,0.1,-0.559
BRN,290,2005,58836078.5,0.929,-2.036
BRN,203,2005,152900031.36,0.578,-0.334
BRN,200,2005,14793690.07,0.298,-0.009
BRN,120,2005,22204498.92,1.351,-0.309
BRN,223,2005,19621096.13,1.331,0.336
BRN,6,2005,21434553.43,1.876,-0.371
BRN,172,2005,734017173.62,1.008,-0.47
BRN,488,2005,4016786.84,1.971,-0.651
BRN,248,2005,22785933.92,0.689,0.138
BRN,154,2005,201511304.76,3.568,1.881
BRN,398,2005,19490337.11,0.419,0.046
BRN,399,2005,999730390.78,2.339,-0.053
BRN,378,2005,5641070.56,1.606,0.242
BRN,329,2005,84246285.65,0.449,0.046
BRN,182,2005,22148337.49,1.787,-0.255
BRN,164,2005,2634178.17,0.232,-0.185
BRN,56,2005,25412794.34,0.23,0.197
BRN,121,2005,4908196.27,0.118,1.246
BRN,207,2005,9899645.3,2.688,-0.143
BRN,270,2005,37266893.11,0.751,2.313
BRN,285,2005,778524.76,1.52,0.552
BRN,457,2015,111635004.37,6.381,-0.822
BRN,359,2015,81454384.1,5.601,0.922
BRN,323,2015,124049197.44,1.115,-0.639
BRN,133,2015,29398237.59,0.571,-0.631
BRN,474,2015,384605860.97,0.531,0.22
BRN,346,2015,221702732.36,5.219,-0.061
BRN,6,2015,12541857.7,2.221,-0.635
BRN,18,2015,2351413.13,0.373,1.318
BRN,96,2015,24204581.71,0.842,1.235
BRN,242,2015,336055049.61,1.55,-0.586
BRN,327,2015,3160762.66,0.156,-0.749
BRN,226,2015,10608351.07,2.308,-0.392
BRN,116,2015,60354065.08,0.234,-0.351
BRN,350,2015,1464174472.88,0.617,0.118
BRN,34,2015,3389627.25,1.087,0.157
BRN,154,2015,26189927.83,0.095,0.069
BRN,370,2015,44932015.67,1.73,0.097
BRN,180,2015,185484446.52,0.609,2.318
BRN,306,2015,7982742.42,0.895,-0.733
BRN,471,2015,66091815.9,0.759,0.124
BRN,288,2015,52706182.81,4.386,-0.379
BRN,361,2015,24060721.12,0.248,0.961
BRN,150,2015,4262202.93,0.222,-0.776
BRN,89,2015,3816828.56,2.436,-1.059
BRN,97,2015,128047068.99,1.139,0.074
BRN,355,2015,136361123.5,1.331,-1.098
BRN,276,2015,57139319.79,0.256,1.04
BRN,329,2015,26173635.22,0.503,0.962
BRN,342,2015,14008699.32,0.96,1.778
BRN,409,2015,8569921.95,8.231,1.211
BRN,293,2015,183711253.34,0.678,0.32
BRN,104,2015,8195456.84,1.688,0.205
BRN,294,2015,59285239.03,0.352,0.751
BRN,447,2015,4345559.36,0.336,0.157
BRN,105,2015,944749.43,0.078,-0.381
BRN,78,2015,99883328.14,5.457,0.445
BRN,127,2015,59266427.49,0.488,-2.259
BRN,125,2015,6312514.09,0.16,0.912
BRN,163,2015,13483947.16,0.712,0.993
BRN,85,2015,5330519.26,0.806,0.685
BRN,439,2015,37038856.71,0.238,0.007
BRN,256,2015,8319671.39,3.559,-0.3
BRN,456,2015,1013807445.21,0.397,0.552
BRN,480,2015,751323168.26,0.786,-0.824
BRN,366,2015,15160086.26,0.361,0.547
BRN,287,2015,16786925.09,0.325,-0.019
BRN,358,2015,4849379.28,1.65,0.026
BRN,82,2015,23005202.25,1.162,-0.783
BRN,230,2015,880784799.61,0.764,0.142
BRN,472,2015,3207772.41,0.515,-1.237
BRN,405,2015,2710971.16,0.981,-0.108
BRN,27,2015,17662806.47,0.81,1.469
BRN,460,2015,178000017.95,1.642,1.897
BRN,464,2015,59956263.57,0.288,0.783
BRN,368,2015,157912742.76,0.367,2.649
BRN,243,2015,1552077318.04,0.575,-0.058
BRN,74,2015,62394162.72,0.277,-0.093
BRN,434,2015,153629832.15,0.717,-0.082
BRN,304,2015,226461891.1,0.617,0.659
BRN,88,2015,3388490.72,1.031,0.448
BRN,395,2023,60273623.61,0.434,-0.67
BRN,15,2023,2063415801.72,1.044,-0.752
BRN,413,2023,4954635.61,3.871,-0.123
BRN,372,2023,49024258.27,0.975,-1.651
BRN,317,2023,8579688.26,0.303,-0.916
BRN,208,2023,17301318.46,0.651,-1.673
BRN,76,2023,78893040.67,0.142,1.995
BRN,82,2023,61867014.52,0.501,0.133
BRN,446,2023,470130.41,1.019,-1.479
BRN,256,2023,208187166.44,0.874,0.995
BRN,309,2023,3052422.98,0.387,0.619
BRN,114,2023,104549193.55,0.752,-0.85
BRN,88,2023,36259224.17,0.254,0.238
BRN,225,2023,25835953.29,1.709,-0.78
BRN,83,2023,4424237.99,0.96,0.527
BRN,77,2023,75004990.37,0.578,1.139
BRN,41,2023,22535338.82,1.395,0.37
BRN,464,2023,55345475.97,0.454,-0.766
BRN,417,2023,5216471.16,1.499,0.684
BRN,325,2023,900992.84,1.708,0.497
BRN,347,2023,371880698.89,0.642,0.694
BRN,21,2023,10685589.03,2.185,-1.696
BRN,171,2023,911519721.39,0.971,1.584
BRN,46,2023,1352251337.64,0.727,1.039
BRN,183,2023,2635104.82,2.551,-0.634
BRN,141,2023,229945276.02,0.179,-0.738
BRN,399,2023,2605778.97,0.65,-0.203
BRN,11,2023,32187793.99,2.392,1.643
BRN,402,2023,33907176.15,0.914,-0.322
BRN,280,2023,22493618.2,0.916,-1.465
BRN,9,2023,39802954.85,1.068,0.703
BRN,368,2023,6725253.72,0.796,0.243
BRN,358,2023,22878143.85,0.199,-0.14
BRN,365,2023,69087384.79,2.312,-0.844
BRN,67,2023,67917898.67,0.282,1.302
BRN,65,2023,13626502.4,0.565,1.241
BRN,229,2023,39469447.59,0.046,-0.203
BRN,427,2023,373787789.56,0.378,-0.405
BRN,203,2023,454959997.86,0.884,0.028
BRN,324,2023,203868714.0,4.947,-1.218
BRN,211,2023,229552029.91,2.39,-0.118
BRN,27,2023,14909843.09,2.075,0.431
BRN,274,2023,145799716.11,0.883,-1.524
BRN,98,2023,55992185.79,0.423,0.692
BRN,13,2023,12730019.91,0.999,-1.472
BRN,388,2023,131029315.87,2.108,0.763
BRN,19,2023,11337614.16,0.887,0.893
BRN,153,2023,69825266.82,0.76,-0.706
BRN,70,2023,189280709.76,2.192,1.54
BRN,389,2023,78973398.82,0.272,0.08
BRN,178,2023,54046911.2,1.58,-0.232
BRN,241,2023,315563473.84,6.129,0.595
BRN,313,2023,623804615.25,1.037,-0.883
BRN,272,2023,12050855.81,0.217,1.497
BRN,337,2023,409001782.72,0.325,-1.249
BRN,299,2023,33232495.97,3.365,-0.976
BRN,243,2023,15300805.38,7.457,-0.834
BRN,139,2023,34403292.39,0.157,-0.085
BRN,323,2023,324135923.33,1.309,0.442
BRN,447,2023,229332342.06,0.712,0.296
KHM,463,1995,235967296.19,0.45,-0.212
KHM,433,1995,41661556.6,0.765,-1.399
KHM,141,1995,65039320.68,3.012,-0.261
KHM,206,1995,20881100.16,2.038,-0.983
KHM,250,1995,37738653.3,2.342,0.431
KHM,307,1995,1281472254.18,1.146,-1.792
KHM,18,1995,30219325.21,0.544,-0.514
KHM,73,1995,21824791.8,2.854,1.199
KHM,373,1995,138993914.37,0.193,1.65
KHM,291,1995,5409555.71,2.919,0.942
KHM,294,1995,739814998.01,0.701,0.775
KHM,487,1995,2462341.14,1.479,1.16
KHM,390,1995,20093104.31,3.019,-0.628
KHM,175,1995,2021142844.73,0.704,-0.083
KHM,7,1995,72036026.11,1.515,0.758
KHM,457,1995,4276377.16,0.83,-0.118
KHM,272,1995,42813736.34,0.52,0.277
KHM,392,1995,23174529.96,0.268,-0.03
KHM,170,1995,6275321.93,0.229,-0.863
KHM,334,1995,12324077.8,2.325,1.772
KHM,465,1995,389674813.87,1.316,-0.916
KHM,360,1995,11125294.02,0.44,-1.431
KHM,269,1995,1913741.33,3.272,-1.237
KHM,65,1995,5402160.41,0.692,0.203
KHM,31,1995,4104087.59,1.611,-1.122
KHM,139,1995,300856968.5,0.942,2.388
KHM,353,1995,35363129.81,0.116,0.714
KHM,79,1995,57184021.03,1.564,1.07
KHM,76,1995,119959096.8,1.188,0.197
KHM,34,1995,16269168.02,0.738,0.543
KHM,349,1995,4534238.58,0.743,-1.293
KHM,379,1995,26332923.22,1.886,-0.105
KHM,297,1995,521867309.6,0.367,0.333
KHM,397,1995,147589891.15,0.833,-0.112
KHM,5,1995,20772535.24,0.777,0.041
KHM,98,1995,32620452.43,0.741,-0.268
KHM,356,1995,14711371.33,0.317,-0.073
KHM,208,1995,10164676.52,0.983,-0.973
KHM,58,1995,536975.97,0.126,0.785
KHM,276,1995,2217788.31,1.486,1.972
KHM,298,1995,3749018.09,0.392,-1.047
KHM,174,1995,4922538.51,2.02,0.622
KHM,386,1995,300205909.48,1.175,0.933
KHM,230,1995,1073453574.04,0.608,0.933
KHM,128,1995,42193712.24,0.65,0.42
KHM,187,1995,13887323.99,0.218,-0.056
KHM,77,1995,10635484.98,0.517,0.093
KHM,452,1995,139378373.92,1.805,1.767
KHM,91,1995,476614040.09,1.012,-0.144
KHM,285,1995,14674255.95,0.395,-0.833
KHM,105,1995,17234802.93,0.945,-0.102
KHM,281,1995,112830094.46,0.032,-0.013
KHM,192,1995,5551298.06,9.113,0.906
KHM,102,1995,24028880.5,0.866,-0.78
KHM,370,1995,18299513.5,3.241,-2.247
KHM,239,1995,125322062.34,0.442,-0.866
KHM,129,1995,343241173.48,3.149,-0.859
KHM,199,1995,2519781.19,0.345,-0.205
KHM,68,1995,39787798.34,2.58,0.315
KHM,260,1995,6878887.6,2.517,-0.038
KHM,286,2005,490006764.84,1.833,0.603
KHM,219,2005,187339370.19,1.629,-0.329
KHM,459,2005,33830296.73,0.56,0.798
KHM,201,2005,21482562.04,0.928,0.257
KHM,15,2005,22255149.92,0.323,1.851
KHM,354,2005,416985.41,0.998,-0.135
KHM,487,2005,150652798.78,0.739,-0.989
KHM,178,2005,9739576.33,1.201,-1.385
KHM,52,2005,316308442.15,1.616,0.181
KHM,208,2005,2673278807.43,0.194,-0.084
KHM,404,2005,36223622.35,0.948,-0.076
KHM,284,2005,1660357191.56,0.802,-0.215
KHM,97,2005,164473065.64,0.498,0.483
KHM,408,2005,23346079.42,0.391,-0.121
KHM,101,2005,38448840.19,0.179,0.072
KHM,169,2005,20086597.87,0.709,-0.23
KHM,166,2005,19884734.62,0.296,1.734
KHM,392,2005,326259311.54,0.284,1.387
KHM,36,2005,12672463.45,4.123,0.488
KHM,249,2005,38361713.91,0.109,-0.219
KHM,458,2005,486981495.63,1.243,-0.34
KHM,297,2005,26443133.98,0.396,-2.055
KHM,437,2005,7805826.94,0.061,-1.021
KHM,439,2005,8617086.45,0.383,0.562
KHM,192,2005,44912081.34,3.815,0.128
KHM,98,2005,315491142.29,0.131,-1.072
KHM,268,2005,18228073.99,0.895,0.15
KHM,355,2005,576313245.05,1.472,0.09
KHM,417,2005,436180856.36,0.631,0.412
KHM,242,2005,360285997.03,0.256,0.5
KHM,293,2005,333460745.22,1.669,0.768
KHM,349,2005,11358714.62,4.769,-1.141
KHM,285,2005,10834571.45,0.556,0.579
KHM,68,2005,6311116.81,0.533,1.473
KHM,218,2005,35575745.76,1.552,0.44
KHM,224,2005,24492659.51,2.606,0.738
KHM,128,2005,655533981.06,0.849,-0.155
KHM,255,2005,1176282130.37,1.148,-1.599
KHM,476,2005,2003409.21,0.596,-0.143
KHM,71,2005,2556518.0,0.456,-0.452
KHM,102,2005,308960636.0,0.891,-0.229
KHM,9,2005,41759105.1,1.859,0.881
KHM,335,2005,8851698772.19,1.098,-1.042
KHM,40,2005,637832853.23,1.362,-0.845
KHM,83,2005,111041823.33,1.671,-0.525
KHM,212,2005,296238488.96,1.086,1.393
KHM,466,2005,77159174.29,0.226,-0.016
KHM,261,2005,93871271.54,0.175,-0.339
KHM,382,2005,277743932.96,1.77,1.472
KHM,139,2005,1335569925.83,0.938,0.945
KHM,478,2005,96826217.31,1.103,-0.564
KHM,115,2005,836874.83,0.315,-0.05
KHM,352,2005,485700847.9,1.15,0.491
KHM,310,2005,24595482.52,1.166,1.915
KHM,193,2005,824634746.97,0.226,0.468
KHM,471,2005,24826471.73,2.018,0.634
KHM,175,2005,7476630.13,3.977,0.165
KHM,358,2005,121104363.26,0.703,-0.224
KHM,180,2005,47856317.1,1.211,0.151
KHM,116,2005,127225356.8,1.99,1.962
KHM,361,2015,270271664.77,14.268,-0.371
KHM,335,2015,4769611.91,0.765,-0.354
KHM,218,2015,6809652746.66,0.755,-0.087
KHM,214,2015,2081849307.34,4.395,-1.184
KHM,134,2015,101728400.48,2.605,0.638
KHM,172,2015,109150033.16,3.156,-0.503
KHM,187,2015,17235008.42,5.021,-1.099
KHM,425,2015,11835004.02,0.6,-0.347
KHM,231,2015,72142816.04,3.349,-0.786
KHM,29,2015,8091014.74,0.06,1.438
KHM,169,2015,14553782.9,0.373,1.517
KHM,403,2015,284007.45,4.165,0.279
KHM,276,2015,29915297.46,3.08,-1.055
KHM,174,2015,316495580.89,1.035,-0.376
KHM,321,2015,299629742.19,3.974,1.86
KHM,488,2015,123969270.09,1.136,-2.023
KHM,25,2015,11972974.69,0.397,-0.075
KHM,186,2015,30466460.29,0.707,0.372
KHM,333,2015,484645464.89,2.687,0.207
KHM,159,2015,1700505093.93,0.136,0.08
KHM,133,2015,12232872.42,0.648,-0.475
KHM,362,2015,792165031.94,0.427,0.183
KHM,127,2015,5475131829.89,0.941,-0.021
KHM,457,2015,26885183.4,1.088,0.569
KHM,256,2015,3427273.19,0.342,-0.146
KHM,215,2015,8895211.76,1.479,-0.463
KHM,354,2015,86192157.87,0.884,0.155
KHM,67,2015,805619150.54,12.238,-1.063
KHM,55,2015,178765299.71,1.48,1.051
KHM,199,2015,176331179.34,3.116,-0.193
KHM,336,2015,834300.55,0.908,1.657
KHM,224,2015,60319889.34,1.627,-0.225
KHM,180,2015,68787081.68,3.508,-1.32
KHM,417,2015,227385022.04,2.157,1.553
KHM,233,2015,44823643.64,3.45,-0.968
KHM,39,2015,138940943.82,0.752,0.782
KHM,452,2015,46913675.71,0.271,-0.831
KHM,21,2015,1680952.4,14.617,1.444
KHM,219,2015,25674822.86,1.551,-0.71
KHM,128,2015,32155547.53,2.365,0.793
KHM,254,2015,7615026.68,1.566,-0.655
KHM,168,2015,56906030.1,0.584,0.93
KHM,194,2015,89452973.43,0.8,0.383
KHM,53,2015,76823978.92,1.063,-0.192
KHM,464,2015,39771803.72,0.666,-0.234
KHM,46,2015,50935787.3,2.704,0.118
KHM,330,2015,73356254.79,0.518,0.236
KHM,162,2015,46387855.56,0.191,0.445
KHM,391,2015,66992759.33,0.743,2.285
KHM,163,2015,592336150.65,0.372,0.7
KHM,229,2015,9764678.46,5.5,1.057
KHM,459,2015,347517589.52,2.202,-1.513
KHM,287,2015,21869489.13,1.452,0.929
KHM,94,2015,1118743.97,0.671,0.279
KHM,270,2015,889404.74,0.86,-0.251
KHM,175,2015,529668569.85,0.257,0.398
KHM,306,2015,10366591.59,0.309,-0.493
KHM,476,2015,161189104.34,1.115,0.245
KHM,365,2015,1145789379.69,0.645,1.143
KHM,166,2015,2272184.91,0.336,0.823
KHM,172,2023,75030251.43,1.075,-0.952
KHM,456,2023,82110945.24,1.861,-1.243
KHM,62,2023,20210211.04,0.745,-0.444
KHM,171,2023,55314043.76,0.908,-1.062
KHM,392,2023,8615001.37,1.747,-1.394
KHM,356,2023,32295205.69,0.344,-0.033
KHM,294,2023,2148158.09,2.254,0.191
KHM,237,2023,423280.15,0.549,-1.366
KHM,208,2023,57973330.9,1.756,1.443
KHM,241,2023,166419147.79,1.205,0.093
KHM,92,2023,25343552.05,1.392,-0.116
KHM,169,2023,100587637.77,0.269,0.136
KHM,358,2023,114230824.17,4.801,-0.924
KHM,399,2023,28186038.35,2.214,0.08
KHM,280,2023,17205158.47,5.486,-0.128
KHM,464,2023,11276706.21,1.247,-0.145
KHM,90,2023,779900175.02,0.332,-0.209
KHM,193,2023,181503064.93,0.399,1.137
KHM,110,2023,55463782.45,3.454,0.663
KHM,364,2023,1014802603.75,2.474,-1.067
KHM,415,2023,6973237.22,0.979,-0.726
KHM,131,2023,1332856.54,4.578,-0.745
KHM,147,2023,4165773.05,9.294,0.332
KHM,261,2023,352408777.7,0.808,0.755
KHM,262,2023,184231181.57,0.172,0.506
KHM,187,2023,8900441.79,1.05,-0.542
KHM,140,2023,62366354.17,1.117,0.801
KHM,342,2023,18081076.12,0.193,-0.018
KHM,319,2023,88032231.23,0.155,-1.124
KHM,96,2023,29464756.07,3.664,2.024
KHM,60,2023,54732124.89,0.987,0.853
KHM,281,2023,110953851.12,0.108,0.201
KHM,484,2023,147708345.38,2.379,-0.59
KHM,303,2023,84662313.25,1.149,0.087
KHM,300,2023,19702861.15,0.431,-2.323
KHM,462,2023,107552733.13,0.336,-1.133
KHM,215,2023,162912670.69,0.534,0.264
KHM,225,2023,352611589.1,1.851,0.56
KHM,269,2023,19147876.6,0.686,-2.087
KHM,323,2023,10070628.03,0.902,0.626
KHM,174,2023,45198806.15,2.319,0.732
KHM,31,2023,58513437.14,0.553,-0.431
KHM,451,2023,5394699.15,8.571,-0.736
KHM,64,2023,18079867.42,0.343,1.517
KHM,102,2023,138348917.21,1.872,-0.431
KHM,46,2023,212334292.8,0.394,0.252
KHM,252,2023,120215817.98,0.441,-0.084
KHM,266,2023,33166125.18,1.072,-1.849
KHM,120,2023,13493912.07,3.376,0.671
KHM,12,2023,5521636.69,0.53,-1.146
KHM,255,2023,37199006.45,0.675,-0.035
KHM,311,2023,148813830.09,0.507,-0.032
KHM,177,2023,18095448.41,0.704,1.323
KHM,206,2023,39675613.4,1.381,-0.284
KHM,446,2023,24083492.19,0.324,0.762
KHM,78,2023,22350091.03,0.531,-0.849
KHM,24,2023,19041163.93,0.558,0.038
KHM,416,2023,55964683.84,1.16,0.778
KHM,426,2023,482177156.12,3.361,2.703
KHM,413,2023,312651935.4,0.285,-0.198
IDN,349,1995,480428143.7,1.285,0.568
IDN,220,1995,17132816.87,0.531,-0.777
IDN,261,1995,16919233.63,0.372,-0.714
IDN,212,1995,22822179.91,0.252,-1.354
IDN,150,1995,48523232.53,0.612,0.06
IDN,79,1995,15667757.12,1.742,0.913
IDN,354,1995,73200208.74,3.522,-0.114
IDN,255,1995,108630548.3,0.215,-0.172
IDN,341,1995,203254670.06,4.628,-0.967
IDN,301,1995,39146091.22,1.359,0.006
IDN,172,1995,165286766.18,0.506,0.696
IDN,145,1995,139167514.07,0.328,0.528
IDN,218,1995,402274.05,1.613,1.457
IDN,60,1995,148224812.06,0.426,-0.919
IDN,138,1995,176318857.66,0.214,1.485
IDN,71,1995,39905227.8,0.274,-0.209
IDN,350,1995,28434800.39,0.126,-0.285
IDN,411,1995,213757397.28,0.184,2.724
IDN,353,1995,6924104.35,2.413,0.696
IDN,269,1995,337071073.0,1.074,-0.029
IDN,316,1995,9762634.89,0.626,0.037
IDN,367,1995,344635830.89,0.404,2.561
IDN,347,1995,16822998.65,17.824,1.705
IDN,319,1995,41730727.27,0.311,0.412
IDN,477,1995,74164034.99,1.67,-0.646
IDN,482,1995,949979.78,0.154,-0.824
IDN,483,1995,25906855.1,0.671,-0.588
IDN,340,1995,434270407.68,0.667,-1.29
IDN,224,1995,779371095.27,2.271,0.903
IDN,380,1995,226248759.77,0.859,0.509
IDN,154,1995,7306394.74,3.488,0.295
IDN,17,1995,102595887.28,0.863,0.981
IDN,422,1995,53805595.36,3.306,-0.179
IDN,305,1995,802064629.13,0.894,-1.724
IDN,439,1995,10554583.05,0.269,2.034
IDN,207,1995,5683854.24,4.702,0.85
IDN,174,1995,30620693.14,1.124,-0.025
IDN,321,1995,3757969.66,4.731,-1.251
IDN,452,1995,17677303.94,0.271,0.294
IDN,390,1995,27676191.68,4.301,0.887
IDN,86,1995,228448322.44,0.827,1.151
IDN,158,1995,38529597.61,0.299,0.66
IDN,239,1995,27853860.01,0.354,-0.481
IDN,211,1995,99650196.5,2.71,0.74
IDN,23,1995,9932393.72,0.672,-0.684
IDN,459,1995,98904453.94,1.4,0.372
IDN,419,1995,3066479.74,0.422,0.06
IDN,46,1995,120422155.14,0.066,0.447
IDN,115,1995,2941393.01,17.245,-2.406
IDN,402,1995,143756582.61,0.216,-1.264
IDN,243,1995,308050834.98,9.675,-0.656
IDN,293,1995,4252458.57,1.956,-0.55
IDN,379,1995,14993724.38,0.387,-0.19
IDN,385,1995,8042297.42,1.305,-1.687
IDN,450,1995,311862971.73,0.895,1.562
IDN,188,1995,271194506.85,2.457,-1.934
IDN,73,1995,4233631.0,1.154,1.995
IDN,144,1995,34154258.58,0.624,-1.085
IDN,169,1995,7956681.81,0.385,0.721
IDN,282,1995,3404076.52,0.386,-0.263
IDN,476,2005,23787709.34,0.305,-0.833
IDN,135,2005,158325996.18,3.095,-0.144
IDN,315,2005,159845200.71,0.331,-0.325
IDN,405,2005,394515962.03,1.637,2.209
IDN,74,2005,11264535.98,0.914,-0.558
IDN,175,2005,3406315002.46,2.049,1.298
IDN,194,2005,335280523.94,2.181,-1.446
IDN,215,2005,12359911.07,1.284,1.612
IDN,70,2005,1058590189.42,1.233,2.227
IDN,134,2005,20995819.2,0.523,1.158
IDN,187,2005,9509780.12,0.507,-0.063
IDN,361,2005,541086508.96,0.746,-0.495
IDN,360,2005,33971450.46,0.157,-0.822
IDN,251,2005,502687456.52,0.722,0.41
IDN,132,2005,458030.04,2.063,0.26
IDN,484,2005,27427047.46,2.97,-0.182
IDN,333,2005,5330602.24,0.783,-0.636
IDN,91,2005,104941533.28,1.094,-1.698
IDN,348,2005,7971837.73,1.287,-0.032
IDN,270,2005,63681023.53,0.462,-0.061
IDN,245,2005,462840414.2,0.578,-0.976
IDN,267,2005,4568511.43,1.052,1.03
IDN,417,2005,22593537.04,1.544,-0.314
IDN,5,2005,15302084.74,0.524,-0.12
IDN,152,2005,1859377.77,1.073,1.719
IDN,374,2005,235298015.87,1.905,-0.266
IDN,383,2005,1898398.84,2.075,1.019
IDN,62,2005,228361420.89,0.777,-1.377
IDN,423,2005,13739892.34,2.289,-0.901
IDN,465,2005,39967908.1,0.276,-1.013
IDN,447,2005,4314481.22,3.498,1.804
IDN,410,2005,166324583.0,1.322,0.399
IDN,145,2005,1314659565.41,1.187,-0.269
IDN,300,2005,20454983.88,0.974,0.803
IDN,321,2005,57581009.86,1.105,0.994
IDN,146,2005,430738305.41,0.287,0.817
IDN,252,2005,425483343.52,1.741,0.055
IDN,88,2005,907011942.97,0.615,-1.009
IDN,373,2005,38763729.62,1.21,1.084
IDN,109,2005,136249744.99,0.221,0.43
IDN,266,2005,6529982.86,0.616,-0.215
IDN,46,2005,3144023.69,1.764,0.186
IDN,335,2005,326535745.76,1.719,1.066
IDN,133,2005,10235040848.05,1.485,2.339
IDN,425,2005,39583167.78,0.57,-1.371
IDN,121,2005,245128980.85,0.305,0.843
IDN,114,2005,3214377178.4,0.38,1.252
IDN,489,2005,50616516.32,0.142,-0.79
IDN,466,2005,2335689.03,2.692,-0.01
IDN,117,2005,231008.8,2.963,0.66
IDN,328,2005,2003562498.75,3.603,-1.652
IDN,264,2005,106202481.1,0.662,-1.935
IDN,49,2005,31342698.26,1.555,-0.527
IDN,448,2005,98806923.21,0.066,0.524
IDN,237,2005,6195316.45,0.15,1.316
IDN,60,2005,58085636.4,1.565,-1.913
IDN,157,2005,51920961.29,0.379,-0.081
IDN,482,2005,61122694.85,5.631,-0.069
IDN,27,2005,62094002.24,6.489,-0.449
IDN,78,2005,17326641.9,0.111,-0.852
IDN,452,2015,91276097.0,0.243,-0.964
IDN,432,2015,152997436.13,0.941,-0.538
IDN,190,2015,48143167.53,0.581,0.452
IDN,288,2015,81958841.92,2.408,0.645
IDN,298,2015,22411956.82,0.445,-1.101
IDN,306,2015,112823303.72,1.335,-0.579
IDN,413,2015,67265328.09,1.744,-0.797
IDN,312,2015,52632837.41,0.945,-0.398
IDN,129,2015,4890493546.0,1.926,-0.765
IDN,62,2015,5618755.39,0.817,0.928
IDN,401,2015,442950449.03,0.421,0.104
IDN,260,2015,21876013.4,0.802,0.137
IDN,327,2015,6463570.66,0.455,-0.021
IDN,177,2015,1632987.34,0.78,-0.945
IDN,376,2015,21438627.79,0.177,1.453
IDN,219,2015,104797780.59,0.524,-0.647
IDN,474,2015,8714451.28,0.46,0.064
IDN,447,2015,59175465.12,4.317,0.775
IDN,76,2015,31560227.56,0.675,0.265
IDN,350,2015,38697246.46,0.781,-0.439
IDN,184,2015,10678752.61,1.136,0.015
IDN,428,2015,3920787.72,0.23,0.626
IDN,138,2015,1723088554.54,0.733,0.345
IDN,29,2015,736255.93,5.794,-1.169
IDN,113,2015,994263462.12,0.299,0.399
IDN,170,2015,48822194.62,0.595,-1.752
IDN,193,2015,13888340.39,2.541,-1.137
IDN,242,2015,9516532.64,0.91,0.301
IDN,423,2015,2038721.12,0.155,0.932
IDN,272,2015,85786341.17,2.308,0.28
IDN,23,2015,59522645.59,1.543,-1.074
IDN,465,2015,2290290575.58,0.116,-0.429
IDN,459,2015,20633175.98,0.851,0.575
IDN,383,2015,19049107.72,0.255,0.413
IDN,166,2015,284476154.73,0.294,0.186
IDN,82,2015,101523856.26,0.49,-1.239
IDN,317,2015,40041788.28,2.271,-0.892
IDN,292,2015,437865365.89,0.677,0.512
IDN,462,2015,14476098.25,3.015,-1.925
IDN,235,2015,5675583.58,0.936,0.741
IDN,460,2015,33014511.06,0.95,-1.355
IDN,42,2015,40774770.0,0.823,1.44
IDN,307,2015,1242867854.83,0.3,0.985
IDN,463,2015,13005684.34,0.2,-1.435
IDN,270,2015,30390285.12,2.36,-0.702
IDN,342,2015,177260819.77,2.307,0.9
IDN,45,2015,924341193.34,3.316,-0.262
IDN,380,2015,27331727.44,0.298,0.598
IDN,252,2015,91999817.76,18.265,0.181
IDN,150,2015,18682278.61,1.131,-0.819
IDN,386,2015,4427553.3,0.134,0.504
IDN,273,2015,1396103.92,0.212,-0.453
IDN,238,2015,56500417.22,1.046,0.296
IDN,374,2015,63416341.5,0.906,-0.21
IDN,388,2015,129989918.76,0.599,-0.685
IDN,86,2015,38300875.95,1.711,-0.243
IDN,125,2015,34680829.52,3.035,-0.899
IDN,309,2015,25620257.36,0.711,2.001
IDN,322,2015,545165124.74,1.404,0.606
IDN,475,2015,51076673.7,0.624,0.052
IDN,358,2023,54341961.72,1.162,-0.193
IDN,472,2023,24730008.56,8.31,-2.822
IDN,304,2023,16696107.12,0.366,-0.057
IDN,438,2023,1636068.58,0.284,0.954
IDN,281,2023,50130200.43,0.544,1.24
IDN,301,2023,112953356.71,0.839,-0.341
IDN,33,2023,16533778.89,0.189,1.274
IDN,359,2023,454291981.05,1.01,-0.951
IDN,150,2023,23115289.89,4.881,-0.697
IDN,214,2023,20236866.87,1.485,0.239
IDN,417,2023,32643142.41,1.1,-0.141
IDN,431,2023,99995500.71,3.542,-0.428
IDN,90,2023,7506783.23,4.704,0.062
IDN,481,2023,741216416.43,2.237,-1.232
IDN,487,2023,34549805.41,0.553,-0.323
IDN,334,2023,151131060.89,4.065,-1.846
IDN,298,2023,17830208.93,0.317,1.258
IDN,466,2023,449379951.3,1.227,0.018
IDN,348,2023,437799441.8,3.31,1.927
IDN,19,2023,6022505.02,1.597,-1.24
IDN,35,2023,2050555797.22,8.959,0.148
IDN,340,2023,14908953.03,4.404,-0.632
IDN,221,2023,49157303.62,1.86,1.056
IDN,331,2023,13377181.46,1.014,1.411
IDN,113,2023,38892568.36,0.351,-1.223
IDN,397,2023,1147871937.2,2.773,-0.028
IDN,346,2023,33482381.28,1.574,0.691
IDN,279,2023,19893536.35,2.059,-0.466
IDN,59,2023,57346928.22,2.828,-1.563
IDN,356,2023,4801313.29,0.326,-1.005
IDN,477,2023,15428833.17,0.861,0.589
IDN,206,2023,2229300.03,1.018,-1.929
IDN,78,2023,1755014.99,0.373,1.104
IDN,450,2023,6557463.29,1.325,-0.234
IDN,399,2023,27996263.73,0.633,-1.116
IDN,242,2023,161467254.92,0.223,-1.141
IDN,157,2023,288594711.6,1.701,1.551
IDN,94,2023,50683800.97,14.775,1.513
IDN,317,2023,303616857.75,0.509,1.66
IDN,287,2023,27081973.22,0.798,-0.39
IDN,181,2023,117271694.52,6.394,1.02
IDN,339,2023,1207660532.27,1.687,-1.07
IDN,470,2023,1529465122.0,5.42,0.548
IDN,202,2023,4698188.87,0.683,0.706
IDN,398,2023,1467868.68,0.494,-0.056
IDN,329,2023,1928945576.57,1.244,-1.029
IDN,95,2023,4137113.14,0.177,0.12
IDN,267,2023,294045249.02,1.136,-1.996
IDN,227,2023,265445842.51,5.172,0.386
IDN,56,2023,397873186.65,3.481,1.459
IDN,290,2023,97922979.63,0.335,-0.625
IDN,7,2023,33604631.49,0.977,-0.578
IDN,154,2023,254092661.95,0.154,1.59
IDN,415,2023,3684684.09,2.211,0.239
IDN,219,2023,68520450.33,0.29,0.82
IDN,311,2023,1565693.96,1.063,-0.831
IDN,80,2023,57465180.41,0.629,0.242
IDN,89,2023,45391763.52,2.195,-0.299
IDN,61,2023,34026757.83,1.263,-1.112
IDN,297,2023,170658104.9,0.54,0.61
LAO,361,1995,4419261.39,4.302,-1.488
LAO,163,1995,89029080.52,1.077,0.51
LAO,249,1995,14820237.61,1.131,-1.263
LAO,95,1995,1184197577.5,0.184,1.036
LAO,464,1995,38146299.17,0.162,-0.139
LAO,414,1995,168627102.21,2.064,-0.799
LAO,315,1995,81645415.02,1.314,1.077
LAO,337,1995,171309615.3,1.624,0.715
LAO,336,1995,4396982.62,0.382,-0.701
LAO,213,1995,13992732.71,0.364,-0.646
LAO,150,1995,53832860.14,3.572,-0.334
LAO,196,1995,9027313.87,0.093,-2.429
LAO,128,1995,37615313.77,1.863,-0.859
LAO,9,1995,7761216.12,1.101,-0.041
LAO,309,1995,15233374.04,0.503,-0.286
LAO,371,1995,53380777.97,0.598,0.188
LAO,54,1995,131058206.41,1.533,-1.041
LAO,218,1995,122983548.84,0.397,-0.564
LAO,285,1995,2249754302.68,7.701,2.486
LAO,466,1995,41507669.58,0.771,0.627
LAO,399,1995,158265284.15,3.91,0.07
LAO,264,1995,64408816.73,0.746,0.023
LAO,446,1995,23501277.87,0.677,1.756
LAO,468,1995,21372129.86,1.267,0.515
LAO,260,1995,39209496.79,2.995,-0.169
LAO,172,1995,45406733.92,0.336,-0.46
LAO,138,1995,11124921.43,0.1,-0.095
LAO,48,1995,2429077081.53,0.753,-0.743
LAO,427,1995,185065268.41,0.341,-0.817
LAO,269,1995,118227980.05,3.864,-0.389
LAO,407,1995,20679968.82,2.378,0.513
LAO,238,1995,13156576.67,2.574,0.505
LAO,91,1995,451168241.16,0.18,-0.016
LAO,33,1995,463439819.6,4.391,-1.338
LAO,272,1995,142181339.56,0.214,-0.568
LAO,206,1995,26610036.86,1.761,0.67
LAO,42,1995,27009983.86,0.932,0.714
LAO,187,1995,6444086.83,0.274,-0.325
LAO,305,1995,1124961.35,1.31,-0.163
LAO,329,1995,21430140.05,0.833,-0.777
LAO,447,1995,26251436.28,0.509,0.48
LAO,129,1995,6262523.05,0.221,-1.667
LAO,276,1995,73482782.57,1.276,1.449
LAO,299,1995,756968755.62,1.773,-1.636
LAO,364,1995,17879692.99,0.564,0.158
LAO,270,1995,15026939.5,0.618,-0.328
LAO,59,1995,3408859856.45,1.562,1.428
LAO,287,1995,20359076.81,0.269,0.055
LAO,46,1995,7043599.87,2.65,-1.347
LAO,96,1995,141126975.01,3.361,-2.084
LAO,471,1995,26485355.7,0.925,0.11
LAO,115,1995,37708373.32,0.223,-0.401
LAO,454,1995,12290279.9,0.072,0.334
LAO,126,1995,437354783.7,0.444,-0.582
LAO,159,1995,305334743.56,14.185,-0.18
LAO,293,1995,25853575.37,0.314,-0.138
LAO,408,1995,1817871.59,0.664,1.879
LAO,231,1995,114269353.67,0.824,-0.037
LAO,49,1995,79206185.75,0.684,0.319
LAO,120,1995,530784448.93,0.826,-0.012
LAO,350,2005,129393792.48,2.772,0.442
LAO,435,2005,6725561.11,0.308,0.869
LAO,380,2005,112469792.27,0.294,1.014
LAO,5,2005,116351493.35,0.122,-1.266
LAO,91,2005,1159407566.75,0.439,1.288
LAO,224,2005,575935724.47,0.431,-0.581
LAO,309,2005,46285680.74,0.299,0.102
LAO,354,2005,77590417.82,0.296,0.897
LAO,66,2005,80176793.22,1.79,-0.507
LAO,469,2005,128169396.77,1.186,0.112
LAO,189,2005,206379222.37,0.398,0.041
LAO,113,2005,7834768.86,0.459,2.628
LAO,86,2005,22927675.59,1.419,0.64
LAO,480,2005,11822123.7,0.493,-0.375
LAO,374,2005,25346758.85,0.606,0.407
LAO,292,2005,27560258.9,0.541,-0.848
LAO,121,2005,74816631.0,0.092,1.41
LAO,428,2005,177482217.29,0.884,0.111
LAO,489,2005,24333891.21,0.43,0.706
LAO,388,2005,52958843.1,0.641,-0.904
LAO,365,2005,17728866.73,0.648,-0.792
LAO,152,2005,85705164.38,1.701,-0.1
LAO,77,2005,137954290.66,0.731,0.592
LAO,194,2005,30306161.97,1.32,-0.108
LAO,102,2005,18536302.57,0.306,0.025
LAO,47,2005,4211228.65,0.62,0.912
LAO,175,2005,73550897.4,0.162,0.157
LAO,203,2005,21449982.66,0.483,0.741
LAO,267,2005,38698848.41,1.454,0.363
LAO,423,2005,9549126.89,4.274,-0.304
LAO,401,2005,290526.95,1.652,1.794
LAO,376,2005,8344719.18,0.178,-1.453
LAO,98,2005,4150198.15,0.603,-0.264
LAO,248,2005,16544626.59,0.036,1.152
LAO,490,2005,622902802.88,0.151,0.748
LAO,384,2005,778973336.71,0.152,-0.053
LAO,43,2005,1645912924.53,0.947,0.208
LAO,325,2005,193800028.33,0.519,-0.871
LAO,427,2005,3413450991.59,0.521,1.799
LAO,379,2005,325328771.09,3.121,0.645
LAO,65,2005,93652600.16,0.15,0.971
LAO,39,2005,19279636.26,1.002,-1.836
LAO,385,2005,28037181.37,1.459,0.201
LAO,25,2005,13537814.1,0.331,0.199
LAO,405,2005,47346169.14,0.368,1.202
LAO,299,2005,190574472.76,0.177,-0.407
LAO,243,2005,6295776.01,1.236,-0.285
LAO,184,2005,13936277.95,2.287,0.546
LAO,312,2005,366574515.05,0.261,-0.731
LAO,19,2005,75799965.97,0.444,0.894
LAO,52,2005,57759989.82,1.009,-0.171
LAO,107,2005,294427628.55,1.398,1.046
LAO,371,2005,694897745.78,1.181,-0.437
LAO,144,2005,33284112.18,3.689,-1.806
LAO,305,2005,935895846.56,0.772,0.058
LAO,238,2005,8682026.22,0.526,1.736
LAO,138,2005,4696118.01,0.779,1.713
LAO,347,2005,57489137.87,0.445,0.668
LAO,319,2005,28119628.3,1.234,-0.582
LAO,290,2005,15395408.49,4.349,-0.526
LAO,429,2015,69732239.58,2.008,0.933
LAO,453,2015,21569388.01,1.561,-1.029
LAO,378,2015,22139904.55,0.33,-2.254
LAO,238,2015,54609115.63,2.871,0.975
LAO,164,2015,9172892.39,0.548,-2.244
LAO,284,2015,43858168.83,1.072,-0.353
LAO,215,2015,3252437.46,2.33,0.403
LAO,478,2015,13658430.71,1.417,-0.755
LAO,12,2015,66062475.63,0.19,0.028
LAO,34,2015,32944834.45,2.563,0.864
LAO,383,2015,37771212.66,0.805,0.36
LAO,462,2015,14954971.78,1.226,1.374
LAO,448,2015,75746441.11,0.339,0.457
LAO,452,2015,13418983.89,0.865,0.034
LAO,325,2015,283597538.03,6.095,2.696
LAO,62,2015,17795108.55,0.902,-2.911
LAO,313,2015,15451630.81,2.229,1.777
LAO,36,2015,53413283.35,0.546,0.705
LAO,73,2015,2644109.66,0.529,0.79
LAO,86,2015,50220897.76,4.768,2.311
LAO,22,2015,841299671.51,1.106,0.71
LAO,37,2015,20811456.18,2.048,0.493
LAO,367,2015,495385213.13,0.486,-0.708
LAO,60,2015,4519133.44,7.012,2.281
LAO,261,2015,954825724.04,2.214,0.273
LAO,77,2015,46023074.28,2.552,-0.202
LAO,474,2015,481147.23,1.313,1.367
LAO,169,2015,36152561.03,0.134,0.101
LAO,231,2015,2172644.05,0.683,0.818
LAO,146,2015,153367259.17,0.262,-1.083
LAO,108,2015,27651879.48,1.308,-0.381
LAO,151,2015,291029689.2,2.383,1.717
LAO,30,2015,120075195.26,1.263,0.521
LAO,423,2015,2365137.26,1.118,-0.731
LAO,122,2015,159110576.19,1.693,-0.601
LAO,40,2015,41210871.98,1.465,0.032
LAO,337,2015,886997105.38,4.944,0.078
LAO,347,2015,114372109.41,0.6,0.058
LAO,218,2015,164651231.39,1.459,-0.232
LAO,244,2015,180154129.23,1.215,-0.149
LAO,382,2015,129491337.65,0.556,0.656
LAO,176,2015,1604550.92,0.84,0.159
LAO,181,2015,42448667.8,0.659,0.691
LAO,68,2015,41196534.81,1.54,0.27
LAO,76,2015,3267213.91,2.77,-0.717
LAO,327,2015,116848970.09,1.163,1.43
LAO,243,2015,433093207.77,1.579,1.488
LAO,47,2015,79594779.13,0.237,0.427
LAO,134,2015,39922345.92,1.042,0.658
LAO,144,2015,164204628.32,0.318,-0.968
LAO,48,2015,46085575.92,1.056,0.171
LAO,65,2015,31788693.18,0.062,-2.515
LAO,140,2015,57174438.16,0.89,-0.805
LAO,352,2015,2055334101.83,0.237,-0.508
LAO,233,2015,176790189.76,1.487,1.462
LAO,358,2015,59890749.64,1.026,-0.949
LAO,263,2015,47218226.16,1.17,0.095
LAO,490,2015,18775416.68,0.716,-0.566
LAO,80,2015,98294984.45,2.013,0.049
LAO,331,2015,25555911.4,1.989,-0.065
LAO,331,2023,22259794.04,1.125,0.521
LAO,52,2023,191370067.88,0.527,1.051
LAO,254,2023,61886371.54,7.144,0.491
LAO,480,2023,44972450.97,0.211,-2.272
LAO,384,2023,1528767894.41,0.638,-0.653
LAO,435,2023,51108958.6,2.659,0.093
LAO,3,2023,11926774.06,5.076,0.224
LAO,322,2023,17883165.19,3.094,2.575
LAO,164,2023,27046611.83,1.417,-0.403
LAO,488,2023,28871544.88,1.869,-0.919
LAO,399,2023,28464528.34,0.988,-1.457
LAO,215,2023,512144309.55,0.552,0.641
LAO,18,2023,98845816.82,1.0,-0.458
LAO,454,2023,248394507.71,1.18,0.657
LAO,382,2023,191491013.27,0.917,0.098
LAO,123,2023,61857918.75,0.644,-1.741
LAO,349,2023,8216802.13,0.747,-0.456
LAO,88,2023,136447616.88,1.267,0.17
LAO,47,2023,1381532802.6,3.346,1.699
LAO,281,2023,337081677.57,1.171,-1.998
LAO,490,2023,4038111.97,1.071,-1.148
LAO,398,2023,23262451.71,7.756,-0.006
LAO,361,2023,27058207.61,0.07,0.716
LAO,425,2023,114648389.1,1.257,-1.232
LAO,178,2023,4789697.98,0.642,-0.055
LAO,227,2023,4790814.56,2.148,0.13
LAO,208,2023,37930306.98,4.648,0.063
LAO,182,2023,302606476.33,6.337,-1.452
LAO,92,2023,7348058.03,0.988,2.527
LAO,365,2023,133621625.24,0.323,-2.284
LAO,268,2023,69353683.22,1.044,-0.054
LAO,192,2023,20150678.54,2.877,0.044
LAO,193,2023,95959595.31,0.712,0.525
LAO,24,2023,118159087.77,0.975,-1.251
LAO,13,2023,263752144.14,8.452,0.029
LAO,35,2023,3239570.61,0.967,0.691
LAO,474,2023,40499907.27,1.067,-1.719
LAO,181,2023,61695671.23,8.647,-0.113
LAO,43,2023,34083837.23,0.961,0.337
LAO,157,2023,593080704.62,5.914,-1.79
LAO,368,2023,138270900.93,4.299,-1.647
LAO,391,2023,9353666.7,1.023,-0.829
LAO,270,2023,157891385.88,0.569,1.333
LAO,180,2023,33298674.8,0.702,-0.484
LAO,9,2023,4633195.11,0.606,1.109
LAO,54,2023,488280755.51,0.555,0.255
LAO,319,2023,296783032.23,9.086,-1.482
LAO,258,2023,48803819.7,0.794,-0.083
LAO,102,2023,225305750.86,0.608,1.238
LAO,339,2023,142617287.83,0.208,0.984
LAO,266,2023,29613907.44,0.524,-0.391
LAO,272,2023,2563839.79,4.807,-0.464
LAO,60,2023,62814264.24,0.521,-0.477
LAO,147,2023,20876035.73,1.17,1.771
LAO,168,2023,6294360.07,0.653,-0.778
LAO,36,2023,7598566.68,0.345,0.126
LAO,122,2023,82961144.56,1.239,0.741
LAO,12,2023,109263256.76,2.114,-0.294
LAO,201,2023,282408844.33,0.703,1.055
LAO,5,2023,20983946860.15,1.633,0.12
MYS,178,1995,185413357.88,0.443,-0.971
MYS,202,1995,93951050.48,0.974,-1.087
MYS,10,1995,14556510.55,0.328,1.298
MYS,53,1995,30194944.65,1.57,-0.735
MYS,243,1995,6715094.42,1.296,-0.185
MYS,274,1995,3784410.64,2.656,-0.542
MYS,205,1995,15036391.32,0.471,0.517
MYS,61,1995,23147472.66,6.25,-0.919
MYS,151,1995,33547475.65,0.52,-1.112
MYS,297,1995,42572662.61,0.305,-0.239
MYS,456,1995,160648490.21,0.811,-0.462
MYS,336,1995,4357750.38,0.453,-0.7
MYS,19,1995,73347752.86,0.493,0.025
MYS,293,1995,122590729.62,2.116,-1.019
MYS,371,1995,19811362.85,1.417,-0.401
MYS,260,1995,11973526.8,0.64,1.307
MYS,64,1995,20892025.87,0.316,-0.71
MYS,484,1995,56540942.55,1.949,-0.252
MYS,372,1995,1043409.83,0.653,1.238
MYS,408,1995,42609898.71,1.644,0.392
MYS,199,1995,95150179.9,0.823,0.906
MYS,399,1995,235581204.97,0.398,1.685
MYS,318,1995,395360766.74,2.904,1.345
MYS,113,1995,83370042.1,0.298,-0.937
MYS,168,1995,19423061.75,1.202,-0.466
MYS,101,1995,31476034.16,2.533,-0.711
MYS,403,1995,36126833.19,0.713,-0.414
MYS,285,1995,294084936.18,0.643,0.618
MYS,284,1995,206794201.76,0.888,-0.194
MYS,272,1995,208384970.6,1.581,-1.402
MYS,434,1995,131873753.77,0.912,-1.1
MYS,340,1995,6859804.83,1.132,0.067
MYS,97,1995,3185495.8,3.911,-0.831
MYS,68,1995,3663788946.0,0.472,0.413
MYS,325,1995,14019687.11,0.988,-0.558
MYS,105,1995,335072211.63,2.25,0.661
MYS,34,1995,6461265.57,0.626,0.445
MYS,300,1995,18141234.97,0.708,0.447
MYS,276,1995,14932971.3,1.998,-0.714
MYS,35,1995,3912499.07,1.098,-0.401
MYS,108,1995,77647286.02,0.27,0.069
MYS,355,1995,111947460.12,0.963,0.19
MYS,270,1995,5731800554.65,1.415,-0.423
MYS,31,1995,828351.98,0.333,0.04
MYS,328,1995,24574309.51,7.127,1.08
MYS,249,1995,121077550.92,0.279,-0.7
MYS,242,1995,658150384.66,0.401,-0.05
MYS,90,1995,19547081.11,2.651,-0.482
MYS,373,1995,110339398.96,0.584,-0.086
MYS,444,1995,11746924.7,1.38,1.052
MYS,79,1995,43997451.24,3.283,0.151
MYS,166,1995,115151336.38,1.84,0.201
MYS,429,1995,44917923.04,1.426,-2.331
MYS,407,1995,31137655.65,1.627,2.614
MYS,309,1995,14776026.44,0.293,-1.016
MYS,233,1995,83318570.16,0.368,2.74
MYS,383,1995,407610589.75,0.979,1.134
MYS,376,1995,91156467.3,1.369,0.446
MYS,131,1995,31389186.03,3.621,-0.48
MYS,48,1995,6707177.96,0.897,-0.869
MYS,427,2005,278909693.93,5.748,0.017
MYS,303,2005,642435759.64,0.202,-0.513
MYS,196,2005,36821677.93,0.46,0.771
MYS,438,2005,75198594.95,1.309,0.654
MYS,270,2005,111006585.72,2.807,0.636
MYS,305,2005,43455476.86,1.442,-0.187
MYS,212,2005,25890289.72,0.648,1.719
MYS,13,2005,14493736.55,0.161,1.931
MYS,126,2005,3893624.0,0.588,1.012
MYS,156,2005,50623421.33,0.344,1.724
MYS,257,2005,4369977.67,0.688,0.098
MYS,101,2005,64422726.07,0.748,-0.382
MYS,178,2005,8229004.2,1.091,-1.732
MYS,239,2005,43049854.82,0.809,-0.963
MYS,47,2005,74957798.11,0.265,-0.281
MYS,28,2005,508640180.51,3.769,1.464
MYS,146,2005,3344933.34,9.168,0.134
MYS,342,2005,521884447.11,1.808,-1.893
MYS,470,2005,176015685.32,0.247,2.839
MYS,454,2005,243142453.93,0.561,-1.466
MYS,322,2005,1759916245.72,0.366,-0.011
MYS,325,2005,120145490.53,0.461,-1.389
MYS,238,2005,10807190.68,4.848,0.193
MYS,66,2005,322986579.32,0.395,1.572
MYS,205,2005,434119497.52,0.382,1.115
MYS,88,2005,21842112.46,0.625,0.698
MYS,21,2005,1862549729.4,0.37,1.064
MYS,255,2005,136269386.76,0.561,-0.289
MYS,98,2005,25174914.53,0.45,0.31
MYS,39,2005,2614644067.03,11.458,-1.778
MYS,181,2005,32453949.8,0.447,-1.236
MYS,374,2005,6960424.05,2.979,-1.103
MYS,404,2005,85195257.9,0.399,0.134
MYS,445,2005,95783551.7,1.598,-1.284
MYS,70,2005,1584796.7,0.315,1.263
MYS,343,2005,102087576.71,1.275,0.608
MYS,53,2005,41681132.12,1.457,1.747
MYS,41,2005,66164077.07,0.9,0.412
MYS,85,2005,54344854.12,0.429,0.036
MYS,481,2005,22378509.5,0.713,-0.336
MYS,54,2005,6303686.4,0.271,-2.823
MYS,183,2005,182203426.77,0.892,2.131
MYS,337,2005,2500092.4,0.791,0.632
MYS,267,2005,380629883.51,0.963,-0.837
MYS,482,2005,17905279.24,2.652,1.189
MYS,89,2005,40236733.65,0.951,1.015
MYS,354,2005,308753388.28,1.466,-0.267
MYS,317,2005,31224385.06,1.474,0.714
MYS,319,2005,2057765184.33,0.506,-1.336
MYS,131,2005,1041884626.97,0.612,0.144
MYS,440,2005,22465429.85,0.475,-0.507
MYS,42,2005,831455691.74,0.25,1.132
MYS,244,2005,20403397.47,0.588,-1.904
MYS,348,2005,27936402.19,3.318,-0.163
MYS,288,2005,262545100.61,0.773,2.132
MYS,218,2005,2012411.83,0.665,-1.006
MYS,140,2005,278281942.32,1.496,0.378
MYS,206,2005,7855924.83,0.701,0.492
MYS,395,2005,28047829.02,0.838,0.47
MYS,300,2005,6487239.87,0.912,0.853
MYS,256,2015,114948952.16,0.452,-0.484
MYS,454,2015,32567310.3,0.783,0.358
MYS,354,2015,280189364.37,0.369,0.482
MYS,402,2015,14366912.85,3.528,1.879
MYS,343,2015,501065396.92,0.538,0.403
MYS,337,2015,44197209.56,2.932,-1.438
MYS,284,2015,84639014.38,1.881,0.726
MYS,211,2015,272911247.67,0.341,0.502
MYS,107,2015,177232676.06,2.565,-0.823
MYS,98,2015,25907978.62,0.713,1.347
MYS,373,2015,1433343.94,0.911,0.4
MYS,232,2015,51951495.4,1.169,-1.926
MYS,59,2015,5031758.72,2.928,0.978
MYS,91,2015,49177919.07,1.332,0.085
MYS,117,2015,631836579.3,2.438,-0.628
MYS,12,2015,5627704.01,1.481,0.435
MYS,15,2015,10283840.12,1.56,1.16
MYS,83,2015,13811216.47,0.412,-0.888
MYS,398,2015,71583710.05,0.487,-1.498
MYS,426,2015,4989670.55,0.441,0.475
MYS,372,2015,52182842.82,0.707,2.485
MYS,456,2015,12624950.29,4.245,-0.183
MYS,202,2015,27720356.09,2.099,-0.099
MYS,188,2015,164208076.86,0.162,-0.178
MYS,489,2015,17298093.59,1.646,0.127
MYS,257,2015,1364196959.46,0.905,-0.256
MYS,180,2015,198750247.19,1.896,0.426
MYS,137,2015,558591824.03,0.236,-0.609
MYS,339,2015,1693381464.61,1.069,1.008
MYS,84,2015,20860791.92,0.891,-0.452
MYS,208,2015,101903640.53,1.397,0.46
MYS,349,2015,38951476.81,0.193,-1.16
MYS,364,2015,40969561.64,1.041,0.892
MYS,441,2015,12247137.69,0.943,0.387
MYS,192,2015,14074518.03,1.675,0.355
MYS,5,2015,17571812.1,0.328,0.586
MYS,27,2015,92118402.51,0.473,-1.546
MYS,187,2015,302640974.84,0.252,-1.796
MYS,79,2015,1976012328.36,5.507,1.52
MYS,465,2015,6288166.11,0.978,-2.349
MYS,301,2015,127280274.66,1.904,-1.087
MYS,366,2015,11526919.06,0.302,0.13
MYS,47,2015,383778815.13,0.922,0.616
MYS,248,2015,99933663.32,2.887,0.421
MYS,73,2015,7289720.13,1.497,-2.24
MYS,254,2015,825070894.75,4.589,0.003
MYS,340,2015,1622191851.19,0.309,-0.025
MYS,251,2015,2126070.26,5.288,1.812
MYS,223,2015,7630737.3,2.871,0.718
MYS,377,2015,23635795.07,0.33,-0.917
MYS,403,2015,16283590.01,2.724,1.196
MYS,108,2015,5141660056.36,0.506,-0.401
MYS,182,2015,39676180.15,0.553,-0.595
MYS,468,2015,15887686.59,1.26,1.114
MYS,224,2015,2655376498.53,0.673,0.296
MYS,96,2015,22655907.49,0.227,0.323
MYS,269,2015,484449208.55,0.23,0.448
MYS,480,2015,51447815.11,0.411,0.448
MYS,236,2015,25618028.55,2.534,-0.463
MYS,460,2015,9654215.52,2.115,-1.482
MYS,273,2023,158173383.48,2.228,0.769
MYS,441,2023,36288749.39,1.874,0.513
MYS,276,2023,86843606.18,0.575,0.441
MYS,24,2023,14572912.12,0.63,-0.637
MYS,354,2023,1370818.58,0.185,-0.992
MYS,128,2023,29130562.26,0.353,0.373
MYS,58,2023,60961206.01,0.716,0.224
MYS,139,2023,42847157.56,2.332,-0.983
MYS,68,2023,4895834669.94,1.553,0.731
MYS,422,2023,13274860.77,0.511,-1.436
MYS,415,2023,459024766.45,0.93,1.36
MYS,217,2023,201173079.25,0.903,2.967
MYS,284,2023,52039730.1,2.257,-0.094
MYS,192,2023,5353159.59,1.227,0.392
MYS,236,2023,44964317.23,0.822,1.237
MYS,469,2023,97144376.81,0.476,-1.61
MYS,347,2023,975299371.75,0.451,0.011
MYS,307,2023,551559831.74,3.116,1.078
MYS,255,2023,14494675.88,3.455,2.712
MYS,229,2023,12263000.77,1.372,-0.016
MYS,474,2023,111091748.9,2.511,-0.283
MYS,239,2023,6206863.38,0.931,0.346
MYS,266,2023,221840899.48,1.465,-0.927
MYS,304,2023,152659691.82,0.901,1.798
MYS,101,2023,44732402.03,0.81,-0.122
MYS,410,2023,40083835.89,1.01,-1.795
MYS,233,2023,154200476.77,0.172,0.171
MYS,232,2023,234648170.37,0.952,-0.032
MYS,125,2023,860213584.25,0.735,-0.017
MYS,254,2023,1994425363.67,3.22,0.038
MYS,152,2023,9432870.0,0.8,0.216
MYS,452,2023,658511114.57,2.166,0.902
MYS,460,2023,81252703.19,4.789,-0.187
MYS,279,2023,1546505.47,1.262,1.143
MYS,349,2023,2514195.3,2.416,0.771
MYS,395,2023,5161049.13,0.888,-1.172
MYS,23,2023,394727216.61,0.557,-0.931
MYS,335,2023,1905042.94,0.101,-0.861
MYS,409,2023,12591974.44,1.77,0.133
MYS,372,2023,14276328.66,3.355,-1.229
MYS,36,2023,196307345.85,0.924,-0.495
MYS,89,2023,173809410.48,1.839,0.235
MYS,145,2023,4903736696.12,0.68,-0.327
MYS,176,2023,163191126.98,1.108,1.229
MYS,484,2023,462422632.92,0.094,0.917
MYS,66,2023,234367625.42,1.144,-0.04
MYS,359,2023,4237739.26,0.08,1.068
MYS,10,2023,50186894.4,0.435,1.211
MYS,31,2023,103839602.12,0.443,0.027
MYS,426,2023,17485241.35,1.649,-0.023
MYS,203,2023,16857748.59,3.073,0.842
MYS,123,2023,140275172.24,0.525,1.603
MYS,168,2023,132811588.25,1.196,-0.578
MYS,330,2023,53817239.83,0.669,-1.853
MYS,98,2023,33334495.33,0.28,-0.087
MYS,90,2023,6718983.99,0.364,0.296
MYS,188,2023,3893659.01,0.082,0.94
MYS,471,2023,37752254.9,2.088,0.614
MYS,346,2023,898136820.59,0.554,-0.08
MYS,404,2023,140023653.12,0.182,0.471
MMR,102,1995,23907577.61,0.212,0.591
MMR,478,1995,48372555.97,3.944,-0.354
MMR,336,1995,133780387.72,0.539,1.145
MMR,452,1995,77500935.31,3.354,0.81
MMR,245,1995,261033702.85,0.515,0.106
MMR,401,1995,98800752.78,2.717,0.247
MMR,321,1995,106937813.29,2.191,-1.139
MMR,264,1995,228659313.7,0.237,0.779
MMR,66,1995,38624964.47,2.137,-0.554
MMR,31,1995,634381384.55,0.458,0.405
MMR,235,1995,10737388.59,0.357,-0.498
MMR,408,1995,37706217.55,0.16,-1.492
MMR,311,1995,33533328.44,2.296,-0.835
MMR,464,1995,27511241.97,0.823,0.574
MMR,71,1995,166308548.49,1.831,1.415
MMR,212,1995,1895028455.95,0.23,-0.272
MMR,6,1995,6829006.94,0.373,-0.643
MMR,486,1995,21805551.19,0.988,-0.454
MMR,379,1995,253722657.96,0.18,0.658
MMR,279,1995,264430194.3,0.745,0.052
MMR,196,1995,4035713.12,0.358,-0.022
MMR,376,1995,715371949.35,2.707,-0.375
MMR,232,1995,2810288.51,1.0,0.345
MMR,85,1995,26479223.43,0.899,-0.683
MMR,193,1995,6976229874.89,1.463,0.353
MMR,162,1995,97591234.74,0.205,-0.47
MMR,352,1995,899445315.33,0.377,-0.969
MMR,202,1995,25028686.49,1.121,-1.076
MMR,129,1995,68764058.23,0.381,-0.772
MMR,343,1995,80383624.67,2.15,0.886
MMR,327,1995,13578322.83,1.432,0.552
MMR,456,1995,85771773.43,5.554,-0.208
MMR,132,1995,393475300.11,3.399,1.389
MMR,360,1995,35078346.31,0.649,0.617
MMR,281,1995,43689776.68,1.112,0.346
MMR,301,1995,46513719.13,0.638,-0.461
MMR,391,1995,33096772.28,0.295,0.059
MMR,307,1995,901493.85,0.272,-1.699
MMR,254,1995,7144661.35,1.606,0.763
MMR,261,1995,21574138.84,2.672,0.417
MMR,174,1995,76859936.44,3.846,-1.446
MMR,466,1995,2311578.98,6.303,-0.278
MMR,323,1995,4131701811.39,7.315,0.253
MMR,74,1995,66220835.04,0.751,0.123
MMR,275,1995,16613519.99,1.409,-1.802
MMR,192,1995,696270270.82,2.076,-0.884
MMR,30,1995,5666058.98,0.702,0.351
MMR,25,1995,4570955.73,0.988,-0.389
MMR,218,1995,178684588.0,0.777,-0.297
MMR,288,1995,144110061.86,1.553,0.772
MMR,316,1995,3724747.0,0.93,0.163
MMR,237,1995,37899730.7,0.21,-0.846
MMR,252,1995,280180836.41,0.678,0.7
MMR,120,1995,56475132.25,2.342,-1.911
MMR,366,1995,45596400.11,2.841,-0.142
MMR,188,1995,8208433.9,1.103,-1.412
MMR,91,1995,127411082.92,1.574,1.053
MMR,61,1995,29037340.6,0.685,-0.27
MMR,382,1995,84354086.41,3.725,-1.97
MMR,471,1995,64874540.97,1.321,-2.25
MMR,321,2005,36505378.1,0.796,-1.659
MMR,158,2005,1149979879.42,1.18,0.411
MMR,189,2005,67241282.15,1.384,-0.032
MMR,486,2005,270589536.46,0.91,1.406
MMR,402,2005,5377984.35,0.505,-0.071
MMR,373,2005,37411767.4,0.102,-0.32
MMR,56,2005,152121197.86,2.461,0.322
MMR,188,2005,1305319.48,0.872,-1.414
MMR,196,2005,25480349.49,0.364,-0.896
MMR,323,2005,104075291.16,0.818,-1.049
MMR,292,2005,66683195.95,2.287,0.861
MMR,89,2005,1427697513.33,2.402,0.82
MMR,12,2005,759151891.77,4.102,1.261
MMR,427,2005,221512344.89,1.909,-1.165
MMR,72,2005,76494348.63,0.318,0.819
MMR,401,2005,17825049.29,3.089,1.12
MMR,325,2005,12640921.22,0.413,0.762
MMR,266,2005,11412411.47,0.642,1.346
MMR,64,2005,27203430.13,1.366,0.871
MMR,193,2005,132208030.95,0.941,0.293
MMR,305,2005,19549855.78,0.871,1.077
MMR,331,2005,792375151.68,1.933,0.665
MMR,217,2005,10936850.57,0.554,-0.808
MMR,86,2005,4280457972.84,0.433,-1.439
MMR,311,2005,1040762.62,0.327,0.126
MMR,462,2005,17080405.77,5.137,0.346
MMR,154,2005,1004104986.6,1.029,0.105
MMR,293,2005,178910304.24,1.95,-0.09
MMR,407,2005,4520423.61,0.294,-0.166
MMR,422,2005,205550017.66,0.078,-0.316
MMR,280,2005,39294564.17,0.547,-1.23
MMR,281,2005,777381.58,4.444,-0.095
MMR,279,2005,47961130.27,2.584,1.357
MMR,79,2005,425276229.97,0.568,0.094
MMR,76,2005,412062881.72,1.338,1.494
MMR,88,2005,71203643.74,1.06,-0.266
MMR,105,2005,84080377.73,1.003,0.465
MMR,389,2005,268240582.52,1.102,1.275
MMR,339,2005,97430173.9,4.63,0.409
MMR,205,2005,21631857.11,2.915,1.556
MMR,465,2005,20348761.08,2.14,-0.444
MMR,3,2005,6223354.92,0.444,1.1
MMR,453,2005,10809788.99,0.957,0.241
MMR,125,2005,24599684.28,0.379,1.056
MMR,34,2005,2267483.38,1.815,-1.475
MMR,145,2005,1163767.89,3.281,-0.532
MMR,24,2005,83739413.71,0.149,-0.988
MMR,372,2005,60986652.9,1.071,0.803
MMR,278,2005,12296773.61,1.742,-1.181
MMR,58,2005,9869327.97,0.229,1.975
MMR,48,2005,19240468.33,1.234,0.087
MMR,334,2005,6155514.63,4.602,0.445
MMR,352,2005,13538770.17,2.182,-0.247
MMR,404,2005,53308716.23,0.394,0.161
MMR,244,2005,11833056.86,0.165,0.785
MMR,438,2005,61419059.49,0.737,-0.113
MMR,448,2005,166907501.98,0.557,1.083
MMR,403,2005,253417319.93,0.396,0.443
MMR,131,2005,135293162.19,8.614,-1.69
MMR,83,2005,247160228.49,1.361,-0.731
MMR,105,2015,143182885.04,1.797,-0.492
MMR,34,2015,10387417.97,0.317,-1.226
MMR,25,2015,2289712.67,1.495,0.047
MMR,341,2015,27158518.87,1.698,-0.372
MMR,72,2015,5817525.93,0.814,-0.187
MMR,61,2015,89189447.19,1.315,1.019
MMR,382,2015,215554399.89,0.708,0.839
MMR,362,2015,29967431.69,1.876,0.303
MMR,29,2015,434860130.33,1.553,0.071
MMR,386,2015,57063200.59,3.553,-0.069
MMR,279,2015,15296121.46,0.308,0.609
MMR,243,2015,135427670.69,0.365,-1.431
MMR,490,2015,197386651.09,0.929,0.275
MMR,415,2015,35789853.52,3.319,-1.201
MMR,359,2015,205282334.37,0.77,-1.085
MMR,37,2015,100754832.21,1.938,-0.011
MMR,165,2015,107820370.65,1.795,0.208
MMR,367,2015,128560040.18,0.942,0.335
MMR,413,2015,37582111.64,0.173,-2.449
MMR,237,2015,462360055.53,1.554,-1.237
MMR,309,2015,774353795.23,0.654,-0.546
MMR,459,2015,108530511.65,0.147,0.293
MMR,321,2015,284625177.46,2.309,-1.096
MMR,12,2015,98856176.24,1.85,1.44
MMR,207,2015,6600587077.62,1.206,-0.607
MMR,95,2015,1699929.01,0.685,-0.186
MMR,257,2015,88935772.22,5.874,-0.45
MMR,56,2015,6190664.72,0.611,0.995
MMR,244,2015,83195883.14,0.404,-0.409
MMR,451,2015,843285.45,0.35,-1.081
MMR,323,2015,53669847.27,1.29,1.194
MMR,300,2015,719729.96,0.826,-0.063
MMR,141,2015,478800634.01,0.69,-0.22
MMR,177,2015,111100718.14,4.28,-0.048
MMR,226,2015,107540627.23,1.596,0.432
MMR,287,2015,406984431.95,0.264,-0.209
MMR,156,2015,1118626561.67,0.421,0.014
MMR,318,2015,76583109.69,0.583,0.627
MMR,282,2015,103369325.73,0.774,-0.442
MMR,489,2015,271455126.04,2.318,0.659
MMR,214,2015,413253556.41,1.48,-0.799
MMR,395,2015,59918788.54,8.742,-0.459
MMR,275,2015,345820361.43,2.701,-0.243
MMR,94,2015,11302793.88,0.21,-0.447
MMR,472,2015,18734474.87,0.371,-1.18
MMR,7,2015,34998629.84,1.384,-2.474
MMR,377,2015,38589399.72,0.469,-0.465
MMR,446,2015,4472902.52,0.555,-0.539
MMR,202,2015,64229142.65,0.352,-0.625
MMR,132,2015,7189386.8,1.5,1.022
MMR,9,2015,2040004.24,1.413,-0.946
MMR,435,2015,229656812.35,0.665,-0.229
MMR,48,2015,2301399.68,0.368,1.011
MMR,380,2015,17190897.03,0.983,-1.883
MMR,274,2015,18348042.15,0.61,0.762
MMR,101,2015,20671224.6,5.385,0.861
MMR,364,2015,93757457.65,4.164,1.661
MMR,313,2015,1253607694.51,2.942,0.633
MMR,329,2015,20150283.05,0.426,-1.14
MMR,121,2015,6362082.11,0.843,-2.685
MMR,70,2023,184752433.41,0.499,2.304
MMR,214,2023,884737088.19,0.192,-0.595
MMR,335,2023,143689135.16,0.175,0.338
MMR,409,2023,36315404.63,0.66,1.306
MMR,188,2023,160018590.59,6.545,0.339
MMR,102,2023,55990860.05,3.092,-1.409
MMR,117,2023,150980352.83,0.576,1.192
MMR,306,2023,8965051.51,2.048,-0.374
MMR,250,2023,10162803.63,0.529,0.057
MMR,402,2023,5987115.37,0.386,1.744
MMR,72,2023,177396150.7,2.706,0.179
MMR,367,2023,9184922.75,2.311,1.182
MMR,317,2023,265892013.8,1.824,1.282
MMR,58,2023,22106292.11,7.948,1.036
MMR,79,2023,3017005.16,1.731,0.351
MMR,487,2023,115240633.35,6.947,0.467
MMR,190,2023,4532977.57,3.447,-1.996
MMR,162,2023,23589733.6,0.313,-2.069
MMR,398,2023,2425703.22,0.424,-0.859
MMR,341,2023,57007752.72,1.993,-0.556
MMR,203,2023,69703831.99,0.402,0.542
MMR,328,2023,104506980.47,0.837,0.512
MMR,434,2023,1024440337.36,0.709,-0.482
MMR,19,2023,3134935226.73,2.789,-0.313
MMR,22,2023,346508313.91,0.928,-1.539
MMR,465,2023,107627728.86,0.451,-0.257
MMR,425,2023,42772040.48,1.295,-0.739
MMR,209,2023,70704026.11,2.413,-1.89
MMR,346,2023,20728312.08,2.653,-0.526
MMR,276,2023,15592649.56,5.31,0.262
MMR,217,2023,4442171.73,9.311,-0.643
MMR,459,2023,12438052.09,0.643,-1.18
MMR,49,2023,3011861.69,1.838,-0.307
MMR,318,2023,9871819.65,1.199,0.833
MMR,174,2023,224012678.7,2.059,0.774
MMR,303,2023,3101519578.38,2.974,-0.437
MMR,420,2023,2656829.62,7.875,-0.291
MMR,168,2023,7157360.73,4.108,-0.396
MMR,135,2023,299755021.94,1.341,1.358
MMR,456,2023,115493090.93,0.885,-0.649
MMR,39,2023,27940591.14,1.991,0.057
MMR,134,2023,347987614.09,0.372,-0.561
MMR,91,2023,35096294.79,0.336,-1.166
MMR,238,2023,37990093.51,5.763,1.2
MMR,154,2023,15783329.05,0.159,0.136
MMR,94,2023,5174582.99,0.484,-0.83
MMR,272,2023,48560995.66,1.878,-0.258
MMR,457,2023,6180787.54,2.163,0.61
MMR,156,2023,114540865.0,2.084,-0.804
MMR,110,2023,93087570.95,1.088,0.239
MMR,31,2023,13353790.37,1.459,-1.029
MMR,439,2023,31363435.37,0.385,-1.28
MMR,89,2023,217290877.32,0.265,-0.194
MMR,490,2023,119353993.68,1.964,-1.957
MMR,245,2023,57168734.26,0.512,-0.545
MMR,266,2023,507019790.96,1.661,-1.254
MMR,482,2023,2278135.5,0.943,-0.174
MMR,4,2023,160199372.83,0.332,1.753
MMR,230,2023,37481558.85,0.273,0.197
MMR,408,2023,125008926.59,0.216,0.424
PHL,175,1995,5290436.54,1.529,-0.011
PHL,245,1995,44529252.73,0.801,-2.141
PHL,288,1995,78065659.92,1.382,-1.845
PHL,154,1995,213626431.69,0.67,-0.516
PHL,141,1995,84951297.88,1.252,-0.648
PHL,422,1995,211006657.78,0.686,0.828
PHL,103,1995,201240553.69,2.44,0.233
PHL,205,1995,221402832.66,1.422,-0.984
PHL,324,1995,16410251.27,0.572,0.796
PHL,30,1995,35577204.74,0.577,-0.39
PHL,437,1995,69214650.58,2.556,0.23
PHL,399,1995,5347869.46,0.198,0.162
PHL,134,1995,2449194.12,2.898,-1.772
PHL,82,1995,1546140418.0,0.933,-0.652
PHL,174,1995,27664609.54,0.281,-0.213
PHL,77,1995,247865418.24,3.773,-1.113
PHL,299,1995,71310967.39,5.313,0.464
PHL,235,1995,4084438.13,0.878,0.166
PHL,329,1995,326874310.02,0.777,-0.01
PHL,250,1995,158990333.55,1.696,-1.444
PHL,160,1995,28291069.92,0.589,0.431
PHL,490,1995,30672740.12,0.748,1.106
PHL,358,1995,162534924.44,0.466,-0.182
PHL,213,1995,61956725.45,1.984,-1.623
PHL,54,1995,46168528.64,0.209,-0.291
PHL,144,1995,298220750.67,1.76,1.142
PHL,16,1995,3020921075.09,0.457,-0.966
PHL,414,1995,4872157.22,0.374,0.861
PHL,457,1995,344215254.66,2.25,-1.059
PHL,438,1995,11975138.81,0.986,0.956
PHL,177,1995,237767913.44,0.161,-0.813
PHL,388,1995,16713416.24,2.094,-0.888
PHL,251,1995,36316115.7,3.45,0.773
PHL,132,1995,67815308.52,1.488,0.244
PHL,67,1995,11598614.55,2.296,-2.741
PHL,4,1995,40364213.83,1.421,-0.0
PHL,5,1995,122647835.15,2.863,0.389
PHL,29,1995,5522675.09,0.032,2.223
PHL,19,1995,13906600.89,0.907,-0.962
PHL,464,1995,10570238.95,0.9,-0.408
PHL,432,1995,149044766.12,0.393,1.897
PHL,80,1995,167463135.66,1.246,-1.123
PHL,122,1995,133154787.07,8.482,0.697
PHL,13,1995,276593780.16,1.47,-0.195
PHL,201,1995,29261079.13,0.844,-0.69
PHL,382,1995,35446057.32,3.616,1.86
PHL,474,1995,24346205.13,5.075,0.712
PHL,244,1995,170029554.37,0.335,-0.161
PHL,120,1995,2692813.1,2.078,-0.226
PHL,131,1995,29099471.16,0.876,0.162
PHL,79,1995,1675396.98,0.354,1.565
PHL,138,1995,67853335.18,1.335,-0.713
PHL,380,1995,348771330.16,0.429,-0.448
PHL,488,1995,11694416.8,8.987,-0.159
PHL,133,1995,15460225.55,11.577,-0.025
PHL,454,1995,16294162.48,0.474,1.014
PHL,451,1995,9638925.62,0.887,-1.67
PHL,166,1995,74125622.16,0.951,-0.126
PHL,193,1995,724536.91,1.904,0.608
PHL,339,1995,110944388.4,1.032,-0.568
PHL,187,2005,1440017.15,2.611,0.018
PHL,65,2005,11861983.58,0.496,2.175
PHL,105,2005,5755730.11,1.919,0.055
PHL,126,2005,635092699.58,0.602,0.638
PHL,476,2005,62113666.84,7.918,1.838
PHL,376,2005,25677760.86,0.545,0.381
PHL,334,2005,36383922.51,4.046,0.248
PHL,264,2005,76383193.69,0.302,-1.07
PHL,42,2005,201420737.07,2.919,-0.131
PHL,356,2005,61986276.07,0.679,2.026
PHL,172,2005,127175382.53,0.45,0.121
PHL,421,2005,13060127.2,1.39,1.291
PHL,102,2005,93851439.36,0.385,-0.022
PHL,454,2005,91538127.46,2.19,-0.16
PHL,200,2005,15609329.22,0.127,0.869
PHL,43,2005,52832284.36,1.001,-0.587
PHL,101,2005,53107513.18,0.667,-1.421
PHL,275,2005,43049639.18,0.438,0.607
PHL,48,2005,103670751.59,1.57,-0.608
PHL,141,2005,18980870.35,5.629,2.045
PHL,19,2005,106933510.53,0.222,-0.682
PHL,242,2005,26196090.48,0.478,0.865
PHL,144,2005,3518839.32,0.555,0.121
PHL,380,2005,46851205.71,0.68,-1.902
PHL,79,2005,3993657.34,6.042,0.544
PHL,34,2005,3541860.91,0.714,2.071
PHL,367,2005,19684933.36,2.013,0.16
PHL,84,2005,2368664.44,5.861,0.768
PHL,405,2005,337563939.82,2.138,-1.118
PHL,312,2005,571925011.51,0.751,0.072
PHL,384,2005,16130691.51,2.132,1.638
PHL,396,2005,41207136.58,4.781,0.037
PHL,241,2005,21290569.78,4.602,-0.403
PHL,133,2005,650155006.21,0.216,1.576
PHL,91,2005,57378414.16,1.069,-0.919
PHL,194,2005,452695093.76,0.5,-0.789
PHL,423,2005,369245964.13,0.291,-0.441
PHL,145,2005,47585842.95,7.377,0.671
PHL,68,2005,25179002.28,1.367,-1.902
PHL,399,2005,30868627.06,0.279,-0.028
PHL,477,2005,1837478.53,0.572,0.177
PHL,411,2005,24215193.62,1.455,0.746
PHL,388,2005,83136908.16,0.743,-0.672
PHL,353,2005,154753689.25,1.444,1.27
PHL,474,2005,25008806.25,0.56,-0.13
PHL,5,2005,13355766.47,2.719,0.653
PHL,258,2005,101913842.94,0.425,0.328
PHL,311,2005,14765512.66,0.155,-0.167
PHL,398,2005,5103083.12,1.452,0.39
PHL,432,2005,18207780.22,1.536,1.275
PHL,56,2005,2969373.39,2.028,0.78
PHL,318,2005,21070943.39,2.121,-0.239
PHL,67,2005,30797943.12,0.603,-0.8
PHL,307,2005,3637832.68,0.339,1.105
PHL,420,2005,33037763.0,1.052,0.579
PHL,408,2005,73351975.24,5.652,-0.055
PHL,236,2005,161973945.76,2.312,-1.864
PHL,28,2005,10771141.43,0.751,-0.258
PHL,95,2005,55743242.91,2.256,-0.147
PHL,460,2005,52496416.79,0.353,0.672
PHL,10,2015,4075196704.33,2.191,-0.716
PHL,480,2015,42933796.85,0.96,0.867
PHL,139,2015,845141968.12,2.32,-0.835
PHL,468,2015,383376795.37,1.939,-0.685
PHL,119,2015,27305585.89,1.136,-0.359
PHL,440,2015,131406575.71,0.939,-0.605
PHL,154,2015,194229878.47,1.121,-0.1
PHL,428,2015,42942298.23,2.272,0.382
PHL,364,2015,23032648.29,0.548,0.228
PHL,330,2015,17696941.66,8.427,-2.033
PHL,152,2015,88064952.07,0.37,1.592
PHL,84,2015,178729988.68,4.633,1.421
PHL,175,2015,632886391.71,0.635,0.703
PHL,257,2015,35541025.52,0.601,1.808
PHL,225,2015,167530033.96,1.472,1.285
PHL,270,2015,1316737.55,3.108,0.229
PHL,3,2015,199911559.06,0.96,-0.091
PHL,227,2015,88833412.4,1.244,1.558
PHL,397,2015,22236663.84,0.624,0.869
PHL,137,2015,954672643.28,0.645,1.308
PHL,269,2015,30753073.7,1.991,1.665
PHL,221,2015,17184022.99,2.076,1.973
PHL,359,2015,383955585.12,0.557,-1.259
PHL,108,2015,5694836.39,0.254,-0.166
PHL,162,2015,54501085.49,3.404,-0.69
PHL,276,2015,92475493.16,0.078,-1.576
PHL,226,2015,9911655.11,2.506,-0.003
PHL,305,2015,785847.64,3.181,0.239
PHL,231,2015,201905972.67,1.955,1.464
PHL,422,2015,2140881.12,1.486,-0.703
PHL,252,2015,5631011.88,3.928,0.772
PHL,438,2015,297761302.83,4.641,0.771
PHL,170,2015,39307372.12,1.351,0.795
PHL,352,2015,110871020.25,1.126,-0.281
PHL,220,2015,190977473.11,1.385,-2.602
PHL,35,2015,12649301.83,0.437,-0.015
PHL,404,2015,9084848.1,1.406,0.421
PHL,37,2015,197491071.23,2.011,0.347
PHL,452,2015,199967562.73,0.043,0.204
PHL,59,2015,56797632.78,0.603,-0.279
PHL,25,2015,7289131.77,0.55,-0.422
PHL,18,2015,58109266.84,2.069,-0.65
PHL,172,2015,38715594.34,0.673,0.588
PHL,196,2015,727768.73,0.424,0.108
PHL,411,2015,104471375.85,0.82,1.184
PHL,334,2015,47820560.41,3.132,1.183
PHL,145,2015,202099996.0,1.04,0.06
PHL,97,2015,118528591.83,0.251,-0.874
PHL,183,2015,39307176.42,1.383,1.03
PHL,158,2015,146945963.45,0.338,-0.623
PHL,74,2015,168572413.87,0.592,0.36
PHL,195,2015,112130674.48,2.792,-0.868
PHL,446,2015,38405669.68,1.369,0.252
PHL,373,2015,16199262.92,1.201,1.786
PHL,230,2015,415028771.34,4.286,0.763
PHL,482,2015,83057731.58,1.334,-1.654
PHL,189,2015,105068767.28,0.394,-0.821
PHL,235,2015,7726025.59,0.431,-1.398
PHL,91,2015,10816502.45,0.117,0.638
PHL,370,2015,28608429.0,3.252,0.128
PHL,379,2023,255941677.42,0.376,0.375
PHL,133,2023,4846153.15,0.746,-0.099
PHL,60,2023,22809095.33,2.822,-1.048
PHL,43,2023,11800399.13,0.622,0.27
PHL,39,2023,1909660534.97,3.289,-1.071
PHL,227,2023,83295767.51,0.351,0.903
PHL,23,2023,3948077461.86,0.442,-0.467
PHL,174,2023,28062179.69,0.771,0.813
PHL,311,2023,55070451.6,0.458,-0.508
PHL,321,2023,182979689.98,5.326,1.369
PHL,242,2023,34334659.79,0.378,-0.108
PHL,350,2023,6754559.45,1.445,1.709
PHL,211,2023,738913038.25,1.813,-0.534
PHL,24,2023,16302922.42,0.843,0.752
PHL,164,2023,12070299.06,3.445,0.629
PHL,396,2023,98228076.86,1.124,-1.208
PHL,16,2023,236332233.02,0.714,2.209
PHL,426,2023,93535619.25,0.768,-1.033
PHL,153,2023,1334486.54,0.861,-0.798
PHL,252,2023,211249758.52,2.239,-0.5
PHL,386,2023,102165761.08,1.327,0.808
PHL,121,2023,12292438.82,1.191,-0.497
PHL,127,2023,24380428.61,3.204,1.371
PHL,483,2023,12723985.09,0.254,-0.456
PHL,125,2023,173503277.64,1.583,-1.273
PHL,95,2023,30577855.52,0.402,1.5
PHL,365,2023,6368588.04,0.295,1.318
PHL,305,2023,26576387.16,1.287,-1.162
PHL,452,2023,364597763.8,0.713,0.391
PHL,359,2023,62032605.18,2.502,-0.068
PHL,401,2023,250527673.93,6.57,0.364
PHL,427,2023,127109941.61,1.501,0.686
PHL,435,2023,4045173.13,4.125,-0.224
PHL,15,2023,7483687.53,0.105,1.673
PHL,186,2023,347169772.98,0.512,2.03
PHL,77,2023,66234150.27,1.992,-0.881
PHL,256,2023,25631225.45,0.804,0.249
PHL,420,2023,271927629.68,0.37,-0.435
PHL,207,2023,66591197.78,0.851,-0.146
PHL,59,2023,53074510.16,1.628,0.149
PHL,262,2023,134026668.03,0.293,-0.226
PHL,45,2023,44569151.66,3.355,-1.316
PHL,334,2023,25544019.83,0.601,-0.446
PHL,239,2023,213520270.05,0.208,-1.876
PHL,117,2023,12992022.6,0.42,-0.043
PHL,237,2023,19103728.32,3.158,-0.572
PHL,391,2023,22700571.37,0.367,-0.535
PHL,96,2023,312522644.94,1.119,-1.384
PHL,347,2023,111675960.47,0.135,1.864
PHL,201,2023,11903561.09,3.025,0.206
PHL,212,2023,10252569.95,2.101,0.639
PHL,292,2023,100072789.25,1.616,-0.356
PHL,235,2023,54459949.1,2.326,0.594
PHL,152,2023,6422736.14,1.96,-0.207
PHL,7,2023,587133696.94,0.779,0.341
PHL,62,2023,21700645.67,2.044,-1.117
PHL,67,2023,144925946.86,0.374,0.277
PHL,104,2023,49279422.44,1.116,0.212
PHL,384,2023,529059621.06,1.239,1.003
PHL,168,2023,29831205.09,2.175,-0.903
SGP,364,1995,17045366.14,7.486,-1.209
SGP,241,1995,9973222.57,0.752,0.238
SGP,428,1995,59446663.82,0.855,0.738
SGP,49,1995,42302042.04,1.204,-1.204
SGP,255,1995,25334074.48,0.807,0.126
SGP,397,1995,24903308.28,0.688,-0.859
SGP,252,1995,48447935.25,0.213,-0.683
SGP,267,1995,266005917.68,5.544,-0.021
SGP,425,1995,52226802.78,0.405,-2.679
SGP,70,1995,214916511.15,0.42,0.641
SGP,292,1995,3861203.71,0.133,-0.311
SGP,125,1995,308421121.27,1.214,0.346
SGP,366,1995,5402414.02,1.031,-0.804
SGP,420,1995,143784763.9,0.996,0.143
SGP,54,1995,31715985.15,0.257,-0.473
SGP,321,1995,2598388.69,0.833,0.254
SGP,119,1995,1863816.97,1.452,0.173
SGP,201,1995,137607841.72,2.442,0.642
SGP,261,1995,52617445.01,3.098,-0.377
SGP,154,1995,100029226.16,1.025,-1.847
SGP,451,1995,2332395.7,0.734,0.677
SGP,334,1995,35644471.19,0.702,0.491
SGP,214,1995,55129049.89,2.547,0.348
SGP,445,1995,470086253.65,2.085,1.535
SGP,325,1995,95278832.29,1.76,-2.571
SGP,356,1995,109508344.56,0.454,0.393
SGP,434,1995,158583453.62,0.235,0.369
SGP,181,1995,26074258.47,2.229,-0.801
SGP,157,1995,8032000.12,0.902,-1.545
SGP,377,1995,357980425.14,1.237,0.572
SGP,487,1995,594916540.45,0.613,-0.576
SGP,402,1995,569661015.19,0.607,-1.583
SGP,464,1995,6256575.6,0.637,-0.164
SGP,6,1995,28885848.25,1.09,-0.639
SGP,379,1995,199343669.3,0.61,0.21
SGP,447,1995,5860955.06,5.413,1.346
SGP,398,1995,78753815.29,0.194,-1.421
SGP,373,1995,49962368.36,0.466,0.23
SGP,47,1995,2673019511.96,0.821,2.006
SGP,433,1995,3837958.61,0.736,0.764
SGP,266,1995,104625768.52,2.534,-1.606
SGP,333,1995,470681205.27,0.675,1.208
SGP,305,1995,11736317.59,0.72,-1.972
SGP,220,1995,7316444.21,0.14,0.821
SGP,117,1995,131547862.52,1.368,1.009
SGP,410,1995,92973321.94,1.486,-0.253
SGP,202,1995,242757649.08,1.901,-1.304
SGP,225,1995,5861483.82,1.611,-2.01
SGP,9,1995,2606562426.75,0.198,-0.133
SGP,221,1995,683371627.83,1.323,-0.054
SGP,52,1995,8329191.77,1.496,0.228
SGP,238,1995,57487484.74,0.771,-0.106
SGP,278,1995,30729371.06,2.112,-0.09
SGP,175,1995,1203108.09,0.162,-0.81
SGP,235,1995,122660705.33,1.907,0.176
SGP,478,1995,79601521.42,0.977,1.123
SGP,78,1995,3396334.26,0.678,-0.073
SGP,446,1995,64431216.71,0.742,0.199
SGP,300,1995,892451423.19,2.773,0.297
SGP,110,1995,16290241.59,1.289,0.607
SGP,189,2005,45581125.76,3.336,-0.574
SGP,372,2005,15656920.65,0.274,0.152
SGP,293,2005,400028.85,0.975,-0.6
SGP,261,2005,72482192.54,0.634,-1.888
SGP,187,2005,159234022.12,0.495,0.984
SGP,334,2005,76517875.07,1.761,-0.473
SGP,72,2005,260968320.2,1.1,-2.526
SGP,297,2005,3200527.73,0.149,-0.007
SGP,258,2005,76958789.07,0.564,0.208
SGP,252,2005,53537245.32,0.27,-1.438
SGP,471,2005,1372047500.84,0.313,-0.255
SGP,245,2005,26961805.33,0.093,0.116
SGP,466,2005,9512331.26,0.571,0.791
SGP,420,2005,32530616.24,0.149,0.786
SGP,395,2005,37180994.92,0.648,0.12
SGP,359,2005,89109145.62,0.585,0.827
SGP,350,2005,804105119.2,2.772,-1.017
SGP,98,2005,764030905.43,0.657,-0.4
SGP,211,2005,76499459.48,0.124,1.555
SGP,421,2005,9240117.53,0.263,0.026
SGP,59,2005,6825977.12,2.215,-0.034
SGP,453,2005,291200617.59,0.461,-0.615
SGP,399,2005,2244234.1,1.028,-0.17
SGP,426,2005,27543563.59,1.66,0.135
SGP,208,2005,649527596.76,0.272,0.839
SGP,206,2005,72766639.31,0.69,0.157
SGP,355,2005,257425072.4,0.889,0.023
SGP,312,2005,324834199.33,4.023,2.131
SGP,392,2005,103705529.85,0.619,-2.017
SGP,163,2005,12821856.34,1.066,0.967
SGP,141,2005,77455778.13,2.275,-0.901
SGP,303,2005,503512861.49,3.862,0.276
SGP,61,2005,80628980.0,1.051,-1.595
SGP,66,2005,264881951.52,4.95,1.943
SGP,483,2005,33410086.43,2.528,0.943
SGP,224,2005,609757691.53,1.57,-0.615
SGP,79,2005,14734963.63,3.751,-0.92
SGP,286,2005,300738616.94,0.744,1.459
SGP,390,2005,4138450.39,0.328,-0.281
SGP,370,2005,12975402.76,0.711,-0.785
SGP,30,2005,156780073.2,0.623,-0.262
SGP,346,2005,78672996.1,0.334,-0.561
SGP,82,2005,39376871.74,5.307,-2.28
SGP,37,2005,65811771.88,2.394,0.261
SGP,288,2005,1171706.33,0.411,0.319
SGP,324,2005,10484799.65,1.329,0.835
SGP,73,2005,51794011.72,1.386,2.348
SGP,19,2005,39153321.43,3.486,-0.369
SGP,267,2005,3129087.96,0.516,-1.391
SGP,298,2005,76031544.6,0.264,-0.434
SGP,165,2005,11737905.83,0.774,0.665
SGP,321,2005,217883528.36,1.89,-0.055
SGP,459,2005,23037782.48,0.802,-0.364
SGP,152,2005,325981160.32,7.021,-0.233
SGP,373,2005,30607425.46,3.639,1.153
SGP,146,2005,43302004.87,2.621,0.917
SGP,364,2005,614319255.72,0.909,0.141
SGP,34,2005,16280185.13,0.439,-0.175
SGP,104,2005,77694786.39,0.485,-0.568
SGP,139,2005,21174409.27,0.762,-0.861
SGP,427,2015,3067545.24,0.662,-0.123
SGP,128,2015,50058055.96,1.906,1.828
SGP,464,2015,12750995.32,0.573,-1.49
SGP,420,2015,7206097.97,9.641,-0.474
SGP,231,2015,2507964.63,1.345,-0.033
SGP,208,2015,17115274.76,1.2,2.308
SGP,340,2015,210710263.26,0.824,-0.742
SGP,23,2015,178896839.1,0.223,0.545
SGP,79,2015,4008970.05,0.804,-1.075
SGP,362,2015,14074445.83,0.629,0.383
SGP,409,2015,38396740.47,0.634,-0.547
SGP,144,2015,54341443.34,7.605,-0.961
SGP,297,2015,358575573.12,0.819,-1.655
SGP,77,2015,153209911.01,1.016,-0.583
SGP,226,2015,4186522.26,0.661,0.476
SGP,452,2015,28857317.4,0.509,-0.064
SGP,42,2015,41341263.56,1.765,-1.559
SGP,416,2015,9506546.25,12.972,-0.147
SGP,300,2015,9816022.34,2.428,2.691
SGP,349,2015,70989158.83,2.259,0.914
SGP,316,2015,11543843.31,2.201,1.574
SGP,189,2015,63644555.27,0.22,-0.104
SGP,92,2015,52569933.77,0.173,0.482
SGP,303,2015,225745541.21,5.256,0.125
SGP,368,2015,1006381457.09,5.681,-1.75
SGP,53,2015,417372602.76,0.469,0.175
SGP,478,2015,55476533.5,0.923,0.673
SGP,276,2015,4011753.27,0.24,-0.581
SGP,114,2015,499927454.62,2.168,-0.902
SGP,482,2015,1595660625.77,3.046,-0.115
SGP,403,2015,512115732.32,0.244,1.004
SGP,153,2015,14809567.88,2.029,-0.096
SGP,421,2015,17460752.12,1.089,-0.044
SGP,7,2015,2844662.59,2.544,-0.535
SGP,445,2015,31256029.78,0.249,0.131
SGP,312,2015,26175452.36,5.725,1.841
SGP,367,2015,201888743.26,0.19,-0.111
SGP,4,2015,27355725.39,1.757,-2.159
SGP,417,2015,26803291.94,1.281,0.878
SGP,178,2015,77008455.37,2.489,0.166
SGP,488,2015,106738050.46,1.907,-1.092
SGP,370,2015,37335330.81,0.482,-0.696
SGP,49,2015,468040839.11,0.477,0.521
SGP,154,2015,65725444.63,0.788,-0.101
SGP,315,2015,14342819.69,2.601,-1.067
SGP,117,2015,679504812.97,1.239,-0.147
SGP,206,2015,20769277.53,1.01,0.217
SGP,122,2015,97167710.95,0.851,-1.136
SGP,352,2015,10185425.65,0.603,0.284
SGP,396,2015,7577284.9,0.702,0.838
SGP,474,2015,5744299.07,0.368,-1.401
SGP,483,2015,633817122.8,0.502,-0.821
SGP,194,2015,2442456.8,0.477,0.694
SGP,137,2015,48438486.59,1.2,-0.366
SGP,126,2015,258766354.18,0.504,-0.317
SGP,450,2015,31087214.64,1.531,1.122
SGP,211,2015,227946040.95,2.281,0.861
SGP,36,2015,13696092.0,1.754,-0.766
SGP,237,2015,17131741.21,1.588,1.635
SGP,241,2015,10269659.59,0.852,0.332
SGP,244,2023,72527880.12,3.835,-0.398
SGP,78,2023,21901117.97,0.9,1.723
SGP,319,2023,642258414.75,0.298,-0.108
SGP,336,2023,2459687.75,2.413,-0.341
SGP,16,2023,986062.72,0.916,2.171
SGP,219,2023,1072207585.05,0.97,-0.757
SGP,477,2023,3390015.59,0.965,-0.478
SGP,218,2023,203740442.29,1.603,-0.185
SGP,293,2023,32776097.43,0.366,0.822
SGP,95,2023,20595535.47,2.814,0.626
SGP,35,2023,15898720.5,0.525,-0.288
SGP,329,2023,52625917.14,2.86,-1.092
SGP,92,2023,25915008.49,0.565,-0.232
SGP,115,2023,187124451.07,0.489,-0.146
SGP,133,2023,102739848.29,0.659,-1.137
SGP,249,2023,50112593.79,2.416,-1.372
SGP,398,2023,134535887.2,0.334,-0.038
SGP,291,2023,1156584082.16,0.768,-1.542
SGP,288,2023,21003709.19,3.651,0.399
SGP,5,2023,6300449.93,0.282,-1.669
SGP,154,2023,71126185.59,2.884,-1.178
SGP,355,2023,1096500422.67,2.417,-1.391
SGP,358,2023,4748968342.14,4.776,-1.018
SGP,373,2023,227832279.09,2.75,1.422
SGP,54,2023,253657874.4,0.695,0.179
SGP,487,2023,280056940.12,1.934,1.081
SGP,245,2023,154931274.59,1.033,-0.486
SGP,182,2023,12656724.31,1.535,0.227
SGP,348,2023,112554347.22,1.466,0.226
SGP,379,2023,43018377.24,1.011,-0.867
SGP,134,2023,483047152.84,0.24,-0.139
SGP,4,2023,19352589.54,0.074,-0.846
SGP,488,2023,53739509.87,1.758,-1.141
SGP,403,2023,14834896.5,0.52,0.21
SGP,170,2023,16643537.5,1.438,-0.922
SGP,83,2023,22221160.18,0.431,-0.111
SGP,235,2023,699543712.9,0.651,-1.037
SGP,310,2023,6837477.91,3.141,0.271
SGP,415,2023,7139316.77,1.366,1.044
SGP,85,2023,29513366.44,0.867,1.571
SGP,305,2023,9082703.88,0.788,0.708
SGP,74,2023,8933982.1,0.685,-0.535
SGP,273,2023,12877054.51,0.273,1.52
SGP,404,2023,7219701.06,1.328,-0.061
SGP,42,2023,143814047.68,0.384,-0.273
SGP,140,2023,4494104.11,1.82,0.193
SGP,49,2023,113206940.66,3.13,-0.369
SGP,159,2023,8195030.32,0.372,1.497
SGP,59,2023,231021917.65,0.903,-0.669
SGP,307,2023,64712553.44,0.537,-1.244
SGP,371,2023,2029186.32,0.39,2.04
SGP,242,2023,67007368.27,4.943,0.159
SGP,9,2023,3468161.32,0.223,0.837
SGP,311,2023,33095846.44,5.992,-1.214
SGP,165,2023,1148471451.42,0.164,-0.188
SGP,269,2023,129086500.36,0.771,-0.527
SGP,151,2023,49218292.38,3.55,-1.431
SGP,417,2023,116272359.09,8.501,-0.802
SGP,459,2023,3484073.68,1.639,0.314
SGP,368,2023,5831651.64,0.611,0.706
THA,171,1995,5664995.91,0.594,-0.561
THA,468,1995,17788371.34,0.802,-0.485
THA,208,1995,41227225.46,0.216,-1.187
THA,233,1995,12500130.19,0.308,-0.38
THA,178,1995,119355654.94,1.31,1.106
THA,193,1995,178477449.81,6.333,-0.908
THA,382,1995,11197352.28,2.473,-1.017
THA,275,1995,1912372.64,1.485,1.716
THA,414,1995,34176208.0,0.17,-0.496
THA,423,1995,15998832.58,4.734,0.992
THA,342,1995,2678396835.5,0.96,1.0
THA,53,1995,185634180.32,3.08,-0.011
THA,203,1995,5326300.54,1.507,0.733
THA,433,1995,495268962.09,0.182,0.069
THA,374,1995,20706656.6,2.003,-0.214
THA,316,1995,361480694.77,0.465,1.55
THA,226,1995,83791044.94,0.338,0.416
THA,299,1995,69475406.26,0.188,-0.835
THA,159,1995,94377698.64,1.19,-0.307
THA,411,1995,22443847.65,2.045,-0.477
THA,117,1995,321254347.18,0.122,0.401
THA,9,1995,2084953.47,0.175,-1.546
THA,72,1995,13722141.97,2.154,-0.465
THA,236,1995,1136011123.76,1.837,0.085
THA,429,1995,19323401.85,1.386,0.809
THA,486,1995,4005224127.87,1.686,0.985
THA,242,1995,4236991.34,0.566,-0.047
THA,469,1995,87263795.5,1.798,-0.42
THA,439,1995,595724173.27,0.259,1.939
THA,214,1995,14091736.74,4.888,-0.379
THA,463,1995,1561265.06,3.861,0.718
THA,34,1995,22140072.86,0.883,-0.034
THA,67,1995,157503747.59,0.706,-0.682
THA,18,1995,22725621.11,3.04,1.331
THA,404,1995,973613570.46,2.147,-0.999
THA,339,1995,31467649.73,0.035,-0.15
THA,213,1995,2189134262.21,0.721,1.853
THA,250,1995,5060985.61,0.994,0.346
THA,189,1995,90888794.01,2.787,-0.162
THA,97,1995,87820178.72,2.071,-0.189
THA,410,1995,47242112.17,0.262,1.193
THA,458,1995,16670555.04,0.264,0.98
THA,303,1995,95984795.35,2.663,0.901
THA,200,1995,2309447045.93,0.288,0.856
THA,399,1995,18282354.3,1.216,-2.502
THA,227,1995,3000398.61,1.56,0.132
THA,276,1995,222116808.93,1.294,0.433
THA,323,1995,43174198.77,1.847,-0.571
THA,177,1995,308377650.35,0.584,0.957
THA,441,1995,9117239.09,0.341,2.301
THA,78,1995,211357095.75,1.055,1.381
THA,432,1995,145508956.4,0.962,0.248
THA,141,1995,561503663.25,2.892,1.907
THA,279,1995,208618969.43,50.834,0.049
THA,125,1995,50815702.08,0.38,-0.88
THA,402,1995,233705114.46,1.478,-0.083
THA,184,1995,344152528.61,2.368,0.63
THA,353,1995,1253688871.91,3.811,-0.72
THA,241,1995,9206394.23,1.675,1.024
THA,489,1995,115879086.32,3.61,-0.447
THA,207,2005,71115271.16,1.311,0.472
THA,9,2005,160600598.52,1.206,0.73
THA,59,2005,142089008.69,1.75,-0.803
THA,285,2005,226494063.86,0.439,1.076
THA,123,2005,68788325.91,0.833,0.239
THA,404,2005,68091006.74,0.665,1.429
THA,137,2005,4900654.85,0.437,0.281
THA,270,2005,23973225.53,3.633,-0.139
THA,364,2005,25226450.41,0.397,0.213
THA,304,2005,3699688.1,0.642,1.596
THA,177,2005,137357972.24,1.219,1.564
THA,280,2005,223737602.72,0.756,-0.091
THA,66,2005,203990936.16,0.634,1.013
THA,144,2005,44753406.97,0.975,0.788
THA,372,2005,60815272.97,2.854,-0.063
THA,64,2005,73964023.96,0.331,0.087
THA,223,2005,26903699.84,1.139,0.779
THA,16,2005,111860471.55,1.892,1.128
THA,147,2005,62253036.04,1.174,-0.198
THA,218,2005,45725034.78,0.241,-0.634
THA,175,2005,1629597.54,0.875,1.034
THA,170,2005,2432438914.58,0.414,0.363
THA,434,2005,56528582.96,1.094,-0.339
THA,287,2005,3449586.55,2.175,0.33
THA,52,2005,4996993.3,0.49,0.008
THA,465,2005,4455242.79,0.553,-1.783
THA,254,2005,5068586.89,2.72,1.41
THA,78,2005,156074721.6,4.558,3.249
THA,429,2005,12301069.42,0.372,-1.264
THA,189,2005,750170140.38,0.218,-0.61
THA,468,2005,38312266.7,0.574,0.984
THA,349,2005,137509978.59,0.944,1.008
THA,214,2005,1997863.52,2.283,-0.477
THA,132,2005,140369008.82,0.499,0.452
THA,258,2005,17517651.15,2.873,0.442
THA,307,2005,1240462242.68,1.89,-0.834
THA,164,2005,36491243.27,0.605,0.992
THA,91,2005,51459591.9,2.088,-2.539
THA,35,2005,77671730.07,0.696,1.963
THA,74,2005,17577729.64,0.545,-1.08
THA,34,2005,13411385.53,2.7,0.175
THA,355,2005,127285164.0,2.337,-1.563
THA,85,2005,221060447.75,1.186,0.768
THA,114,2005,613572716.33,0.259,0.601
THA,125,2005,91054888.82,1.043,0.408
THA,471,2005,2684602.22,1.266,0.147
THA,438,2005,235226018.5,2.989,-0.188
THA,219,2005,1124957.63,1.105,-1.073
THA,456,2005,1880401184.3,0.658,-0.312
THA,15,2005,168901253.92,0.576,-2.804
THA,182,2005,10286085.5,0.637,-1.226
THA,292,2005,11796954.16,0.633,2.361
THA,193,2005,7159581.96,0.961,0.306
THA,321,2005,98238160.31,0.901,1.667
THA,459,2005,19973819.27,0.78,-0.46
THA,353,2005,141028154.38,5.601,-0.716
THA,60,2005,3659426.22,0.597,-0.654
THA,408,2005,179845373.26,13.506,1.225
THA,440,2005,40236270.0,1.309,-0.654
THA,166,2005,90807091.75,0.662,1.08
THA,188,2015,632222423.82,0.401,-1.559
THA,419,2015,12470413.35,0.271,0.251
THA,329,2015,18058331.99,0.25,-1.413
THA,152,2015,84748649.21,0.65,-0.318
THA,73,2015,332471307.66,2.646,-0.026
THA,174,2015,36279622.16,1.869,0.678
THA,243,2015,76768914.81,1.251,-0.064
THA,91,2015,302163442.04,0.099,-1.086
THA,407,2015,897472057.17,0.639,-0.896
THA,231,2015,8859631.01,1.101,-0.272
THA,24,2015,290898773.95,0.295,0.232
THA,480,2015,15491469.22,0.66,-0.306
THA,487,2015,83539737.65,0.775,-0.326
THA,352,2015,92678775.23,0.884,1.323
THA,104,2015,55086322.59,2.84,0.906
THA,206,2015,5783248.52,3.515,-1.243
THA,224,2015,964272424.01,1.162,-0.159
THA,249,2015,47516269.1,0.232,1.037
THA,242,2015,8382929.85,1.153,-1.583
THA,364,2015,4914310.61,0.401,-1.653
THA,146,2015,61561832.85,0.636,1.348
THA,116,2015,71603117.4,0.648,0.445
THA,256,2015,946624.54,1.23,1.482
THA,294,2015,42068784.84,0.696,-0.959
THA,376,2015,212144746.61,1.271,-0.455
THA,6,2015,531156472.74,1.457,-0.104
THA,117,2015,42053667.24,3.476,0.023
THA,233,2015,925434631.02,1.771,0.511
THA,96,2015,513170.94,0.611,-0.697
THA,309,2015,11989823.51,2.541,-0.073
THA,62,2015,221639045.48,8.607,1.134
THA,349,2015,75813167.92,0.983,-1.128
THA,9,2015,28292138.33,2.196,-1.277
THA,213,2015,173868952.77,0.441,1.318
THA,434,2015,54628565.09,1.127,2.079
THA,66,2015,19695294.26,0.534,0.359
THA,176,2015,35543078.0,0.543,1.126
THA,88,2015,11496320.74,1.184,0.416
THA,218,2015,3537269.86,0.465,-0.231
THA,477,2015,28816844.12,6.124,-1.777
THA,140,2015,333940.89,2.265,-0.6
THA,202,2015,220248939.42,3.03,-0.365
THA,217,2015,45729073.12,2.591,-0.105
THA,385,2015,2071821077.41,1.905,-1.188
THA,303,2015,178725159.56,0.694,-0.909
THA,297,2015,68929212.64,4.335,0.651
THA,178,2015,18535397.74,0.42,-0.75
THA,80,2015,87497478.62,3.25,-0.271
THA,291,2015,207417970.73,0.203,1.151
THA,300,2015,15558579.43,2.082,0.436
THA,121,2015,30549560.91,2.749,-1.803
THA,458,2015,23695229.87,1.602,-0.447
THA,4,2015,85169249.47,1.185,0.665
THA,17,2015,4342452.73,0.767,-1.066
THA,367,2015,159643694.74,4.795,0.407
THA,474,2015,73889995.35,0.188,-0.583
THA,290,2015,163936985.92,3.616,1.406
THA,323,2015,87157062.76,0.267,0.423
THA,92,2015,20102352.58,5.217,2.086
THA,389,2015,2138813.89,2.763,-1.408
THA,481,2023,87912366.78,0.843,0.246
THA,193,2023,100002266.95,2.53,0.255
THA,426,2023,2114665034.5,0.616,0.843
THA,362,2023,580071706.49,0.14,-2.346
THA,83,2023,813634415.83,1.048,1.8
THA,475,2023,97517342.9,0.1,-0.317
THA,6,2023,438125303.97,0.202,-1.149
THA,72,2023,65971861.08,2.304,0.836
THA,115,2023,8833563.24,0.647,-1.172
THA,126,2023,20685243.97,2.661,-1.488
THA,478,2023,60972218.64,1.06,-0.869
THA,243,2023,253182787.08,0.877,0.65
THA,293,2023,5175935.47,1.846,0.461
THA,145,2023,144966523.07,1.775,-0.555
THA,242,2023,4808001.05,0.222,-1.326
THA,58,2023,21400794.37,1.146,1.074
THA,263,2023,9590452.25,3.675,-0.543
THA,226,2023,1590232.03,1.487,0.036
THA,472,2023,2505658.41,1.748,-0.399
THA,348,2023,310475899.97,0.715,1.128
THA,432,2023,48200332.14,0.754,0.383
THA,374,2023,121204005.09,0.423,1.304
THA,39,2023,29093647.63,0.303,0.406
THA,335,2023,96158604.86,1.836,1.093
THA,73,2023,62279084.76,3.065,0.277
THA,4,2023,26206447.67,0.973,0.31
THA,53,2023,177013764.63,1.054,-2.116
THA,428,2023,55470427.08,2.9,-0.778
THA,107,2023,35793910.04,1.173,0.401
THA,202,2023,219856742.21,0.327,0.968
THA,286,2023,1242366236.85,0.455,0.96
THA,266,2023,267339830.1,0.769,-0.37
THA,307,2023,139398958.14,7.396,2.306
THA,177,2023,1288094.66,0.56,0.711
THA,109,2023,195118069.33,0.549,-1.346
THA,49,2023,12188146.81,0.719,1.155
THA,248,2023,68472225.98,0.504,-0.636
THA,330,2023,390270966.7,0.18,0.583
THA,230,2023,8296973.62,4.361,-0.845
THA,416,2023,236230164.63,0.462,1.383
THA,207,2023,8661155.31,2.509,-1.955
THA,7,2023,114428263.06,0.582,0.404
THA,312,2023,44021367.33,7.731,0.875
THA,373,2023,78026880.96,0.347,0.267
THA,162,2023,1276158611.3,1.804,-0.44
THA,349,2023,28029321.24,0.266,-1.293
THA,84,2023,2249173.2,1.011,0.019
THA,108,2023,14919178.9,0.412,-0.65
THA,452,2023,6670359.97,0.594,-0.166
THA,306,2023,33858585.93,0.649,-0.125
THA,71,2023,1743611.21,1.92,-1.109
THA,490,2023,25778850.91,2.98,-0.915
THA,139,2023,49708914.23,1.433,-1.568
THA,285,2023,17532952.33,1.033,-0.967
THA,23,2023,14409652.52,0.883,0.311
THA,68,2023,30276009.64,0.293,-0.66
THA,474,2023,45156712.07,1.889,0.512
THA,292,2023,36169051.69,0.572,-0.746
THA,281,2023,45847633.03,0.105,0.911
THA,13,2023,6830731.87,6.353,-0.901
VNM,409,1995,28835164.09,0.294,0.093
VNM,292,1995,61413644.69,0.691,-0.109
VNM,11,1995,214794824.21,0.592,2.652
VNM,98,1995,367565641.01,1.153,0.158
VNM,110,1995,26262141.32,0.382,-0.627
VNM,178,1995,88156262.45,19.307,-0.787
VNM,385,1995,465894.91,1.637,-1.185
VNM,367,1995,29472504.49,1.163,-1.627
VNM,89,1995,786091604.71,0.777,-0.799
VNM,432,1995,252901431.56,0.934,1.211
VNM,150,1995,252700256.63,1.9,0.228
VNM,356,1995,65947598.23,0.505,-0.251
VNM,220,1995,17179106.67,2.294,-0.317
VNM,83,1995,16536255.06,0.119,-0.348
VNM,43,1995,96768887.21,0.306,0.556
VNM,190,1995,27614914.18,0.542,0.173
VNM,67,1995,10961031.95,0.363,0.607
VNM,266,1995,17073615.86,1.819,0.336
VNM,189,1995,715808.54,1.262,-0.814
VNM,360,1995,535686001.03,4.366,0.954
VNM,334,1995,8798310.02,0.638,-0.902
VNM,245,1995,6416110.99,0.5,1.026
VNM,133,1995,13168859.68,1.263,-0.351
VNM,163,1995,17426838.01,2.611,1.323
VNM,34,1995,49700784.49,0.531,0.302
VNM,101,1995,102105414.73,1.783,0.348
VNM,113,1995,140273568.84,1.398,2.223
VNM,24,1995,21732254.37,0.995,0.625
VNM,76,1995,19664906.96,2.581,-0.879
VNM,208,1995,74353856.77,0.258,1.533
VNM,140,1995,573036321.36,0.588,1.234
VNM,481,1995,89007305.57,1.366,0.199
VNM,404,1995,102700660.58,1.409,-1.276
VNM,346,1995,76057403.82,1.439,-0.452
VNM,341,1995,125354394.64,0.268,1.514
VNM,46,1995,9640981.66,2.463,-0.863
VNM,285,1995,65422476.99,9.723,-0.667
VNM,200,1995,36976113.54,2.1,1.74
VNM,478,1995,22608011.34,0.084,-0.555
VNM,328,1995,153022810.76,0.658,0.076
VNM,440,1995,4430496.44,2.48,0.706
VNM,275,1995,60678147.82,0.561,-1.423
VNM,52,1995,179489278.81,2.615,-0.202
VNM,460,1995,216370543.51,1.722,0.063
VNM,39,1995,1229215526.85,0.411,-1.236
VNM,463,1995,7773036.91,0.182,-0.495
VNM,488,1995,2735146.59,0.717,0.615
VNM,146,1995,33770181.19,1.283,0.651
VNM,321,1995,35237514.58,2.122,-0.453
VNM,365,1995,61036061.61,0.543,1.188
VNM,313,1995,1633681.63,5.145,-1.001
VNM,472,1995,1175020.07,0.361,-1.766
VNM,241,1995,1673987.49,1.017,1.183
VNM,353,1995,199325830.17,4.404,-0.097
VNM,399,1995,689188705.88,2.131,-1.19
VNM,287,1995,374392607.52,0.866,2.714
VNM,181,1995,63124358.63,1.469,-3.438
VNM,78,1995,37373985.77,1.991,-1.283
VNM,376,1995,300052718.46,0.128,1.315
VNM,355,1995,26139048.35,2.782,-1.112
VNM,97,2005,46391993.58,1.933,-0.169
VNM,209,2005,434064144.77,0.857,0.002
VNM,489,2005,10452751.33,4.762,0.833
VNM,486,2005,278866594.07,1.246,-0.279
VNM,416,2005,5770408.56,2.186,-2.702
VNM,21,2005,12935646.84,0.493,-0.845
VNM,178,2005,126707796.07,0.358,0.544
VNM,186,2005,74003233.27,4.011,-1.517
VNM,158,2005,141678556.83,1.41,0.23
VNM,421,2005,296918709.67,2.459,0.22
VNM,206,2005,23522803.34,4.697,-0.784
VNM,141,2005,895199.37,8.113,0.103
VNM,371,2005,23759600.97,1.507,-3.5
VNM,264,2005,51254703.34,0.753,0.981
VNM,276,2005,68383188.09,0.523,-0.604
VNM,273,2005,8993914.3,0.12,0.22
VNM,56,2005,103492383.91,0.875,-0.875
VNM,229,2005,152543683.05,1.26,1.941
VNM,78,2005,12013014.82,0.431,1.243
VNM,309,2005,3170561049.34,0.366,0.341
VNM,193,2005,35016842.01,0.945,-0.119
VNM,385,2005,6421555.05,0.12,-0.428
VNM,429,2005,562995358.94,0.721,0.319
VNM,352,2005,467015298.07,0.314,0.663
VNM,40,2005,10344901.62,1.497,-0.933
VNM,175,2005,1208625753.65,1.09,-1.498
VNM,441,2005,105715874.05,1.787,1.218
VNM,154,2005,3033674.28,0.677,0.452
VNM,71,2005,39824911.39,0.308,0.695
VNM,39,2005,895514187.4,0.852,-0.724
VNM,214,2005,78605792.92,0.317,1.328
VNM,242,2005,123594329.64,1.794,-0.266
VNM,211,2005,41568624.74,1.374,-0.617
VNM,395,2005,293103204.68,0.935,0.156
VNM,200,2005,136299290.54,0.306,1.999
VNM,58,2005,13284743.8,2.403,-0.225
VNM,128,2005,151753840.86,0.88,-1.98
VNM,331,2005,129511934.63,0.48,-0.608
VNM,117,2005,253179383.58,6.693,2.462
VNM,143,2005,7314502.29,5.392,0.523
VNM,367,2005,1263239300.61,0.166,0.393
VNM,310,2005,108939421.5,1.12,0.82
VNM,220,2005,17244416.75,0.534,0.529
VNM,299,2005,283930601.97,1.527,0.205
VNM,459,2005,1031645.87,0.154,-0.203
VNM,388,2005,5798758.46,0.593,0.889
VNM,146,2005,1195792821.88,2.508,0.163
VNM,447,2005,1768318.16,0.856,1.054
VNM,343,2005,283714566.6,4.252,0.972
VNM,10,2005,42698675.7,0.986,0.77
VNM,298,2005,7740069.19,0.457,-0.74
VNM,365,2005,33714080.24,0.713,-0.487
VNM,85,2005,7617010.55,1.969,-0.037
VNM,356,2005,101881724.12,0.973,0.93
VNM,433,2005,3048586.84,1.042,-0.291
VNM,422,2005,95489125.36,0.541,-0.385
VNM,37,2005,168090136.61,0.873,0.876
VNM,84,2005,14463379.43,0.222,-0.268
VNM,268,2005,192790437.04,1.711,-1.563
VNM,440,2005,77208600.58,0.932,0.392
VNM,65,2015,973671.27,1.861,-1.888
VNM,56,2015,23039018344.11,2.242,0.374
VNM,264,2015,302438169.59,0.499,-0.277
VNM,143,2015,6410075.18,4.649,1.322
VNM,107,2015,196918406.33,0.576,-0.221
VNM,427,2015,375968721.2,0.527,0.29
VNM,134,2015,69806343.94,1.441,-0.829
VNM,355,2015,4189180.36,0.273,0.854
VNM,47,2015,456047908.63,1.006,0.173
VNM,290,2015,55394927.99,3.272,0.032
VNM,333,2015,2388755.01,0.3,-1.139
VNM,488,2015,13005108.03,1.02,1.004
VNM,254,2015,43790912.27,0.276,-1.924
VNM,376,2015,265638904.99,0.657,-1.462
VNM,459,2015,207956271.66,0.689,-0.85
VNM,21,2015,15825259.7,0.664,1.977
VNM,186,2015,56031131.04,2.769,-0.031
VNM,331,2015,749545636.19,0.205,-0.936
VNM,217,2015,32990226.29,0.416,0.788
VNM,476,2015,15714563.92,0.501,-0.446
VNM,25,2015,26933510.96,0.582,-0.862
VNM,18,2015,116595687.51,0.471,1.459
VNM,127,2015,61959055.41,1.904,0.691
VNM,334,2015,129757281.77,10.156,0.057
VNM,340,2015,34798521.33,2.743,0.404
VNM,252,2015,16784879.8,0.683,1.285
VNM,448,2015,50427162.15,2.946,-0.417
VNM,24,2015,385283261.27,5.072,1.229
VNM,249,2015,4883949.11,0.745,-0.26
VNM,413,2015,17714760.48,0.355,-1.274
VNM,162,2015,135241036.38,1.47,0.026
VNM,425,2015,5638005.87,0.78,-0.066
VNM,356,2015,652443790.46,0.416,0.614
VNM,391,2015,15952442.1,2.03,1.155
VNM,214,2015,18334739.77,0.693,0.786
VNM,201,2015,10768460.71,0.576,0.915
VNM,241,2015,366903345.63,0.347,-0.99
VNM,114,2015,1606395332.57,3.256,0.464
VNM,465,2015,10941711.48,0.46,-0.497
VNM,72,2015,102313482.09,2.834,0.59
VNM,85,2015,130781871.22,0.295,-0.903
VNM,304,2015,35043374.35,0.599,0.48
VNM,359,2015,52654576.24,1.493,0.398
VNM,392,2015,10208581.89,0.144,-0.409
VNM,49,2015,61423210.37,1.569,-0.132
VNM,157,2015,1445366.44,6.806,0.733
VNM,52,2015,404674447.51,0.863,0.339
VNM,285,2015,58461185.03,0.187,0.143
VNM,458,2015,4787975.26,1.213,-1.762
VNM,28,2015,425400913.82,0.571,1.588
VNM,313,2015,151973326.31,0.173,0.851
VNM,3,2015,42600130.67,0.866,0.709
VNM,349,2015,277256720.54,0.9,1.101
VNM,294,2015,6785152.23,2.282,0.387
VNM,450,2015,43985038.78,1.851,-1.066
VNM,236,2015,264443179.6,1.647,0.168
VNM,342,2015,417127443.49,5.972,-1.444
VNM,250,2015,116653657.43,7.174,-0.552
VNM,419,2015,10883637.56,9.539,-1.415
VNM,301,2015,4168931769.31,3.962,-1.474
VNM,365,2023,65110636.99,0.371,-0.685
VNM,146,2023,8131086.47,0.156,-1.066
VNM,416,2023,931185189.86,3.316,0.013
VNM,438,2023,15090204.28,4.018,0.279
VNM,109,2023,393086849.8,3.731,-0.061
VNM,355,2023,140434192.26,1.036,-0.829
VNM,348,2023,45037314.84,0.371,-0.919
VNM,458,2023,1755442402.46,0.565,0.029
VNM,248,2023,269606532.36,6.175,0.329
VNM,261,2023,9533935.25,0.995,1.692
VNM,340,2023,17234850.54,4.162,0.81
VNM,262,2023,7279116.8,4.888,-0.834
VNM,52,2023,51505668.67,0.379,0.852
VNM,471,2023,12392226.51,13.12,0.816
VNM,117,2023,25958160.16,0.763,0.79
VNM,104,2023,9343121.54,3.133,-0.636
VNM,447,2023,116714172.25,0.209,-0.449
VNM,383,2023,30255690.62,1.118,0.583
VNM,128,2023,117517072.27,0.554,-0.681
VNM,105,2023,10713042.87,0.746,-1.06
VNM,462,2023,206510368.96,0.454,1.216
VNM,54,2023,119886754.42,3.698,0.127
VNM,281,2023,5242445.11,0.947,0.72
VNM,217,2023,28286963.45,0.429,1.199
VNM,230,2023,118007420.67,0.362,0.32
VNM,415,2023,102920055.0,0.157,1.626
VNM,421,2023,66088656.4,0.399,1.145
VNM,389,2023,1203262.24,2.165,0.302
VNM,444,2023,986916155.61,1.652,0.81
VNM,409,2023,97813847.31,0.755,0.616
VNM,481,2023,69254618.49,1.482,-0.601
VNM,241,2023,231406995.87,0.216,-0.83
VNM,64,2023,190626410.37,3.701,-1.14
VNM,24,2023,22080060.99,4.853,-0.416
VNM,16,2023,307332402.55,1.194,2.453
VNM,368,2023,345159617.86,1.065,0.757
VNM,417,2023,889000918.33,1.074,0.027
VNM,284,2023,143794344.96,0.157,-0.415
VNM,280,2023,451255292.98,1.091,-0.605
VNM,94,2023,4753487.45,1.384,-0.236
VNM,102,2023,232083427.18,10.729,-0.586
VNM,361,2023,841271832.6,0.879,0.827
VNM,422,2023,1699176.64,2.36,1.307
VNM,158,2023,80794911.21,2.792,0.043
VNM,278,2023,24038062.4,5.429,-0.367
VNM,476,2023,12041499.77,0.457,0.981
VNM,401,2023,1147286114.8,0.244,0.4
VNM,235,2023,191160668.5,0.883,-0.056
VNM,316,2023,11593524.72,0.105,-0.19
VNM,6,2023,64902366.3,1.882,-1.057
VNM,208,2023,20311718.88,1.453,-2.027
VNM,225,2023,59704168.76,0.774,-0.704
VNM,139,2023,100726220.7,0.609,1.027
VNM,276,2023,56807679.04,1.256,-1.104
VNM,42,2023,6858454.48,0.143,-0.277
VNM,300,2023,9545423.52,3.08,0.352
VNM,341,2023,158821394.08,1.316,-0.151
VNM,299,2023,25533351.85,1.909,-0.269
VNM,391,2023,331310988.02,0.623,-1.154
VNM,39,2023,46147877.6,0.934,0.371
CHN,286,1995,551565.34,2.156,-1.179
CHN,7,1995,12251439.25,1.245,-0.923
CHN,297,1995,464805221.42,4.762,-1.086
CHN,425,1995,855379928.9,5.022,-1.413
CHN,374,1995,10249986.04,0.455,-0.728
CHN,170,1995,9075470.61,0.667,-1.064
CHN,48,1995,371119463.42,1.51,0.979
CHN,23,1995,202535354.42,0.06,-0.902
CHN,174,1995,7003959.79,0.41,-1.027
CHN,396,1995,5283989.22,0.245,-1.456
CHN,343,1995,6566466842.97,0.344,-1.212
CHN,409,1995,44113744.01,1.254,-0.391
CHN,9,1995,498457166.47,1.249,-1.799
CHN,107,1995,20003115.76,1.013,0.057
CHN,127,1995,4640963.41,0.477,0.312
CHN,129,1995,667651933.54,0.746,0.59
CHN,439,1995,84247101.26,0.181,-0.616
CHN,6,1995,179580607.29,4.318,0.818
CHN,40,1995,721583788.82,1.457,-0.033
CHN,96,1995,77118522.04,2.541,-1.675
CHN,315,1995,46598661.55,0.558,-1.094
CHN,71,1995,29996009.56,6.655,0.158
CHN,474,1995,16836980.52,0.717,2.133
CHN,184,1995,237255484.99,0.322,0.423
CHN,478,1995,24476257.96,0.216,-0.981
CHN,199,1995,32355821.78,0.713,-0.136
CHN,294,1995,457750940.22,5.749,-0.906
CHN,407,1995,1458516275.75,0.703,-1.243
CHN,144,1995,278743326.42,1.152,-0.5
CHN,3,1995,10679443.96,3.085,0.343
CHN,329,1995,35318922.32,3.768,0.097
CHN,114,1995,26189371.6,2.292,-2.325
CHN,325,1995,1172405.14,0.15,0.652
CHN,456,1995,985190267.36,1.009,-1.503
CHN,18,1995,23079691.51,0.368,-0.118
CHN,205,1995,9684625.18,1.782,0.181
CHN,56,1995,242109931.96,0.053,0.181
CHN,35,1995,7428929.08,0.745,-0.861
CHN,275,1995,47530056.97,2.04,0.083
CHN,319,1995,24246741.65,0.293,0.747
CHN,310,1995,7614998.8,0.489,-0.918
CHN,298,1995,42352806.45,0.175,1.244
CHN,445,1995,468076430.62,0.624,1.096
CHN,45,1995,25448869.22,0.215,1.143
CHN,181,1995,9087194.92,4.907,1.437
CHN,187,1995,42345205.99,0.828,-0.969
CHN,404,1995,182484463.88,0.824,-0.15
CHN,138,1995,6711196.04,0.182,-0.572
CHN,119,1995,378028202.56,1.049,0.859
CHN,311,1995,11317182.72,0.271,-0.013
CHN,159,1995,46803057.47,2.389,1.293
CHN,83,1995,2579281863.04,2.721,0.924
CHN,378,1995,73082546.52,4.104,-1.019
CHN,151,1995,422086280.78,1.206,1.491
CHN,39,1995,3708698.63,7.112,1.794
CHN,108,1995,9346740.28,1.733,-0.987
CHN,281,1995,17715844.28,1.745,0.79
CHN,421,1995,421938776.45,0.336,0.019
CHN,484,1995,86741405.93,14.637,1.652
CHN,395,1995,103822379.82,0.542,-1.391
CHN,40,2005,91423276.62,0.157,-0.595
CHN,116,2005,272755398.69,1.318,0.136
CHN,285,2005,136814241.23,2.057,-0.011
CHN,170,2005,215634522.14,0.379,1.001
CHN,3,2005,1901624966.36,1.937,-1.241
CHN,55,2005,8943763.48,1.101,1.48
CHN,437,2005,41566587.67,4.078,-0.106
CHN,355,2005,57530108.71,7.181,-0.82
CHN,147,2005,26420911.01,0.477,-0.215
CHN,377,2005,930188325.27,1.577,-0.154
CHN,220,2005,81851860.47,0.813,0.162
CHN,340,2005,64231382.31,3.314,-0.813
CHN,41,2005,2183695602.14,1.207,-0.227
CHN,269,2005,92424964.91,0.272,0.806
CHN,457,2005,1857285.24,2.91,-0.128
CHN,94,2005,281545929.35,0.887,-1.499
CHN,135,2005,168913727.45,0.289,-2.168
CHN,175,2005,284467370.58,0.315,-1.956
CHN,290,2005,80239051.74,0.874,-1.613
CHN,421,2005,325572356.54,0.448,-0.612
CHN,193,2005,5301257.0,1.721,0.119
CHN,411,2005,135029921.83,0.993,-0.833
CHN,65,2005,14203874.12,0.665,-0.876
CHN,196,2005,7852643.76,0.973,1.13
CHN,372,2005,2032188.42,0.461,1.537
CHN,105,2005,50273416.72,0.593,0.089
CHN,28,2005,47191837.05,0.935,0.011
CHN,172,2005,5223211.1,1.22,-0.883
CHN,317,2005,85924810.53,1.303,0.95
CHN,71,2005,64811827.12,0.57,0.778
CHN,280,2005,60693467.37,0.76,0.152
CHN,390,2005,22057734.53,1.617,0.185
CHN,299,2005,841485630.86,2.112,0.719
CHN,165,2005,18921812.04,1.107,0.064
CHN,11,2005,123119932.78,1.829,1.408
CHN,339,2005,99144295.91,1.534,1.016
CHN,178,2005,968688737.53,2.649,-1.855
CHN,182,2005,186319499.32,0.809,-0.44
CHN,325,2005,1020372502.65,2.304,0.914
CHN,187,2005,237025302.02,0.718,0.591
CHN,284,2005,16598231.58,1.035,-0.133
CHN,484,2005,351811119.48,1.026,-0.216
CHN,415,2005,32287947.31,0.328,0.023
CHN,378,2005,5670059.02,3.173,-0.274
CHN,250,2005,104647112.91,2.27,0.509
CHN,122,2005,185538628.21,5.279,0.204
CHN,98,2005,50812840.45,2.517,2.038
CHN,251,2005,42231220.6,2.537,0.246
CHN,85,2005,51795146.71,0.496,-1.354
CHN,48,2005,13136924.28,1.408,-1.96
CHN,266,2005,8180849.43,0.37,0.614
CHN,159,2005,62911492.42,0.406,0.504
CHN,360,2005,477982807.65,1.219,-1.366
CHN,77,2005,6275860.77,4.255,1.237
CHN,255,2005,47196187.83,2.067,0.796
CHN,208,2005,40982593.67,0.638,-0.738
CHN,276,2005,4393703.21,2.739,0.936
CHN,206,2005,38749676.88,1.174,-1.472
CHN,379,2005,28472392.16,1.149,1.55
CHN,434,2005,19970904.15,1.704,-0.198
CHN,371,2015,9847913.17,1.016,-1.771
CHN,423,2015,938141.33,0.166,-0.095
CHN,407,2015,47434087.12,0.944,-0.847
CHN,219,2015,5087155.29,3.166,-1.624
CHN,108,2015,55498093.1,0.741,0.298
CHN,35,2015,26768051.56,0.743,0.305
CHN,339,2015,12567283.81,1.596,-1.712
CHN,316,2015,74560110.12,0.861,-0.675
CHN,245,2015,180221838.19,0.262,0.698
CHN,46,2015,169457979.3,1.491,-1.064
CHN,378,2015,250800910.01,0.134,0.277
CHN,337,2015,50225292.81,3.375,0.118
CHN,464,2015,3830911.35,0.148,-0.264
CHN,218,2015,14622450.28,0.84,0.647
CHN,268,2015,1255734.49,5.982,-0.337
CHN,478,2015,48538977.31,0.757,-0.587
CHN,172,2015,1395781290.82,2.103,-0.098
CHN,256,2015,1109051.65,0.67,-1.148
CHN,323,2015,7882224120.46,0.384,-2.015
CHN,13,2015,51167649.75,1.573,0.211
CHN,333,2015,26396694.29,0.606,0.905
CHN,356,2015,164948637.6,2.175,-0.084
CHN,445,2015,103183074.21,2.474,1.705
CHN,420,2015,897412.97,0.883,0.028
CHN,489,2015,3816988911.08,6.266,0.307
CHN,127,2015,124360271.83,0.674,-0.735
CHN,56,2015,24002170.11,9.269,1.208
CHN,145,2015,558069100.61,0.293,0.179
CHN,459,2015,235381875.92,1.953,0.222
CHN,3,2015,93509872.33,0.879,-0.092
CHN,269,2015,229371010.69,5.038,0.605
CHN,231,2015,4580204.92,2.659,0.327
CHN,152,2015,32724559.98,0.317,-0.369
CHN,102,2015,47562378.8,1.32,-0.227
CHN,6,2015,20297901.74,2.012,-0.362
CHN,5,2015,87439333.86,0.632,-0.26
CHN,40,2015,13482026.61,1.786,-0.995
CHN,355,2015,1834726.29,2.216,-0.438
CHN,405,2015,216756777.32,1.165,-0.009
CHN,484,2015,20555252.49,0.906,0.818
CHN,196,2015,79435070.96,0.524,-1.158
CHN,439,2015,2232920263.57,4.566,0.469
CHN,460,2015,46312347.47,0.917,0.067
CHN,42,2015,13937863.16,1.056,1.261
CHN,465,2015,20169148.32,0.86,-0.622
CHN,135,2015,13965893.99,1.458,-0.368
CHN,67,2015,23074023.44,3.365,0.286
CHN,15,2015,2567772.8,4.958,0.631
CHN,37,2015,15549197.6,0.137,0.903
CHN,163,2015,21479656.82,9.231,-1.698
CHN,68,2015,48819979.91,2.68,0.351
CHN,324,2015,373258283.83,1.316,-0.6
CHN,241,2015,162915243.92,0.65,-0.235
CHN,401,2015,14973125.54,0.301,0.347
CHN,327,2015,479694539.37,0.839,-0.486
CHN,25,2015,129128396.61,3.63,0.964
CHN,80,2015,5715468.98,0.366,-1.976
CHN,160,2015,331903709.78,1.935,1.414
CHN,12,2015,16382703.37,1.395,-0.198
CHN,396,2015,312696784.42,0.467,0.377
CHN,147,2023,4772104.47,0.336,-0.11
CHN,199,2023,150774073.12,0.781,-1.443
CHN,316,2023,4474853.63,0.762,0.416
CHN,78,2023,1408020.69,0.293,-0.539
CHN,410,2023,2599417.85,0.867,0.997
CHN,104,2023,13153208.77,2.76,-0.491
CHN,49,2023,22980427.6,0.545,-1.615
CHN,208,2023,131392277.94,2.283,0.081
CHN,193,2023,822683503.31,0.389,-0.091
CHN,166,2023,4927875.95,0.794,-0.335
CHN,37,2023,17285997.83,0.946,-1.926
CHN,235,2023,99512313.81,2.91,0.496
CHN,36,2023,7683445.26,0.683,0.342
CHN,421,2023,51848671.57,0.671,-1.421
CHN,383,2023,5305172.15,0.749,-1.349
CHN,13,2023,2783316687.7,1.399,-0.207
CHN,151,2023,349862196.75,7.07,-0.362
CHN,352,2023,1815562114.05,0.729,2.131
CHN,411,2023,138533404.36,1.15,-0.907
CHN,243,2023,47144020.21,1.665,1.033
CHN,145,2023,42454434.75,0.557,1.155
CHN,86,2023,183867455.9,1.251,-1.673
CHN,413,2023,7838138.61,1.779,-1.986
CHN,80,2023,145979630.63,3.983,0.986
CHN,30,2023,133169255.08,2.589,1.08
CHN,415,2023,6337532.81,2.271,-0.586
CHN,373,2023,48837394.3,0.869,-0.467
CHN,321,2023,103670615.68,2.097,0.664
CHN,399,2023,21722667.19,0.431,-0.204
CHN,419,2023,126343219.9,0.818,0.751
CHN,31,2023,14286587.86,1.548,1.973
CHN,346,2023,23542500.73,1.353,0.447
CHN,444,2023,61925656.52,0.338,0.977
CHN,42,2023,53977896.17,0.417,-0.172
CHN,24,2023,259701561.47,1.611,-0.364
CHN,377,2023,62417979.61,4.395,0.281
CHN,371,2023,11918232.48,0.638,1.374
CHN,337,2023,27766812.25,1.98,-1.249
CHN,132,2023,136087152.35,0.386,0.099
CHN,462,2023,698643.04,0.334,-0.387
CHN,454,2023,93112218.84,3.689,-2.405
CHN,213,2023,5073141.18,1.872,0.375
CHN,343,2023,777158602.07,1.368,-0.279
CHN,186,2023,469123048.53,0.835,0.26
CHN,279,2023,19205038.65,3.775,1.723
CHN,280,2023,20415655.69,0.66,2.163
CHN,48,2023,14187498.53,3.343,1.343
CHN,66,2023,478596681.26,1.21,-0.098
CHN,114,2023,172386313.62,0.768,0.776
CHN,250,2023,9980790.89,0.111,1.071
CHN,401,2023,40333491.21,3.969,-0.158
CHN,403,2023,46237424.53,0.591,1.136
CHN,177,2023,8597034.88,0.621,1.371
CHN,349,2023,44537419.98,0.701,-0.442
CHN,420,2023,886885473.36,0.421,-0.702
CHN,126,2023,583173156.38,2.502,0.17
CHN,188,2023,13651460.17,2.166,-0.531
CHN,489,2023,514596.7,2.233,-0.264
CHN,115,2023,51785784.36,0.338,-0.641
CHN,160,2023,11630166.48,0.905,0.915
USA,348,1995,26146653.68,0.248,-0.543
USA,458,1995,200226953.68,1.018,0.737
USA,47,1995,65344772.18,0.503,0.292
USA,384,1995,66433829.53,1.652,-0.536
USA,385,1995,249769038.43,0.548,0.49
USA,312,1995,8665029.68,0.102,-0.642
USA,143,1995,50838938.8,0.491,-0.533
USA,169,1995,574662426.23,0.274,1.069
USA,202,1995,9707556.83,0.661,0.407
USA,440,1995,5168712.41,5.424,1.21
USA,377,1995,9459054.08,1.754,0.614
USA,415,1995,3431645.33,0.27,0.335
USA,54,1995,36788774.99,0.364,1.371
USA,133,1995,531375525.19,0.318,0.431
USA,205,1995,2585372.44,1.622,-2.565
USA,134,1995,5307768.91,2.119,0.079
USA,27,1995,631888.25,3.598,0.134
USA,366,1995,100175213.07,2.168,0.09
USA,398,1995,96927656.64,3.353,-0.46
USA,208,1995,154064611.83,0.099,1.728
USA,370,1995,87851655.97,1.543,-0.565
USA,299,1995,37193707.13,0.466,0.399
USA,288,1995,91417642.35,0.936,1.578
USA,367,1995,61127019.36,1.611,0.988
USA,330,1995,6737796.56,0.091,-0.131
USA,213,1995,638506054.06,0.749,-0.48
USA,447,1995,8389885.05,0.833,-0.985
USA,258,1995,50246271.43,6.311,0.39
USA,392,1995,45406642.89,1.787,-0.602
USA,362,1995,7055612.59,1.655,1.857
USA,425,1995,97486644.19,0.772,0.102
USA,203,1995,9442048.78,0.674,0.595
USA,183,1995,795956138.7,0.507,0.316
USA,462,1995,20306102.06,0.117,-0.692
USA,439,1995,472212944.87,0.434,-0.024
USA,70,1995,931513621.74,0.378,-1.825
USA,35,1995,17374345.82,1.05,0.264
USA,297,1995,9236439.74,3.336,-0.531
USA,129,1995,1073336793.06,1.496,0.158
USA,396,1995,8076004030.14,1.579,0.885
USA,427,1995,117543209.91,9.318,-0.82
USA,120,1995,4824990.61,0.857,-0.107
USA,489,1995,249018570.75,1.12,-0.628
USA,110,1995,30724815.75,1.081,1.884
USA,85,1995,27973557.48,0.751,-0.73
USA,219,1995,432301005.43,2.92,-0.476
USA,342,1995,76061867.37,0.67,1.147
USA,187,1995,65950359.88,0.321,-0.012
USA,475,1995,30203847.76,0.81,0.423
USA,190,1995,310537135.66,1.387,0.419
USA,151,1995,10644038.71,0.346,1.967
USA,48,1995,65581827.21,1.107,1.099
USA,180,1995,153097105.78,2.945,-0.44
USA,139,1995,388053612.27,0.244,0.08
USA,310,1995,64829603.64,2.761,1.655
USA,451,1995,3273926.78,0.868,-0.834
USA,238,1995,2160970236.77,3.675,-0.677
USA,98,1995,7055819.2,2.985,-1.819
USA,125,1995,75508783.77,7.277,2.063
USA,158,1995,4504779.56,0.4,-2.668
USA,422,2005,29541467.9,0.347,1.024
USA,258,2005,22429897.28,1.402,0.191
USA,254,2005,154023906.53,1.459,-0.55
USA,35,2005,56066296.85,0.311,-1.163
USA,466,2005,673904883.47,0.962,-0.787
USA,230,2005,114230871.08,0.689,0.751
USA,269,2005,13125663.6,1.234,-1.279
USA,470,2005,10138228.83,0.526,1.376
USA,105,2005,16547931.82,2.022,-1.472
USA,127,2005,93375509.77,1.164,-1.921
USA,70,2005,21351145.78,0.242,-0.962
USA,353,2005,911044704.05,1.022,0.829
USA,177,2005,34157654.38,1.008,1.051
USA,3,2005,27317200.8,1.024,-0.403
USA,441,2005,2671399659.0,0.738,1.587
USA,456,2005,74198568.05,4.482,-0.918
USA,208,2005,4667735.92,0.458,0.522
USA,128,2005,27397456.15,2.32,-0.452
USA,471,2005,724889071.51,1.558,-1.597
USA,178,2005,192547471.95,1.252,-2.126
USA,72,2005,7977652.8,1.553,1.473
USA,137,2005,17544299.34,1.619,0.188
USA,403,2005,1004828447.58,8.982,2.264
USA,83,2005,23013893.3,0.657,-1.436
USA,237,2005,553181970.31,1.741,0.574
USA,294,2005,37229875.42,2.772,0.505
USA,171,2005,49521158.45,0.568,0.078
USA,324,2005,51617612.12,2.243,-0.392
USA,427,2005,232961202.48,1.113,0.8
USA,113,2005,57963436.79,1.625,0.769
USA,272,2005,10729906.51,3.677,0.253
USA,160,2005,121527684.65,0.529,-0.14
USA,249,2005,3517049.28,1.554,0.149
USA,22,2005,51263185.78,2.578,0.657
USA,355,2005,10828831.59,0.473,-0.605
USA,66,2005,4178941.82,2.628,0.716
USA,282,2005,2496202.53,1.117,0.184
USA,472,2005,50912268.63,0.303,-2.036
USA,68,2005,26879044.79,1.56,-0.991
USA,309,2005,3087341.12,5.422,0.003
USA,116,2005,133983301.07,0.709,2.121
USA,104,2005,23156346.63,1.095,-0.394
USA,440,2005,25224424.07,0.815,-0.994
USA,55,2005,92417454.71,0.946,-1.137
USA,65,2005,651593941.28,0.879,0.78
USA,444,2005,1726376.59,1.415,-0.735
USA,284,2005,8449677.18,1.553,-0.153
USA,211,2005,19167825.14,2.216,1.679
USA,250,2005,977280952.67,0.361,0.688
USA,40,2005,66169249.35,1.72,-1.964
USA,288,2005,119394096.91,4.413,-0.258
USA,59,2005,114588334.99,0.859,-1.204
USA,337,2005,180895286.37,1.002,-0.262
USA,192,2005,23906886.41,0.675,1.408
USA,156,2005,80021500.57,2.275,-2.223
USA,61,2005,25448266.43,3.366,-0.192
USA,43,2005,90265148.9,0.085,-0.529
USA,359,2005,34932813.83,0.655,0.599
USA,45,2005,295195264.64,3.946,-0.493
USA,317,2005,339565686.57,1.445,0.317
USA,84,2015,517576153.61,2.912,-0.862
USA,218,2015,8758005750.26,0.468,0.531
USA,194,2015,191794388.98,0.35,-0.028
USA,329,2015,1064867756.72,2.028,-0.46
USA,437,2015,48895581.39,0.206,-1.547
USA,170,2015,13259457.57,3.071,-0.158
USA,174,2015,69408192.89,0.754,0.346
USA,105,2015,18717293.55,0.4,-1.087
USA,110,2015,118018398.35,2.393,-0.279
USA,328,2015,498440101.48,0.402,-1.406
USA,243,2015,118514491.97,2.953,0.202
USA,30,2015,19269791.47,0.523,1.039
USA,244,2015,6796321.47,4.429,0.388
USA,268,2015,25575988.6,1.115,0.703
USA,417,2015,6164490.43,1.605,0.542
USA,319,2015,52899087.94,2.845,0.423
USA,64,2015,627205694.39,0.744,-0.123
USA,150,2015,44374270.5,1.191,-0.611
USA,206,2015,481252251.32,0.989,0.0
USA,134,2015,70822572.67,0.778,1.182
USA,19,2015,201568351.14,0.857,-0.05
USA,98,2015,402938989.82,4.599,2.047
USA,3,2015,11284337.67,0.929,1.348
USA,52,2015,12757280.45,0.537,-1.035
USA,129,2015,46521494.5,1.949,0.687
USA,266,2015,10727003.98,2.39,-1.145
USA,193,2015,4385182.29,1.522,0.094
USA,208,2015,28293435.25,0.339,1.422
USA,117,2015,98120970.05,0.337,0.678
USA,207,2015,37754616.74,4.098,-2.605
USA,438,2015,2053991.23,0.616,2.667
USA,448,2015,9122226.73,0.667,1.047
USA,411,2015,4275337252.21,0.299,0.29
USA,25,2015,43591079.41,6.555,-1.419
USA,347,2015,77071918.17,0.238,-1.198
USA,17,2015,8751513.28,1.108,0.286
USA,146,2015,65404025.77,1.743,0.032
USA,379,2015,929239624.47,0.166,-1.094
USA,386,2015,10818008.69,0.869,-0.492
USA,192,2015,41955609.24,5.38,-0.924
USA,292,2015,384153370.84,0.812,0.819
USA,196,2015,28625837.58,3.138,1.015
USA,278,2015,9712941.31,0.481,0.413
USA,331,2015,4115187.88,0.943,-0.767
USA,159,2015,163848207.4,0.658,-0.364
USA,223,2015,9370046.96,1.931,0.462
USA,241,2015,128636190.99,0.57,-0.129
USA,261,2015,62663296.05,0.582,-1.21
USA,466,2015,10027493.71,2.242,0.826
USA,138,2015,13919807.0,2.735,-0.417
USA,200,2015,183267724.83,0.735,0.275
USA,356,2015,17346777.0,1.747,-0.474
USA,62,2015,965169994.91,3.841,1.02
USA,301,2015,390496753.54,0.199,-1.359
USA,395,2015,281378555.35,2.192,0.741
USA,115,2015,27140023.11,1.988,1.991
USA,158,2015,805357474.56,1.017,0.197
USA,21,2015,17331264.64,2.433,-0.182
USA,444,2015,98834834.83,0.32,-2.579
USA,238,2015,411825616.14,1.574,-0.579
USA,221,2023,3576579.65,2.775,-0.67
USA,203,2023,457857037.81,0.341,-1.749
USA,251,2023,42246016.07,0.946,0.9
USA,328,2023,31525194.66,0.708,-0.407
USA,120,2023,7970932.49,0.496,0.187
USA,84,2023,145048871.28,0.414,-1.182
USA,285,2023,1856541.9,0.832,0.602
USA,392,2023,179460573.01,1.603,0.915
USA,478,2023,106370073.74,3.346,-0.66
USA,212,2023,34703568.97,0.66,-1.535
USA,58,2023,803786.02,0.31,3.488
USA,269,2023,182505602.61,0.442,-0.639
USA,66,2023,150538700.29,2.101,0.295
USA,110,2023,36273937.0,1.961,0.618
USA,262,2023,8463818.29,1.11,-0.619
USA,214,2023,1626223420.48,1.63,-0.498
USA,441,2023,14962381.35,0.479,-1.058
USA,459,2023,154248412.33,2.233,-0.873
USA,25,2023,91249909.51,1.188,0.713
USA,263,2023,68677125.42,0.857,-1.047
USA,188,2023,27751778.32,0.716,-1.596
USA,403,2023,114142585.54,0.679,-1.741
USA,378,2023,17238201.29,0.298,0.329
USA,11,2023,208013699.65,0.967,2.068
USA,19,2023,60258999.23,0.156,0.26
USA,405,2023,282018272.42,0.49,0.163
USA,133,2023,723853594.02,0.885,0.728
USA,166,2023,20357901.4,0.071,0.205
USA,6,2023,28170593.86,7.608,-1.005
USA,354,2023,43009825.25,3.863,-1.055
USA,24,2023,63108748.96,0.7,0.019
USA,281,2023,267861469.75,3.468,0.189
USA,53,2023,47932831.15,2.603,-1.472
USA,397,2023,29316409.76,0.337,0.256
USA,172,2023,98176554.91,4.219,0.354
USA,117,2023,98679671.56,0.145,-0.385
USA,28,2023,12022208.7,0.317,0.802
USA,266,2023,52696043.23,0.717,-0.019
USA,158,2023,134198434.69,1.65,1.27
USA,157,2023,373148204.24,0.669,0.45
USA,70,2023,39087886.99,1.26,1.196
USA,385,2023,15614581.55,8.129,-0.45
USA,39,2023,5201960.2,0.659,0.111
USA,451,2023,631842.74,1.867,0.337
USA,175,2023,30262203.29,3.125,-2.708
USA,60,2023,33953141.41,5.574,-0.299
USA,164,2023,43133871.33,0.998,-0.237
USA,374,2023,21777337.92,1.62,0.961
USA,469,2023,367608423.63,0.132,1.354
USA,27,2023,512693.22,0.567,1.48
USA,76,2023,25372825.24,1.89,-0.08
USA,202,2023,114121122.83,3.599,-1.143
USA,225,2023,3560138.27,2.222,0.167
USA,422,2023,8527051.46,0.875,0.201
USA,431,2023,21910144.21,0.224,-0.028
USA,71,2023,180423726.94,0.405,1.154
USA,472,2023,40849205.82,2.922,0.503
USA,180,2023,962689789.08,0.517,1.189
USA,88,2023,21229739.52,1.133,-0.608
USA,309,2023,89726631.21,3.35,0.699
JPN,186,1995,80932869.52,2.595,-1.018
JPN,301,1995,126322680.35,0.304,0.882
JPN,441,1995,45741070.89,0.609,-0.849
JPN,34,1995,680933794.69,0.887,-2.366
JPN,281,1995,13513229.37,1.317,-1.139
JPN,385,1995,35301195.29,0.757,0.512
JPN,462,1995,28462975.22,3.09,0.047
JPN,370,1995,188800745.89,0.227,-0.724
JPN,416,1995,11574841.62,0.413,-0.796
JPN,56,1995,11976155.61,2.151,0.541
JPN,264,1995,21009234.01,0.055,-0.478
JPN,23,1995,27491585.93,0.185,0.332
JPN,163,1995,3281225.57,10.322,0.316
JPN,182,1995,179220059.61,0.669,-0.507
JPN,33,1995,21856753.5,1.279,1.032
JPN,21,1995,237478910.84,3.325,-0.319
JPN,192,1995,4681619.28,0.346,-0.679
JPN,162,1995,78671164.19,0.944,1.586
JPN,224,1995,231338182.6,2.838,-1.703
JPN,134,1995,33582466.31,3.096,-0.942
JPN,327,1995,68940423.17,0.349,0.379
JPN,323,1995,16347176.44,4.088,0.609
JPN,146,1995,100644157.36,2.577,1.166
JPN,117,1995,90384405.08,0.956,0.626
JPN,200,1995,198709923.59,1.91,-0.091
JPN,489,1995,586191634.79,0.812,-1.296
JPN,276,1995,7665151.84,3.431,-2.851
JPN,445,1995,20001717.73,1.537,0.846
JPN,408,1995,101309231.64,0.842,-2.621
JPN,316,1995,819093917.45,0.713,-2.106
JPN,101,1995,654421171.45,0.763,1.08
JPN,251,1995,16096983.82,1.384,0.001
JPN,346,1995,34579049.18,0.837,-0.455
JPN,31,1995,25436666.31,0.695,-1.659
JPN,388,1995,179329853.07,0.42,1.024
JPN,374,1995,324823927.44,0.086,-0.204
JPN,236,1995,119541054.75,1.64,-0.503
JPN,383,1995,104135028.16,6.434,1.447
JPN,29,1995,1151058923.75,0.7,-0.533
JPN,287,1995,20227065.36,0.637,1.528
JPN,311,1995,331450668.46,3.399,0.187
JPN,157,1995,12053363.89,0.163,0.294
JPN,475,1995,5182822.46,5.02,0.95
JPN,88,1995,12261072.64,0.461,-1.859
JPN,103,1995,180179526.23,1.576,0.825
JPN,452,1995,1162940223.61,1.987,-1.101
JPN,322,1995,278344025.83,0.503,0.818
JPN,474,1995,11345760.79,0.424,0.413
JPN,28,1995,16869912.94,0.875,-0.747
JPN,440,1995,7396472.87,5.959,0.698
JPN,423,1995,1081470.91,0.242,-2.249
JPN,98,1995,73670023.52,0.189,0.688
JPN,415,1995,13633316998.69,0.394,-1.05
JPN,187,1995,93238081.13,1.071,1.493
JPN,366,1995,226649234.81,2.4,1.058
JPN,129,1995,9140894.47,1.013,0.282
JPN,413,1995,102069568.15,0.619,1.392
JPN,270,1995,19297379.58,3.055,1.014
JPN,293,1995,17078284.07,0.235,-0.649
JPN,237,1995,10346057.21,0.816,-0.594
JPN,328,2005,126619843.52,0.606,-0.887
JPN,15,2005,8933584.72,0.678,-0.969
JPN,252,2005,349060449.23,0.499,-0.677
JPN,434,2005,15772791.19,17.587,0.956
JPN,350,2005,27158513.49,0.252,-0.049
JPN,405,2005,13343510.51,0.347,1.327
JPN,413,2005,317423662.74,1.87,0.113
JPN,258,2005,1201764309.63,1.93,-0.37
JPN,378,2005,151283111.58,0.153,0.428
JPN,254,2005,4722130.59,0.486,-0.367
JPN,146,2005,998763842.57,1.22,0.666
JPN,427,2005,3073424.78,0.59,-1.123
JPN,273,2005,162056218.22,0.098,-1.211
JPN,206,2005,44882463.86,0.661,-0.401
JPN,475,2005,337823571.66,2.577,-0.48
JPN,132,2005,76947202.64,0.182,1.136
JPN,83,2005,288905092.58,2.12,-0.401
JPN,170,2005,12461384.86,0.937,-0.288
JPN,82,2005,21163739.07,3.481,1.372
JPN,164,2005,121941505.16,2.65,0.286
JPN,399,2005,311228461.39,0.575,1.131
JPN,300,2005,105290312.77,2.221,2.405
JPN,274,2005,29451447.32,0.354,-0.393
JPN,177,2005,11043410.57,2.65,-0.063
JPN,220,2005,92246221.22,2.364,0.674
JPN,287,2005,28000414.2,0.341,-0.275
JPN,65,2005,253593896.05,2.208,0.537
JPN,128,2005,5537512.93,1.036,2.15
JPN,209,2005,37591992.25,0.305,-0.232
JPN,451,2005,74818143.55,1.214,1.366
JPN,490,2005,751665448.33,1.847,0.707
JPN,55,2005,12404531.0,2.276,-0.287
JPN,329,2005,11826258.83,0.236,0.315
JPN,239,2005,165683474.7,3.265,-0.915
JPN,260,2005,193195632.17,1.783,-0.384
JPN,293,2005,2893890.36,0.278,-0.489
JPN,459,2005,254550189.85,0.483,-1.021
JPN,478,2005,143541277.63,0.685,-0.419
JPN,115,2005,162203474.43,1.327,-1.275
JPN,425,2005,13301294.92,5.362,-1.98
JPN,111,2005,21761387.7,10.608,-0.466
JPN,92,2005,17781857.81,0.201,0.521
JPN,143,2005,25446422.23,0.513,0.348
JPN,466,2005,5281786.77,0.679,0.038
JPN,110,2005,101076968.98,0.658,0.347
JPN,64,2005,15053043.83,1.001,1.027
JPN,414,2005,77189620.63,2.513,0.881
JPN,450,2005,507454809.31,0.258,-1.179
JPN,441,2005,16101131.28,0.599,-1.281
JPN,53,2005,53000368.4,1.974,-0.297
JPN,270,2005,548867600.66,0.456,-0.668
JPN,62,2005,698521787.62,0.675,0.356
JPN,474,2005,1695693.51,0.651,0.511
JPN,457,2005,281266.12,0.337,-0.552
JPN,251,2005,5659593.79,0.325,-1.042
JPN,281,2005,100971207.84,0.64,0.663
JPN,196,2005,10620306276.41,0.446,0.732
JPN,113,2005,37121573.26,8.216,-0.76
JPN,448,2005,433458266.27,0.903,0.795
JPN,3,2005,269732953.05,3.011,0.713
JPN,4,2015,30766829.54,0.689,-0.36
JPN,74,2015,3491479.13,7.222,-0.931
JPN,255,2015,97670278.17,2.701,-1.299
JPN,252,2015,19366068.73,7.649,0.256
JPN,368,2015,481293631.48,0.119,0.581
JPN,58,2015,99128838.98,0.667,-0.99
JPN,85,2015,25711645.23,0.368,0.04
JPN,365,2015,19161740.26,1.672,0.798
JPN,422,2015,66814595.04,1.228,-0.501
JPN,94,2015,3972642.82,0.347,-0.546
JPN,65,2015,24390085.73,0.534,0.948
JPN,232,2015,225639865.98,0.773,-0.374
JPN,103,2015,11692766.59,1.041,0.228
JPN,183,2015,405763204.95,0.093,-1.881
JPN,474,2015,25522468.98,0.382,-0.444
JPN,125,2015,328818850.34,1.035,0.624
JPN,257,2015,2483675.32,0.235,-0.069
JPN,472,2015,78652468.27,0.443,3.075
JPN,350,2015,54521175.47,1.551,-0.837
JPN,301,2015,313806867.56,1.581,-0.807
JPN,459,2015,13396767.92,0.596,-0.632
JPN,423,2015,102323225.9,3.716,2.238
JPN,12,2015,228070502.33,4.148,-0.121
JPN,437,2015,4806511.78,2.561,-0.061
JPN,109,2015,288745981.61,0.243,-1.387
JPN,214,2015,583870103.94,0.108,0.212
JPN,166,2015,12085237.06,11.057,-0.19
JPN,108,2015,16916716.65,0.959,0.181
JPN,356,2015,192690546.38,2.034,-0.18
JPN,48,2015,7986846.48,1.367,1.799
JPN,39,2015,3100913.8,0.714,0.844
JPN,403,2015,200861796.41,0.853,0.083
JPN,208,2015,19668933.28,1.628,-0.424
JPN,260,2015,2559361173.05,0.456,0.66
JPN,233,2015,7185429.61,0.578,-0.42
JPN,407,2015,237822692.32,0.442,1.045
JPN,223,2015,49335939.08,0.134,2.019
JPN,293,2015,4287243.09,2.333,-0.382
JPN,256,2015,42159089.34,0.579,1.538
JPN,413,2015,766744241.22,3.278,1.406
JPN,468,2015,223118172.69,0.147,-0.303
JPN,401,2015,4164498.87,2.03,1.305
JPN,469,2015,6843838.84,0.189,-0.82
JPN,111,2015,87340454.55,0.683,-0.877
JPN,384,2015,676593826.6,0.699,-0.153
JPN,163,2015,673004590.53,8.583,-0.071
JPN,486,2015,171029559.32,0.905,0.985
JPN,132,2015,138456909.53,2.168,2.313
JPN,88,2015,34828069.15,0.577,-0.37
JPN,294,2015,517989654.88,0.135,0.523
JPN,15,2015,10502848.2,2.988,-1.484
JPN,140,2015,1759081.24,0.795,1.581
JPN,481,2015,76154330.77,0.649,-0.458
JPN,89,2015,45522237.81,0.711,-1.715
JPN,154,2015,14438918.38,0.458,1.436
JPN,86,2015,49287696.27,1.715,0.309
JPN,172,2015,9553587.08,1.135,1.048
JPN,251,2015,17109671.19,3.887,1.46
JPN,480,2015,24262470.11,2.449,-0.123
JPN,411,2015,4887841.01,2.137,1.138
JPN,40,2023,77955331.32,2.208,1.76
JPN,456,2023,14644598.96,5.542,-0.565
JPN,392,2023,20894622.08,0.411,-0.612
JPN,401,2023,596178828.63,0.335,-0.59
JPN,450,2023,247883990.64,0.193,1.061
JPN,25,2023,148427234.19,0.261,0.806
JPN,209,2023,1205868926.36,2.475,0.965
JPN,138,2023,2993129.58,1.285,1.052
JPN,432,2023,356401989.74,1.361,-2.216
JPN,288,2023,389654420.0,2.627,0.468
JPN,42,2023,19992367.47,0.344,0.441
JPN,94,2023,97876036.06,1.428,0.153
JPN,107,2023,12851584.82,0.703,0.019
JPN,457,2023,896087569.7,0.11,0.07
JPN,262,2023,18609441.38,0.475,1.646
JPN,67,2023,27811019.05,4.345,-0.281
JPN,453,2023,620519373.21,2.718,-0.233
JPN,437,2023,72718071.83,1.045,0.235
JPN,420,2023,375169070.85,0.131,0.166
JPN,350,2023,7425965854.36,0.369,-0.318
JPN,409,2023,122804682.25,1.479,0.328
JPN,37,2023,415118875.36,0.859,-0.041
JPN,46,2023,91584851.13,0.668,1.019
JPN,119,2023,4548563.61,3.078,0.102
JPN,465,2023,945803957.62,1.384,0.815
JPN,372,2023,23005012.87,0.517,2.586
JPN,337,2023,609865105.6,0.098,-0.019
JPN,53,2023,143181133.11,5.615,0.336
JPN,484,2023,9340915.28,0.215,-0.064
JPN,196,2023,31159929.49,2.018,0.438
JPN,160,2023,207095341.87,0.789,-1.11
JPN,202,2023,143900665.44,0.682,-0.217
JPN,275,2023,32263097.67,0.494,-0.412
JPN,213,2023,84594662.74,1.086,-1.24
JPN,435,2023,630146147.64,2.492,1.103
JPN,250,2023,14978133.55,2.093,0.119
JPN,318,2023,751600.21,0.388,0.455
JPN,7,2023,9029458.53,5.902,0.666
JPN,439,2023,1455474.33,0.926,-0.48
JPN,193,2023,12290776.07,0.546,1.211
JPN,444,2023,8548404.05,0.317,-2.575
JPN,416,2023,25845303.64,0.315,1.497
JPN,371,2023,25513252.19,1.2,0.966
JPN,85,2023,3707076468.68,0.236,0.525
JPN,279,2023,7318589.92,0.464,0.92
JPN,428,2023,706071329.42,3.87,-0.662
JPN,194,2023,19215345.44,3.026,1.633
JPN,325,2023,453670.26,1.19,0.369
JPN,208,2023,488023098.88,0.595,0.091
JPN,89,2023,74130423.68,1.357,0.93
JPN,324,2023,58619446.19,0.43,0.847
JPN,195,2023,65637059.86,0.463,0.395
JPN,365,2023,91696209.68,0.593,1.73
JPN,471,2023,270253101.64,0.551,0.014
JPN,486,2023,13988754.53,1.123,0.491
JPN,157,2023,105715213.16,1.047,-1.161
JPN,261,2023,1856935.32,2.106,-0.902
JPN,323,2023,66191001.42,0.345,0.755
JPN,137,2023,64523880.85,0.753,1.424
JPN,48,2023,109288747.89,1.301,0.143
KOR,123,1995,53792189.82,0.763,-2.887
KOR,90,1995,6046459.52,0.509,-0.338
KOR,169,1995,1008092377.81,3.292,-0.112
KOR,224,1995,76688114.81,3.592,-0.693
KOR,356,1995,22009703.12,0.638,-0.507
KOR,272,1995,1478374.01,0.561,-1.517
KOR,23,1995,139977797.84,0.691,-0.194
KOR,226,1995,156686376.02,11.878,-1.19
KOR,84,1995,82901439.8,2.262,0.363
KOR,386,1995,22442104.26,0.469,-0.117
KOR,41,1995,204590010.95,3.035,-0.101
KOR,445,1995,414968656.02,0.15,1.343
KOR,310,1995,83373636.12,0.217,-1.175
KOR,462,1995,34674486.24,0.545,-0.327
KOR,74,1995,10644303.78,1.844,1.645
KOR,309,1995,4706734.54,0.428,0.971
KOR,472,1995,13948915.99,1.265,-1.475
KOR,108,1995,11021704.32,0.22,1.01
KOR,30,1995,15696696.86,1.842,0.653
KOR,196,1995,13163956.57,0.513,0.287
KOR,232,1995,130713593.34,0.329,-0.544
KOR,95,1995,5505032.3,2.0,-0.203
KOR,215,1995,61768009.48,1.606,0.964
KOR,368,1995,847344089.0,1.761,0.71
KOR,17,1995,49383951.79,0.309,0.857
KOR,268,1995,1113440.1,0.891,-0.608
KOR,193,1995,44733151.44,3.889,1.517
KOR,35,1995,171849674.95,0.524,-1.111
KOR,327,1995,22464174.82,0.421,-0.623
KOR,427,1995,382588656.43,2.268,-0.028
KOR,168,1995,442393461.96,12.476,-1.177
KOR,450,1995,205042703.79,0.704,0.655
KOR,391,1995,155373006.22,0.851,0.966
KOR,138,1995,705490569.94,0.259,-0.38
KOR,92,1995,163718864.0,0.766,0.876
KOR,315,1995,32510046.96,2.453,-0.403
KOR,238,1995,58147945.26,0.697,-0.21
KOR,188,1995,41102721569.43,1.757,0.401
KOR,336,1995,16978048.75,0.331,1.793
KOR,102,1995,11485294.09,8.035,-2.267
KOR,61,1995,299652221.02,0.557,-0.074
KOR,192,1995,16932246.96,0.216,0.303
KOR,70,1995,66622912.4,0.996,1.293
KOR,146,1995,360319020.34,1.72,-0.382
KOR,58,1995,10880262.07,1.383,1.079
KOR,33,1995,544833.87,2.634,0.388
KOR,229,1995,760494742.89,0.436,-1.951
KOR,101,1995,262452840.89,0.528,0.94
KOR,208,1995,107531957.32,1.781,-1.424
KOR,3,1995,2005206.8,0.549,1.781
KOR,372,1995,42900901.83,0.952,-0.586
KOR,431,1995,2956947.98,1.401,-0.209
KOR,275,1995,65216665.47,0.494,1.583
KOR,428,1995,40206698.34,0.373,-1.078
KOR,460,1995,10149389.24,1.298,1.666
KOR,219,1995,320350872.46,0.647,0.886
KOR,452,1995,32795751.5,1.108,0.41
KOR,490,1995,387739799.78,0.213,0.275
KOR,86,1995,4067459.26,2.286,-0.12
KOR,456,1995,405671.42,4.464,0.615
KOR,367,2005,47082752.93,1.586,1.428
KOR,413,2005,679924004.08,0.094,-0.876
KOR,91,2005,3309483.75,0.479,-2.031
KOR,385,2005,45957124.16,0.915,-0.367
KOR,192,2005,315871310.22,1.005,-0.438
KOR,251,2005,130709020.19,1.548,0.292
KOR,256,2005,3042268.64,0.617,-0.258
KOR,273,2005,603302287.55,6.361,2.912
KOR,441,2005,19201623.3,2.363,-0.831
KOR,68,2005,78387045.13,1.841,-0.985
KOR,84,2005,222399342.51,1.461,0.655
KOR,35,2005,21228016.39,0.229,-0.205
KOR,404,2005,26007394.51,1.325,-0.797
KOR,435,2005,196496199.04,0.352,0.511
KOR,305,2005,31673074.33,0.966,0.651
KOR,200,2005,205470799.72,0.879,0.531
KOR,140,2005,31612623.51,3.035,1.184
KOR,207,2005,1079584.84,1.097,0.053
KOR,422,2005,5051023.67,0.348,0.122
KOR,397,2005,9961557.71,0.396,1.704
KOR,164,2005,6825709.91,0.535,1.195
KOR,274,2005,8033703.43,0.981,-0.113
KOR,350,2005,13003217.87,1.745,-2.412
KOR,290,2005,13156334.75,0.479,-1.254
KOR,311,2005,63242383.02,0.881,0.874
KOR,437,2005,93917615.61,0.292,0.366
KOR,79,2005,620017037.57,2.694,0.977
KOR,293,2005,68078875.76,2.568,-0.073
KOR,13,2005,192674363.36,2.103,0.658
KOR,5,2005,3338169.31,0.43,-0.748
KOR,166,2005,1496933642.83,1.377,2.034
KOR,102,2005,13414737.4,2.35,-1.689
KOR,137,2005,32922646.62,0.267,-0.361
KOR,410,2005,28302597.57,1.113,0.354
KOR,376,2005,6231226.77,1.397,-1.261
KOR,41,2005,8367115.33,5.902,0.551
KOR,236,2005,16384379.97,1.118,-0.774
KOR,423,2005,44834250.74,0.984,-1.769
KOR,109,2005,2582422.89,0.549,-1.994
KOR,190,2005,719841990.67,11.524,1.151
KOR,322,2005,51947116.65,0.589,1.37
KOR,466,2005,11842594.51,0.257,-0.751
KOR,270,2005,213959146.95,2.588,0.483
KOR,40,2005,81000254.4,0.995,0.872
KOR,146,2005,101022968.83,3.779,-0.711
KOR,333,2005,23929846.22,4.272,-1.681
KOR,354,2005,18436701.64,0.947,1.793
KOR,108,2005,84403687.92,0.208,1.044
KOR,336,2005,74179706.23,0.919,0.827
KOR,261,2005,33359315.29,2.222,-0.457
KOR,260,2005,286973790.67,1.072,0.434
KOR,462,2005,724514231.42,2.209,0.133
KOR,427,2005,127316296.5,1.152,1.5
KOR,361,2005,43788127.52,0.525,-0.456
KOR,399,2005,44859585.48,0.419,-0.937
KOR,90,2005,410524521.6,0.694,-0.042
KOR,431,2005,173193053.01,0.38,-1.314
KOR,18,2005,936718270.09,0.756,0.825
KOR,135,2005,152791729.31,0.769,-0.704
KOR,89,2005,1186771688.21,0.15,-0.89
KOR,3,2015,10788553.85,1.04,-1.777
KOR,263,2015,22924573.34,1.638,0.878
KOR,61,2015,692690185.03,0.408,0.474
KOR,475,2015,18350316.96,0.805,1.851
KOR,459,2015,8066384.93,0.659,-0.891
KOR,432,2015,114710816.59,2.374,-0.142
KOR,182,2015,217029663.44,3.643,-0.858
KOR,164,2015,134703320.86,0.605,-0.106
KOR,34,2015,183013708.42,0.665,1.749
KOR,377,2015,26000014.65,0.798,-0.57
KOR,426,2015,151684892.41,0.218,0.613
KOR,196,2015,102182661.16,0.51,-0.857
KOR,146,2015,466569585.5,2.065,-0.604
KOR,260,2015,35019609.84,2.286,0.682
KOR,113,2015,4855497.68,0.826,-0.081
KOR,16,2015,4430855.94,0.776,0.379
KOR,174,2015,143185604.49,0.885,0.558
KOR,18,2015,493989017.48,1.168,-1.207
KOR,441,2015,242768956.84,1.063,-0.548
KOR,303,2015,26078669.06,2.202,-1.26
KOR,434,2015,15613985.71,0.795,-0.39
KOR,126,2015,110280283.42,0.28,0.634
KOR,40,2015,74848687.36,0.502,0.701
KOR,80,2015,710192.5,1.006,-1.267
KOR,311,2015,11127844.34,1.344,1.067
KOR,297,2015,8402630.83,1.033,-0.198
KOR,364,2015,168240985.71,1.536,-0.173
KOR,239,2015,18845287.53,1.811,-0.94
KOR,334,2015,59640748.8,0.994,-1.392
KOR,45,2015,18657649.67,0.313,-1.092
KOR,352,2015,20406129.53,1.013,1.1
KOR,66,2015,3809685.75,2.126,2.03
KOR,134,2015,441081091.66,0.807,1.826
KOR,466,2015,23860496.23,2.457,0.141
KOR,417,2015,13884128.25,0.279,-0.67
KOR,267,2015,244794870.17,1.351,-1.082
KOR,356,2015,714708742.1,3.3,1.18
KOR,362,2015,3082683.85,4.875,2.159
KOR,313,2015,70013354.03,2.339,-2.696
KOR,85,2015,57034039.13,1.048,-0.442
KOR,386,2015,61557703.73,0.373,1.142
KOR,9,2015,255382752.33,2.048,1.497
KOR,318,2015,19183401.29,1.503,0.948
KOR,178,2015,3527507.21,1.344,0.946
KOR,379,2015,6355014.14,3.091,-0.644
KOR,450,2015,132651123.41,0.595,0.564
KOR,220,2015,88011253.32,0.593,-0.215
KOR,483,2015,45152012.66,1.599,-1.018
KOR,217,2015,10714693.22,7.392,1.654
KOR,257,2015,37819374.45,0.583,-0.273
KOR,215,2015,32369560.22,2.83,1.111
KOR,262,2015,8419454.38,0.678,1.204
KOR,10,2015,17622704.31,0.493,0.677
KOR,288,2015,6573372.85,1.513,-0.362
KOR,101,2015,381426533.15,1.328,0.794
KOR,98,2015,1597778.87,3.451,-0.499
KOR,169,2015,130478985.25,3.372,-1.86
KOR,309,2015,29664684.38,0.449,0.173
KOR,290,2015,26708419.58,1.287,-1.428
KOR,121,2015,387991887.67,0.674,0.148
KOR,200,2023,17346368.42,1.281,-0.023
KOR,25,2023,1012247044.83,2.656,-0.736
KOR,28,2023,43714241.25,6.831,-1.395
KOR,286,2023,36876636.76,2.868,2.749
KOR,383,2023,27319192.74,1.608,1.505
KOR,89,2023,55149878.74,1.796,-1.149
KOR,364,2023,46066337.39,1.913,1.313
KOR,275,2023,29995276.06,0.525,0.049
KOR,152,2023,11451634.2,0.945,-1.079
KOR,249,2023,234514377.43,1.45,-0.112
KOR,122,2023,13639248.3,2.013,0.069
KOR,141,2023,90223674.45,3.233,-1.321
KOR,78,2023,2432476.99,1.067,-0.544
KOR,368,2023,12381000.14,2.503,-0.817
KOR,468,2023,32618442.84,1.84,1.473
KOR,307,2023,28019868.8,0.34,-0.339
KOR,223,2023,7632696.78,5.043,-1.194
KOR,103,2023,1726823.48,1.815,0.132
KOR,397,2023,155691958.03,0.874,-0.794
KOR,301,2023,1621244.85,0.64,0.346
KOR,137,2023,834745203.1,1.231,0.954
KOR,448,2023,88666195.01,0.369,0.023
KOR,276,2023,5927791.99,0.682,-0.574
KOR,293,2023,553538807.89,0.75,0.76
KOR,144,2023,2413957.31,0.65,0.288
KOR,169,2023,42979141.91,0.232,0.141
KOR,365,2023,12003708.58,1.723,-0.807
KOR,477,2023,1503919.7,0.134,0.365
KOR,60,2023,1521368047.17,1.793,0.506
KOR,79,2023,18142310.7,3.205,1.393
KOR,342,2023,60781311.43,0.356,-2.153
KOR,9,2023,401674934.52,1.295,1.031
KOR,215,2023,5911907.39,1.016,-1.234
KOR,329,2023,151599626.21,0.627,-0.637
KOR,175,2023,91187548.67,2.47,-1.243
KOR,104,2023,12025913.64,7.439,-0.395
KOR,113,2023,80614583.67,0.08,-1.475
KOR,321,2023,41943361.16,2.402,1.736
KOR,190,2023,321407462.69,0.182,-0.785
KOR,19,2023,2775719.22,1.557,0.682
KOR,384,2023,145711500.29,0.679,2.133
KOR,194,2023,30953408.04,0.745,-0.462
KOR,119,2023,641699295.34,1.586,-0.723
KOR,115,2023,203741405.24,0.704,-0.518
KOR,299,2023,14354805.23,1.361,-0.133
KOR,235,2023,1143829536.12,0.25,0.683
KOR,476,2023,104458567.32,1.165,-0.325
KOR,45,2023,1048244088.26,0.066,0.359
KOR,21,2023,22465164.97,0.323,-0.958
KOR,298,2023,20705314.46,0.839,-0.839
KOR,359,2023,47364354.93,1.516,-1.052
KOR,189,2023,332931562.78,0.786,0.461
KOR,135,2023,419909039.41,0.643,-0.153
KOR,350,2023,399919772.44,2.319,0.735
KOR,72,2023,1585335185.93,5.744,-1.231
KOR,170,2023,12115832.64,0.471,-0.969
KOR,29,2023,526388151.75,0.315,-1.795
KOR,304,2023,2024785.43,0.224,0.467
KOR,62,2023,514927164.18,16.991,0.292
KOR,361,2023,57240293.92,1.456,-1.278
DEU,151,1995,14527386.21,1.067,1.272
DEU,304,1995,195554735.14,1.52,0.008
DEU,24,1995,85184852.44,0.157,-0.239
DEU,327,1995,5565722.51,1.058,-0.453
DEU,33,1995,2951132.51,0.735,-0.194
DEU,282,1995,1350121.36,1.373,-0.147
DEU,373,1995,26504157.04,2.966,-0.184
DEU,346,1995,263233200.26,1.625,0.919
DEU,367,1995,69979084.06,2.524,-0.231
DEU,86,1995,804761161.6,0.76,1.17
DEU,307,1995,70529701.26,0.376,0.573
DEU,402,1995,53019585.1,2.845,-1.098
DEU,490,1995,468574258.83,0.682,1.337
DEU,278,1995,7752023.48,1.007,1.513
DEU,180,1995,43042057.3,0.364,-0.785
DEU,318,1995,176768172.07,0.496,-0.243
DEU,120,1995,6689396.27,0.291,-1.076
DEU,52,1995,22749297.96,3.805,0.803
DEU,365,1995,19010832.25,0.11,0.317
DEU,53,1995,168689956.44,0.172,1.956
DEU,39,1995,8186372.95,0.65,0.332
DEU,435,1995,547240939.98,1.209,1.101
DEU,484,1995,4653364.69,0.381,-1.665
DEU,135,1995,10159490.99,1.338,-0.381
DEU,297,1995,14092075.24,0.245,0.961
DEU,401,1995,9513079.98,0.93,-0.274
DEU,162,1995,18107891.16,0.532,-0.272
DEU,294,1995,2862940.83,0.871,-1.825
DEU,170,1995,78022070.92,1.046,-0.693
DEU,250,1995,50633279.71,1.56,0.916
DEU,174,1995,9305905.35,0.395,1.001
DEU,354,1995,50663252.54,1.557,0.525
DEU,475,1995,10789107.16,0.79,0.455
DEU,196,1995,367712457.67,1.675,-0.192
DEU,312,1995,9417416.56,0.124,0.931
DEU,322,1995,12796740.94,1.509,0.116
DEU,396,1995,10030076.08,1.02,0.305
DEU,285,1995,246086960.78,1.406,0.635
DEU,164,1995,28820503.22,3.371,0.642
DEU,15,1995,1246119.13,0.337,-0.713
DEU,194,1995,2510795.24,0.579,-0.364
DEU,37,1995,76745569.12,2.214,-0.547
DEU,361,1995,302532874.41,0.236,-0.914
DEU,31,1995,38666771.43,1.141,1.297
DEU,423,1995,42082086.62,0.558,0.983
DEU,301,1995,2610073.62,0.38,-1.519
DEU,129,1995,62454086.67,1.284,-0.8
DEU,465,1995,185856352.78,4.893,-0.237
DEU,349,1995,1193152572.19,1.778,-1.019
DEU,415,1995,21261310.59,2.215,-0.172
DEU,313,1995,70643851.77,0.192,0.323
DEU,110,1995,6611937.2,0.399,-0.953
DEU,157,1995,6677765.22,0.26,-0.682
DEU,111,1995,5315759.45,0.458,-0.922
DEU,156,1995,110083698.64,0.2,-1.013
DEU,481,1995,70563830.82,0.602,-0.763
DEU,144,1995,7982153.15,0.345,-0.029
DEU,42,1995,122011221.59,1.836,-1.291
DEU,202,1995,54366205.02,1.096,0.592
DEU,27,1995,547299.66,1.712,0.093
DEU,143,2005,1649317308.87,0.952,1.46
DEU,127,2005,132588802.69,2.326,0.337
DEU,71,2005,14768064.61,9.86,-0.075
DEU,402,2005,84140569.13,1.143,-0.328
DEU,292,2005,186977759.88,0.665,-1.416
DEU,84,2005,11899956.66,8.404,0.482
DEU,135,2005,250836099.99,0.441,0.339
DEU,293,2005,503405030.92,2.296,1.177
DEU,358,2005,2352141.76,3.054,0.889
DEU,471,2005,13313808.05,3.334,0.0
DEU,45,2005,182952042.61,3.101,2.751
DEU,368,2005,78126883.74,0.093,-1.004
DEU,250,2005,13134863.96,0.226,-0.584
DEU,336,2005,27295168.62,0.676,0.094
DEU,128,2005,42944468.57,4.288,0.897
DEU,433,2005,5098007.55,1.595,-0.107
DEU,382,2005,38424198.08,2.138,0.719
DEU,330,2005,450461023.76,1.076,0.045
DEU,304,2005,5945306.71,0.307,-1.831
DEU,280,2005,4158106.37,1.598,-1.097
DEU,119,2005,58654340.0,0.474,0.199
DEU,52,2005,22772772.95,1.207,0.471
DEU,488,2005,38466538.17,0.898,0.955
DEU,141,2005,2756305.52,1.094,0.123
DEU,428,2005,346093537.06,1.521,0.921
DEU,392,2005,893829248.86,6.331,0.067
DEU,276,2005,6454848.65,0.682,0.7
DEU,189,2005,597330352.58,0.262,1.265
DEU,181,2005,1555614.54,0.302,-1.69
DEU,452,2005,4315370.34,0.673,-1.18
DEU,219,2005,3495019.22,0.456,-0.414
DEU,162,2005,26997382.61,2.462,-0.606
DEU,486,2005,591260175.59,3.159,-1.211
DEU,395,2005,549327525.47,0.267,-0.602
DEU,156,2005,3232100.18,0.093,0.929
DEU,341,2005,69512330.4,1.262,0.386
DEU,263,2005,651149339.58,6.761,-1.497
DEU,115,2005,98950822.26,0.629,-0.254
DEU,334,2005,6151355.41,2.171,1.145
DEU,324,2005,112627550.16,1.61,1.037
DEU,284,2005,15075338.12,0.733,-0.15
DEU,453,2005,100377040.86,1.922,-0.176
DEU,254,2005,23292410.39,1.394,1.233
DEU,102,2005,11137670.88,2.092,0.83
DEU,478,2005,16248330.5,0.888,0.077
DEU,39,2005,321510966.4,0.601,0.172
DEU,411,2005,191310972.7,0.178,-0.374
DEU,310,2005,2715875.18,0.45,2.817
DEU,60,2005,217639027.3,0.387,-0.209
DEU,68,2005,47542438.75,1.478,-0.176
DEU,256,2005,60614076.41,1.632,-0.673
DEU,117,2005,571017260.9,1.319,0.672
DEU,462,2005,90722029.34,0.69,-0.445
DEU,214,2005,36085071.53,4.159,-1.296
DEU,140,2005,42439830.36,1.926,1.094
DEU,160,2005,7388666.57,0.207,1.356
DEU,391,2005,334504242.5,0.431,-1.536
DEU,18,2005,126528696.46,0.062,0.069
DEU,180,2005,7734007.12,0.906,-0.178
DEU,105,2005,20354896.1,2.528,-1.304
DEU,268,2015,28422922.67,3.32,2.477
DEU,423,2015,911596471.44,0.378,-1.494
DEU,123,2015,33743484.73,0.637,0.215
DEU,339,2015,20392946.4,0.592,0.184
DEU,388,2015,105469846.72,2.47,0.15
DEU,356,2015,544460839.49,0.244,-0.329
DEU,156,2015,32206023.99,11.531,-0.989
DEU,276,2015,5807035.87,0.819,-1.426
DEU,150,2015,43849821.11,1.407,1.258
DEU,454,2015,37355868.69,0.527,1.655
DEU,458,2015,45878070.18,1.065,-0.361
DEU,480,2015,49863115.55,2.163,-1.161
DEU,355,2015,13660212.12,0.918,1.43
DEU,54,2015,21198326.13,3.687,1.35
DEU,27,2015,15039063.57,3.915,-1.01
DEU,385,2015,223342538.78,1.094,0.923
DEU,39,2015,45374293.22,1.48,0.403
DEU,98,2015,66158329.32,0.712,1.766
DEU,177,2015,116867354.87,1.311,-1.15
DEU,463,2015,11071446.92,0.726,1.021
DEU,82,2015,10541024.3,1.586,-0.066
DEU,16,2015,39850179.19,2.629,1.687
DEU,73,2015,23331012.45,0.603,1.3
DEU,366,2015,19506540.49,0.413,0.502
DEU,417,2015,234630017.91,0.807,1.646
DEU,236,2015,39830133.06,0.472,0.786
DEU,188,2015,45038385.82,0.417,-0.393
DEU,205,2015,196582784.34,0.562,-0.356
DEU,365,2015,628835135.48,0.593,-1.658
DEU,110,2015,62864750.11,0.221,1.216
DEU,146,2015,29962598.35,0.21,-0.455
DEU,359,2015,8194362.34,1.538,-0.53
DEU,194,2015,4674188.3,1.46,0.043
DEU,37,2015,107114334.37,1.071,0.489
DEU,328,2015,55852071.66,1.657,1.946
DEU,215,2015,11616711.49,0.311,-0.795
DEU,170,2015,1206062212.15,1.523,-0.326
DEU,6,2015,35358372.05,0.862,-1.569
DEU,164,2015,85190430.32,0.239,-0.884
DEU,483,2015,111477354.57,0.891,-1.34
DEU,445,2015,81644443.22,0.988,0.684
DEU,256,2015,4973306.01,0.964,-0.075
DEU,132,2015,54885585.95,0.585,1.408
DEU,139,2015,1479029397.72,1.689,-0.125
DEU,470,2015,11757398.89,1.803,-0.243
DEU,346,2015,11978153.6,4.254,0.823
DEU,239,2015,4918653.3,0.243,0.355
DEU,313,2015,6371901.57,3.262,0.317
DEU,127,2015,19492460.36,0.518,-0.782
DEU,62,2015,762046453.7,1.036,-0.189
DEU,427,2015,11669309.57,3.227,-0.888
DEU,368,2015,289282989.59,0.774,-0.091
DEU,292,2015,3437307.66,2.788,-1.861
DEU,250,2015,19519717.92,2.952,0.175
DEU,113,2015,53766526.58,0.69,0.919
DEU,131,2015,171727604.03,0.523,-0.246
DEU,92,2015,345624498.73,3.388,-0.352
DEU,201,2015,229103994.69,2.299,0.334
DEU,152,2015,3035503.99,0.967,0.413
DEU,441,2015,19613574.0,0.708,0.285
DEU,361,2023,66233088.32,0.333,-0.694
DEU,84,2023,8182983.04,0.674,-1.096
DEU,267,2023,56693043.44,1.825,-0.674
DEU,260,2023,5579265.97,1.006,-0.409
DEU,453,2023,117039185.8,0.686,-0.19
DEU,256,2023,392826136.78,2.47,-0.622
DEU,322,2023,40118216.11,0.777,1.607
DEU,214,2023,20719888.57,0.132,0.087
DEU,168,2023,318238202.44,2.567,0.88
DEU,255,2023,243213482.45,2.84,-0.232
DEU,432,2023,789940439.97,0.699,-1.586
DEU,268,2023,40807869.78,2.442,0.407
DEU,223,2023,175071530.53,3.945,-0.47
DEU,215,2023,3323530.82,0.348,-1.011
DEU,285,2023,1307542111.49,0.403,-0.857
DEU,451,2023,78689434.86,0.496,-0.333
DEU,194,2023,415041256.72,0.472,-0.962
DEU,415,2023,77670181.46,0.859,0.688
DEU,251,2023,2293569.08,1.865,-0.888
DEU,85,2023,42693308.08,0.353,-1.698
DEU,108,2023,14245746.9,0.728,-0.609
DEU,350,2023,2438436169.5,0.124,-1.738
DEU,437,2023,13613179.16,0.462,0.723
DEU,284,2023,456741966.85,0.198,-0.329
DEU,374,2023,84463905.65,0.184,-0.565
DEU,152,2023,70567886.25,1.049,0.033
DEU,89,2023,9418744.9,0.427,-1.265
DEU,15,2023,14687898.03,2.316,1.418
DEU,178,2023,3796758.15,1.088,-0.527
DEU,17,2023,946971495.34,0.856,-0.265
DEU,120,2023,271762857.52,0.338,0.779
DEU,273,2023,411765625.11,2.759,0.545
DEU,147,2023,17178335.03,2.276,-2.482
DEU,452,2023,130510880.49,0.375,-0.635
DEU,468,2023,7162543953.6,1.424,0.551
DEU,243,2023,37116675.88,1.154,-1.147
DEU,58,2023,548256925.38,0.185,0.103
DEU,125,2023,131555798.14,2.459,0.432
DEU,22,2023,5660745.24,1.237,-2.929
DEU,96,2023,180588523.36,1.354,-2.316
DEU,359,2023,5054992.2,1.033,-1.533
DEU,116,2023,76318753.51,1.136,0.52
DEU,160,2023,279803316.6,1.54,-1.638
DEU,143,2023,8748610.48,4.174,1.543
DEU,66,2023,1162537655.36,0.747,1.589
DEU,244,2023,92578017.5,0.48,2.122
DEU,490,2023,109423584.54,0.968,0.142
DEU,135,2023,193148527.38,1.755,1.039
DEU,12,2023,78647055.21,0.801,-0.834
DEU,146,2023,66571192.22,1.522,0.474
DEU,127,2023,18940825.97,0.835,-0.256
DEU,5,2023,25248411.82,0.847,-0.506
DEU,433,2023,113975689.18,0.695,0.978
DEU,414,2023,450727267.83,0.75,0.702
DEU,262,2023,35426300.44,0.411,-1.104
DEU,275,2023,10638912.74,3.097,1.109
DEU,370,2023,100141637.35,0.433,-0.084
DEU,92,2023,2519244.73,0.554,0.411
DEU,60,2023,85275008.11,0.332,-0.078
DEU,226,2023,1243278822.93,1.108,-0.099
IND,59,1995,277111073.81,3.722,0.572
IND,182,1995,285808773.03,1.618,0.081
IND,5,1995,156158090.35,0.606,-1.313
IND,9,1995,1025199.48,1.543,-1.188
IND,297,1995,9080302.72,0.672,-0.598
IND,71,1995,103603937.22,0.41,0.83
IND,428,1995,33653735.31,0.343,-0.128
IND,224,1995,156156764.63,1.135,-0.63
IND,92,1995,1008001.06,1.662,0.059
IND,95,1995,1634822.56,0.598,-1.145
IND,248,1995,72782128.5,0.361,-0.345
IND,140,1995,86219567.52,2.914,2.687
IND,145,1995,25774027.61,1.225,0.659
IND,367,1995,6597276.19,0.037,1.459
IND,340,1995,248882108.44,1.149,-0.347
IND,147,1995,125617590.34,0.221,-1.599
IND,166,1995,18756123.98,1.281,0.609
IND,292,1995,320632443.88,2.807,-0.654
IND,365,1995,41435800.82,0.937,1.432
IND,29,1995,244592691.24,0.31,1.277
IND,263,1995,103708333.52,7.129,2.614
IND,374,1995,9478480.22,1.27,0.167
IND,313,1995,1419451932.11,0.41,-0.584
IND,468,1995,261374248.47,3.943,0.735
IND,415,1995,4782870.38,0.046,0.313
IND,96,1995,51887324.17,0.2,-0.584
IND,379,1995,42065297.8,5.143,0.799
IND,282,1995,34522817.71,8.768,-0.426
IND,98,1995,62327806.9,0.544,-0.695
IND,251,1995,47869824.79,1.93,-1.082
IND,60,1995,315511998.96,0.843,1.904
IND,219,1995,76659503.97,1.122,0.573
IND,207,1995,252759566.55,0.43,-0.437
IND,239,1995,1397981.06,0.918,1.376
IND,25,1995,28838919.47,1.054,-0.67
IND,366,1995,81082562.11,0.3,-1.996
IND,152,1995,50542886.6,1.882,-0.671
IND,484,1995,131781871.24,0.369,-1.414
IND,272,1995,794253851.87,0.766,-0.781
IND,395,1995,198907915.59,0.255,-0.842
IND,421,1995,267709680.89,0.218,0.556
IND,472,1995,42644265.94,0.9,1.164
IND,186,1995,749460953.52,0.971,-0.249
IND,237,1995,3649244105.35,0.525,-0.131
IND,164,1995,6310567.82,0.6,0.568
IND,66,1995,10326082.34,0.865,0.848
IND,322,1995,316228383.0,1.424,-1.233
IND,141,1995,749101384.01,0.508,-1.314
IND,372,1995,37899194.95,0.747,-1.424
IND,459,1995,126891627.96,11.461,-0.039
IND,478,1995,43776038.48,1.862,-0.595
IND,343,1995,146243196.13,0.882,1.287
IND,31,1995,3484189.2,0.783,0.14
IND,440,1995,17162036.55,20.59,-1.023
IND,333,1995,25810984.13,4.014,-0.109
IND,392,1995,152120370.32,0.592,0.818
IND,269,1995,177086191.21,2.924,-0.575
IND,419,1995,40612311.94,0.813,-0.613
IND,58,1995,485158672.42,1.635,-0.945
IND,268,1995,8321524.73,1.128,-0.503
IND,205,2005,4360096.75,0.186,-0.824
IND,30,2005,5245075.38,1.102,-1.349
IND,293,2005,210325900.78,0.11,0.514
IND,465,2005,95809750.99,0.548,0.926
IND,40,2005,57132236.39,1.819,1.707
IND,68,2005,51911954.26,0.561,1.697
IND,207,2005,48232186.92,0.842,-0.608
IND,79,2005,27008413.94,3.176,-1.188
IND,262,2005,1449805044.89,0.265,0.537
IND,330,2005,196538691.16,2.681,1.349
IND,223,2005,258295302.16,0.205,-0.435
IND,254,2005,41557650.77,0.189,0.486
IND,404,2005,11033257.73,1.583,-0.13
IND,206,2005,97359637.08,1.985,-0.998
IND,305,2005,78437812.57,1.441,-0.255
IND,60,2005,1747237406.57,4.245,-0.998
IND,84,2005,1535062467.58,4.386,1.826
IND,309,2005,38101188.97,0.444,-0.501
IND,165,2005,8393615.27,0.521,1.231
IND,417,2005,244313468.39,1.559,0.234
IND,109,2005,43364960.64,7.917,-0.674
IND,245,2005,12819161.11,1.048,1.064
IND,472,2005,65628940.83,0.357,-0.556
IND,438,2005,86955838.37,8.514,-2.293
IND,371,2005,89120189.71,0.66,1.262
IND,445,2005,37265590.54,3.04,0.086
IND,310,2005,1301444.17,0.829,0.782
IND,125,2005,245222684.54,0.253,-0.719
IND,275,2005,149421854.05,0.638,-0.487
IND,414,2005,29822851.86,0.717,-0.531
IND,171,2005,1262661.52,1.548,-1.816
IND,428,2005,12763162.12,2.623,-0.304
IND,458,2005,37585603.89,0.782,0.524
IND,486,2005,31485649.02,2.604,-1.16
IND,180,2005,120140775.44,5.831,1.251
IND,279,2005,80654768.78,3.36,0.264
IND,464,2005,1693072.86,0.471,-0.962
IND,243,2005,46684361.91,1.485,1.734
IND,224,2005,44094085.25,20.299,-0.021
IND,199,2005,144420371.32,1.058,-0.155
IND,433,2005,3778700.83,0.843,-0.661
IND,160,2005,872795670.19,0.834,-0.569
IND,192,2005,218699120.9,0.168,-1.55
IND,15,2005,17784749.7,0.792,-1.689
IND,261,2005,339496506.99,1.706,0.854
IND,353,2005,40518306.86,0.391,1.025
IND,19,2005,47413229.74,0.828,-1.078
IND,405,2005,10027366.16,3.315,-1.453
IND,484,2005,24840049.78,0.961,0.443
IND,200,2005,250789748.29,5.733,1.336
IND,24,2005,168860.54,0.865,2.441
IND,377,2005,48647104.74,1.525,0.008
IND,94,2005,17829080.64,0.402,-1.485
IND,316,2005,14141446.01,1.196,1.034
IND,397,2005,59108418.33,1.625,1.218
IND,274,2005,312812028.53,2.453,-1.354
IND,122,2005,2996452.71,0.537,-1.807
IND,264,2005,2355046.11,0.888,1.257
IND,43,2005,37455855.08,0.194,0.426
IND,382,2005,43274601.86,1.203,0.187
IND,119,2015,189716160.45,0.579,-0.778
IND,294,2015,57003399.19,2.714,0.585
IND,275,2015,25968574.55,0.53,1.141
IND,354,2015,84866359.02,0.179,-1.548
IND,12,2015,24974499.87,0.626,-0.623
IND,231,2015,61143192.41,0.368,-0.168
IND,361,2015,11025641.64,3.245,-0.779
IND,27,2015,1245278653.0,0.482,0.073
IND,219,2015,64628920.81,0.665,0.68
IND,162,2015,18808178.64,0.267,-0.904
IND,152,2015,9870133.71,0.767,0.507
IND,304,2015,31707845.41,10.105,-1.887
IND,72,2015,9949675.29,0.425,0.662
IND,55,2015,2471856.89,1.424,-0.079
IND,94,2015,11071682.43,1.207,-1.177
IND,457,2015,17464375.89,0.488,0.192
IND,434,2015,18196404.16,1.685,-1.436
IND,108,2015,1752784429.46,2.943,0.728
IND,402,2015,89922487.23,1.343,-0.682
IND,309,2015,6407084.2,4.476,-0.247
IND,135,2015,4375467.25,2.39,0.979
IND,445,2015,128724949.49,1.156,-1.09
IND,205,2015,494087839.24,1.137,0.719
IND,154,2015,14624732.43,0.3,1.378
IND,42,2015,765677121.3,0.57,-0.43
IND,127,2015,51361841.5,0.712,-0.067
IND,280,2015,9886497.02,0.356,0.755
IND,218,2015,13334596.62,0.616,-0.513
IND,408,2015,123981818.34,4.131,-1.185
IND,37,2015,3503463.18,0.262,-0.985
IND,282,2015,7051366.97,0.847,-0.281
IND,422,2015,7470740.99,1.008,-0.756
IND,70,2015,20562727.07,0.295,0.443
IND,463,2015,128509342.83,2.482,-0.131
IND,85,2015,216678368.03,0.422,0.199
IND,476,2015,1066203421.58,1.174,-1.158
IND,432,2015,413420392.96,0.667,1.04
IND,260,2015,82872979.35,0.444,-0.922
IND,288,2015,24832628.68,0.809,-0.828
IND,382,2015,57728688.56,0.9,0.073
IND,226,2015,19007690.61,15.914,1.57
IND,77,2015,36971389.34,3.045,1.771
IND,429,2015,339885184.57,0.595,2.113
IND,341,2015,40820325.67,2.735,0.259
IND,208,2015,111948069.42,1.503,1.016
IND,207,2015,354404365.42,0.376,0.629
IND,28,2015,19083212.01,0.749,2.26
IND,237,2015,4985707.73,0.631,1.447
IND,376,2015,103023808.57,0.266,-0.868
IND,319,2015,22867261.34,0.755,-1.204
IND,17,2015,57141991.35,2.003,-0.873
IND,348,2015,171488043.89,1.828,1.359
IND,116,2015,16317751.02,0.298,-0.292
IND,25,2015,2011362.3,0.105,1.109
IND,166,2015,208898445.85,1.437,2.109
IND,385,2015,9669185.63,0.459,0.434
IND,440,2015,1629877263.73,0.555,1.159
IND,391,2015,1889130.08,1.688,-1.013
IND,386,2015,85997162.03,2.633,-0.429
IND,83,2015,108519946.8,0.585,0.599
IND,62,2023,282962466.04,1.816,-0.291
IND,203,2023,52169810.36,0.335,1.924
IND,330,2023,15073832253.83,1.684,-1.449
IND,463,2023,3881323.66,0.764,0.691
IND,249,2023,17810584.27,3.95,0.027
IND,311,2023,57983686.25,0.333,-0.568
IND,354,2023,69853085.9,1.937,-0.031
IND,405,2023,111248476.12,0.652,-1.465
IND,372,2023,76333652.63,2.884,2.288
IND,56,2023,37309673.01,3.363,-0.727
IND,140,2023,151899764.74,0.257,0.622
IND,88,2023,40170237.51,0.637,0.788
IND,206,2023,1417544898.48,11.562,1.04
IND,279,2023,51077519.89,2.171,0.112
IND,66,2023,73975174.34,0.818,-1.032
IND,469,2023,9586937.81,0.767,0.403
IND,414,2023,36928234.72,0.346,0.412
IND,303,2023,141618314.1,0.393,1.721
IND,212,2023,22458971.35,0.626,-1.69
IND,487,2023,4618883.63,0.101,0.089
IND,398,2023,2204771.13,0.247,-0.553
IND,211,2023,26295388.46,0.557,-0.343
IND,376,2023,119281246.27,0.669,-0.019
IND,116,2023,137988377.72,1.321,-0.055
IND,340,2023,783100.23,0.576,-0.417
IND,95,2023,20587260.6,15.189,0.152
IND,368,2023,1724145.83,0.402,-0.207
IND,94,2023,28700797.41,0.096,-0.34
IND,356,2023,503840695.49,4.465,0.265
IND,276,2023,19291698.33,0.488,0.889
IND,43,2023,8820243.18,0.511,0.987
IND,251,2023,19866934.92,6.951,2.224
IND,413,2023,229458031.48,0.697,1.19
IND,355,2023,461591434.63,1.028,0.4
IND,70,2023,19185290.58,0.817,-0.693
IND,33,2023,1285114491.49,0.879,-0.717
IND,287,2023,30006339.08,0.385,0.24
IND,489,2023,32559217.74,3.855,0.348
IND,364,2023,5789884.05,1.412,-0.674
IND,201,2023,1012657677.93,0.271,0.758
IND,5,2023,12083756.78,9.734,0.932
IND,428,2023,86849746.93,0.663,0.703
IND,269,2023,87507634.09,0.354,0.938
IND,119,2023,3017262.04,0.56,0.239
IND,21,2023,2344862.64,1.14,-0.624
IND,29,2023,19991230.28,0.216,-0.574
IND,11,2023,3488510.09,0.216,0.124
IND,223,2023,404376608.36,1.714,1.329
IND,114,2023,23416083.19,0.327,-0.607
IND,31,2023,38810509.91,0.542,1.391
IND,263,2023,51000234.43,1.513,0.603
IND,390,2023,21387598.48,4.27,0.239
IND,35,2023,1504967712.61,0.183,-0.054
IND,98,2023,7478326.29,1.838,-0.067
IND,49,2023,16297265.11,0.879,-1.511
IND,300,2023,1557715.48,0.251,0.086
IND,169,2023,8986188.39,1.86,-1.715
IND,229,2023,6639690.34,1.385,-0.787
IND,462,2023,305504868.51,1.409,1.541
IND,181,2023,30529151.96,3.684,2.308
HKG,138,1995,35752091.38,0.917,0.514
HKG,426,1995,11345507.83,2.229,0.946
HKG,276,1995,18534642.64,1.043,1.907
HKG,230,1995,23452565.45,0.714,0.456
HKG,413,1995,188228227.34,0.674,-0.244
HKG,462,1995,40435978.18,0.145,0.273
HKG,213,1995,16195530.41,2.208,-1.427
HKG,56,1995,1711564768.29,0.734,-0.5
HKG,47,1995,10760856.44,0.634,0.082
HKG,104,1995,12873830.43,2.298,0.34
HKG,275,1995,1053949629.81,1.82,-1.148
HKG,115,1995,4339218.54,2.105,-0.732
HKG,16,1995,36015336.21,6.535,0.485
HKG,113,1995,9717354.61,4.399,1.84
HKG,150,1995,18560196.36,2.488,0.857
HKG,416,1995,386683910.83,0.197,0.719
HKG,421,1995,6555577.91,7.516,-0.921
HKG,245,1995,21795171.66,5.986,0.442
HKG,402,1995,168547541.43,1.869,-1.087
HKG,383,1995,54291303.51,0.509,-0.144
HKG,439,1995,90599883.25,1.167,-0.329
HKG,31,1995,43499800.86,0.302,-0.346
HKG,422,1995,6723669.55,0.293,0.517
HKG,311,1995,4321067.13,0.337,0.068
HKG,384,1995,408439571.8,0.743,-0.587
HKG,158,1995,9849040.96,0.173,-0.279
HKG,330,1995,41378511.83,4.358,-1.278
HKG,178,1995,173655619.63,4.202,-1.167
HKG,419,1995,22530342.89,1.445,-1.066
HKG,154,1995,113138720.88,1.414,-1.574
HKG,225,1995,513765221.51,1.075,-0.453
HKG,460,1995,43208281.21,0.585,-0.13
HKG,301,1995,16528880.77,8.206,-2.221
HKG,101,1995,427473218.18,1.582,0.058
HKG,337,1995,19768336.1,7.544,0.533
HKG,396,1995,5658204732.84,0.183,1.781
HKG,202,1995,184600944.66,8.674,-1.527
HKG,319,1995,54832823.29,0.1,-0.532
HKG,236,1995,116369972.82,1.453,2.201
HKG,231,1995,118849108.65,0.74,0.894
HKG,164,1995,50701279.23,3.188,-0.037
HKG,459,1995,30758499.9,1.091,-0.23
HKG,268,1995,42726690.66,0.634,-1.352
HKG,28,1995,18237138.37,1.851,0.769
HKG,86,1995,38075516.04,2.879,0.735
HKG,401,1995,185960540.4,0.212,-0.052
HKG,40,1995,13988189.85,0.477,-0.235
HKG,322,1995,68074780.51,2.753,0.637
HKG,303,1995,207118635.99,0.753,-2.028
HKG,184,1995,160227921.78,0.217,-0.064
HKG,309,1995,28016052.84,14.077,0.316
HKG,358,1995,557498482.6,2.353,0.376
HKG,484,1995,87838431.62,0.421,0.047
HKG,440,1995,17435755717.42,8.016,-0.352
HKG,72,1995,16890616.77,0.297,-1.252
HKG,437,1995,5026220.08,0.044,-1.714
HKG,212,1995,223475023.38,3.012,0.607
HKG,447,1995,6951092.46,2.287,-1.225
HKG,404,1995,65329124.09,2.946,-0.331
HKG,329,1995,19177821.64,0.375,0.689
HKG,301,2005,1042793.27,0.607,0.69
HKG,245,2005,909153697.41,1.163,0.286
HKG,79,2005,24804061.71,9.08,0.253
HKG,166,2005,57543643.85,1.723,0.074
HKG,211,2005,104773321.18,4.095,-0.282
HKG,139,2005,593510419.99,0.489,-0.272
HKG,362,2005,65887041.59,0.279,0.47
HKG,346,2005,3055493.8,0.372,-0.774
HKG,448,2005,29461392.48,0.762,-0.223
HKG,416,2005,364997794.19,1.551,0.984
HKG,437,2005,98722980.7,1.658,-0.781
HKG,150,2005,4109380.12,1.909,-0.093
HKG,102,2005,2438027.78,0.385,0.449
HKG,474,2005,181387697.45,1.164,-1.734
HKG,72,2005,365054787.31,2.959,-1.312
HKG,258,2005,78780112.81,1.493,2.16
HKG,276,2005,50945957.01,8.093,-0.134
HKG,30,2005,124248873.4,1.075,0.385
HKG,178,2005,4939100303.81,1.532,1.399
HKG,316,2005,97203498.54,2.51,1.149
HKG,364,2005,151575287.86,0.209,0.76
HKG,355,2005,23903420.22,1.256,-0.71
HKG,62,2005,59202490.76,3.671,-1.062
HKG,478,2005,2094368.61,0.41,1.219
HKG,307,2005,15905211.33,1.938,2.585
HKG,248,2005,937732.74,0.355,-0.356
HKG,397,2005,20918559.78,4.364,-0.033
HKG,373,2005,232954761.83,0.629,1.369
HKG,298,2005,26108961.09,3.664,0.158
HKG,464,2005,196533232.49,0.327,0.087
HKG,435,2005,31279789.05,0.122,-1.282
HKG,311,2005,1777962.92,1.658,-1.383
HKG,125,2005,35124558.1,0.829,-0.555
HKG,414,2005,427096291.44,0.582,-0.0
HKG,440,2005,87608933.0,0.852,-0.681
HKG,279,2005,139552682.89,0.147,-0.582
HKG,322,2005,7145814.65,0.089,0.065
HKG,82,2005,20637156.45,0.936,-0.217
HKG,310,2005,291874202.08,1.043,-0.357
HKG,466,2005,147138190.85,0.2,-1.394
HKG,483,2005,7183021.16,1.985,-1.551
HKG,159,2005,10832126.17,0.468,-0.113
HKG,459,2005,12895037.2,2.132,-1.852
HKG,133,2005,19232705.59,0.518,0.064
HKG,180,2005,2004176.41,0.303,-0.222
HKG,54,2005,25172716.14,0.237,-0.585
HKG,297,2005,72805264.69,1.091,-1.456
HKG,129,2005,75683291.52,1.435,-1.333
HKG,425,2005,58935688.78,0.5,-1.227
HKG,370,2005,51190291.54,0.854,-0.034
HKG,441,2005,7519628.05,2.468,0.694
HKG,423,2005,255467978.39,0.664,1.262
HKG,120,2005,214334196.44,0.425,-1.795
HKG,56,2005,183580389.35,0.559,0.836
HKG,333,2005,24644820.07,4.435,-0.471
HKG,278,2005,8887127.35,0.298,0.692
HKG,374,2005,77218184.11,1.972,-0.03
HKG,231,2005,28555463.74,1.098,-1.104
HKG,154,2005,23229000.27,0.142,-1.355
HKG,405,2005,43635981.3,0.816,-0.319
HKG,220,2015,747028673.67,2.799,0.306
HKG,252,2015,13720897.54,4.852,-1.607
HKG,74,2015,3661691.86,0.266,0.746
HKG,194,2015,473484.57,1.279,-1.753
HKG,465,2015,1474487.38,1.92,-1.587
HKG,190,2015,418127679.03,0.616,-0.847
HKG,159,2015,145000185.83,2.58,1.703
HKG,329,2015,26109927.64,1.669,0.056
HKG,471,2015,16417373.32,1.524,1.182
HKG,219,2015,69627974.59,1.74,-2.685
HKG,255,2015,138357507.11,0.042,0.419
HKG,169,2015,28585622.45,3.766,-0.31
HKG,205,2015,50041079.24,0.118,1.653
HKG,47,2015,1759160.51,1.027,2.338
HKG,448,2015,310804552.96,1.395,-0.823
HKG,115,2015,122523591.44,5.026,0.478
HKG,256,2015,4396082.57,0.574,-2.002
HKG,370,2015,4792051.98,0.862,0.778
HKG,325,2015,85510237.95,4.348,0.768
HKG,36,2015,480573130.52,0.493,-0.093
HKG,354,2015,1154901516.32,4.273,-0.1
HKG,157,2015,7689287.01,0.211,1.169
HKG,392,2015,47910463.82,1.094,1.147
HKG,294,2015,386116262.01,2.752,-0.753
HKG,128,2015,117776781.99,0.054,-0.167
HKG,408,2015,12139969.85,0.352,-1.281
HKG,200,2015,2770957.38,0.952,-0.369
HKG,425,2015,50961435.84,0.939,1.661
HKG,30,2015,1304045.44,0.134,0.261
HKG,76,2015,326421452.71,0.399,-0.747
HKG,201,2015,42828518.62,0.212,0.057
HKG,285,2015,53725975.43,3.761,-0.82
HKG,33,2015,1562338411.58,0.35,-0.246
HKG,11,2015,8331805.49,1.854,0.16
HKG,287,2015,538469964.01,0.712,0.264
HKG,4,2015,47051514.85,0.245,-0.609
HKG,111,2015,31121684.07,0.838,0.325
HKG,206,2015,103884589.95,0.764,1.223
HKG,41,2015,15927873.87,0.915,0.046
HKG,91,2015,10677931.52,1.822,0.442
HKG,89,2015,165102842.48,0.474,3.15
HKG,90,2015,19829267.05,0.182,1.402
HKG,225,2015,380449.6,3.114,-1.042
HKG,95,2015,73419045.54,5.891,0.96
HKG,483,2015,118533171.8,1.553,-0.755
HKG,143,2015,10711613.4,1.038,-1.906
HKG,211,2015,8191825.29,1.903,0.009
HKG,92,2015,20921748.05,0.92,-2.367
HKG,249,2015,261606082.64,1.146,-0.689
HKG,53,2015,109639801.63,0.729,-0.094
HKG,146,2015,41775432.3,0.05,-1.168
HKG,385,2015,148445916.96,0.924,1.023
HKG,368,2015,13152749.12,2.595,1.449
HKG,438,2015,4988370.33,0.659,-1.506
HKG,463,2015,252688937.98,1.414,1.15
HKG,24,2015,64249047.24,0.813,1.515
HKG,376,2015,4038497763.07,0.192,1.062
HKG,405,2015,542488416.71,2.78,1.026
HKG,181,2015,67541617.7,2.115,0.256
HKG,318,2015,499255531.97,0.532,0.079
HKG,450,2023,232701186.94,0.631,-0.397
HKG,67,2023,5169012.8,1.699,0.689
HKG,340,2023,538599468.58,1.98,1.267
HKG,212,2023,13965121.24,1.63,-1.167
HKG,486,2023,13985415.61,7.802,-0.278
HKG,62,2023,24972801.46,1.135,0.265
HKG,258,2023,27975714.14,0.998,-0.878
HKG,395,2023,87376633.73,0.421,1.028
HKG,269,2023,42609703.86,0.533,1.479
HKG,322,2023,94722450.95,4.411,-0.735
HKG,445,2023,27174027.92,2.361,0.707
HKG,172,2023,243011084.52,2.568,-1.187
HKG,83,2023,13615378.46,3.638,-0.382
HKG,239,2023,178249671.38,0.352,0.879
HKG,22,2023,26620171.11,1.526,-1.081
HKG,205,2023,13289034.01,0.213,-0.747
HKG,73,2023,15774678.31,0.396,1.71
HKG,214,2023,1216937560.94,0.135,-0.739
HKG,281,2023,109586150.29,0.302,-1.196
HKG,286,2023,559595348.68,0.67,-0.306
HKG,183,2023,60955866.47,0.553,1.14
HKG,186,2023,22798766.61,0.676,-0.175
HKG,361,2023,6487096.81,1.013,0.78
HKG,373,2023,301421628.64,0.258,-1.78
HKG,451,2023,96983580.36,0.086,-0.061
HKG,248,2023,108996675.25,1.901,0.958
HKG,220,2023,144895572.35,0.296,1.044
HKG,409,2023,28390808.76,0.377,1.259
HKG,92,2023,7692689.78,0.279,0.48
HKG,9,2023,11623708.85,0.945,-0.973
HKG,70,2023,165833976.13,0.248,-0.995
HKG,223,2023,7955011.73,1.677,-0.716
HKG,82,2023,35072790.62,0.443,1.12
HKG,391,2023,4757955.17,1.216,-0.667
HKG,325,2023,651712068.73,0.276,-1.095
HKG,54,2023,9285944.34,1.333,-0.566
HKG,261,2023,69251348.22,0.877,0.635
HKG,97,2023,1610166016.35,0.689,-0.451
HKG,378,2023,354463824.83,0.313,-1.326
HKG,315,2023,134642597.19,0.239,1.015
HKG,110,2023,73706259.56,0.388,-0.643
HKG,126,2023,1041550317.04,0.486,1.386
HKG,346,2023,26851496.36,0.527,-0.086
HKG,267,2023,109460475.24,0.902,1.185
HKG,372,2023,66297547.04,0.429,1.059
HKG,202,2023,4036289.35,12.142,-0.473
HKG,463,2023,26806039.82,0.253,-0.902
HKG,404,2023,24614338.14,2.363,-0.257
HKG,415,2023,6647128.22,1.872,-1.45
HKG,125,2023,3961988.04,1.279,-0.838
HKG,129,2023,1195004.67,0.517,0.433
HKG,165,2023,28216971.69,0.382,-0.161
HKG,426,2023,8773351.74,1.324,0.323
HKG,401,2023,364454.2,1.197,0.781
HKG,359,2023,84996462.11,1.132,1.567
HKG,178,2023,13080284.87,0.374,2.196
HKG,382,2023,1384091070.3,0.054,-0.356
HKG,313,2023,29487740.0,0.208,0.443
HKG,23,2023,3509290.63,1.834,0.868
HKG,337,2023,19406453.94,1.321,-1.476
TWN,196,1995,1055191794.64,0.575,1.463
TWN,207,1995,22532947.16,0.706,1.843
TWN,307,1995,548808374.18,1.049,-0.305
TWN,239,1995,19272759.73,0.372,-2.583
TWN,378,1995,13365238.54,0.303,-0.588
TWN,478,1995,30282719.05,1.148,-1.09
TWN,133,1995,9565090.71,2.194,1.959
TWN,349,1995,33396688.49,1.652,-0.299
TWN,391,1995,52824420.92,1.038,-0.248
TWN,139,1995,34732962.05,1.635,-0.101
TWN,460,1995,46800603.19,0.989,-0.254
TWN,379,1995,28802939.22,5.402,-0.041
TWN,364,1995,23346466.45,0.59,1.336
TWN,422,1995,3045440.74,0.163,0.442
TWN,141,1995,194523534.08,0.55,-0.038
TWN,30,1995,3122015.03,0.407,-0.6
TWN,313,1995,45599605.69,0.207,0.104
TWN,266,1995,349381235.56,1.471,0.906
TWN,85,1995,43481377.9,0.675,0.372
TWN,111,1995,18666544.27,2.714,-0.023
TWN,305,1995,44253988.85,0.54,-0.975
TWN,282,1995,102404717.09,0.496,0.319
TWN,319,1995,47460560.56,0.656,-0.543
TWN,482,1995,7341526.27,2.71,-0.277
TWN,348,1995,22634941.49,2.362,-1.487
TWN,209,1995,6511742.81,3.964,-1.474
TWN,117,1995,58105871.67,0.701,-1.045
TWN,241,1995,7251054.99,0.567,-1.748
TWN,211,1995,210785611.47,0.431,0.395
TWN,174,1995,87418355.09,1.142,-2.211
TWN,220,1995,753757.19,0.393,1.011
TWN,40,1995,357770.69,1.138,-0.656
TWN,414,1995,215912514.63,0.767,-0.284
TWN,72,1995,14115500.93,1.871,1.292
TWN,215,1995,61187527.09,1.304,-0.707
TWN,83,1995,56646423.96,5.463,2.38
TWN,488,1995,893258999.62,0.838,-0.608
TWN,39,1995,441799903.73,1.617,-1.923
TWN,281,1995,2266420.46,2.47,-0.752
TWN,160,1995,516216.9,0.361,-1.066
TWN,402,1995,24129850.93,3.354,1.147
TWN,359,1995,31968119.2,0.119,2.11
TWN,315,1995,27315271.71,0.155,0.036
TWN,330,1995,46855396.66,3.132,-0.755
TWN,459,1995,18007091.44,0.786,-1.617
TWN,65,1995,3242757.24,0.566,-0.021
TWN,36,1995,981911.08,1.773,-1.195
TWN,481,1995,131421284.66,0.969,-0.767
TWN,153,1995,17876750.38,2.691,0.276
TWN,23,1995,1877337.74,0.678,-0.418
TWN,434,1995,77764096.33,0.21,0.783
TWN,306,1995,102917100.87,0.521,-0.189
TWN,288,1995,56618596.27,2.576,0.266
TWN,468,1995,40620011.36,1.444,1.43
TWN,221,1995,5476091.63,0.926,1.013
TWN,183,1995,92280758.93,0.829,0.998
TWN,286,1995,43404480.75,0.738,0.355
TWN,195,1995,11544334.61,3.392,0.942
TWN,144,1995,38296863.46,1.1,3.114
TWN,12,1995,7246792.21,0.963,1.924
TWN,196,2005,22309421.48,1.723,-0.24
TWN,146,2005,115323222.88,0.134,-0.929
TWN,257,2005,4603277.77,2.087,1.576
TWN,450,2005,108578611.46,0.908,-0.113
TWN,174,2005,27544859.86,2.694,0.002
TWN,268,2005,190350074.48,0.49,0.461
TWN,353,2005,580911316.25,0.182,-1.629
TWN,416,2005,476314804.26,0.189,-1.448
TWN,278,2005,8891914.75,4.466,-0.366
TWN,475,2005,291383986.38,0.226,-1.54
TWN,29,2005,132108006.92,2.591,0.254
TWN,134,2005,1563374.27,1.292,-0.577
TWN,176,2005,4170148.68,0.719,1.198
TWN,402,2005,49402164.47,1.111,-0.113
TWN,119,2005,85074835.87,0.744,0.087
TWN,97,2005,152400836.71,1.191,-0.041
TWN,352,2005,579242978.94,0.711,-1.467
TWN,18,2005,34752187.53,36.943,1.705
TWN,31,2005,7743055.24,1.316,0.741
TWN,469,2005,564589428.71,0.869,-0.944
TWN,282,2005,107759769.57,0.96,0.194
TWN,166,2005,317585884.14,2.423,0.292
TWN,201,2005,332741465.91,1.708,0.42
TWN,224,2005,56446550.84,1.629,-0.708
TWN,65,2005,78162600.71,0.609,-1.355
TWN,104,2005,39513159.85,1.071,1.916
TWN,207,2005,127136724.66,7.465,0.531
TWN,286,2005,1010713154.4,0.386,-1.663
TWN,330,2005,953203321.51,1.517,-0.586
TWN,301,2005,204545748.61,2.783,-0.534
TWN,59,2005,2087564749.33,0.115,-0.238
TWN,4,2005,94104070.55,0.787,-0.77
TWN,303,2005,54178493.04,2.737,1.501
TWN,7,2005,52524377.24,2.418,-1.82
TWN,471,2005,1647912590.4,3.019,1.712
TWN,96,2005,113684662.63,0.389,0.185
TWN,178,2005,87735754.35,1.445,-0.177
TWN,76,2005,87386964.77,1.81,-1.116
TWN,261,2005,14760851.03,0.742,1.592
TWN,36,2005,3946661.06,4.604,-0.228
TWN,25,2005,24305357.98,0.389,0.244
TWN,95,2005,310670672.88,2.722,0.067
TWN,168,2005,38369332.96,0.472,0.27
TWN,260,2005,99933197.41,1.006,0.562
TWN,117,2005,200067116.55,0.751,-0.394
TWN,388,2005,36284960.16,0.99,-0.822
TWN,220,2005,46925159.87,0.403,-0.464
TWN,341,2005,42817596.43,1.255,0.1
TWN,21,2005,14206940.96,1.465,0.298
TWN,181,2005,79034267.84,4.796,0.455
TWN,86,2005,467819098.28,0.479,-0.382
TWN,478,2005,867916464.36,0.67,0.186
TWN,376,2005,4188624.54,0.168,0.072
TWN,470,2005,735852001.59,0.549,-1.21
TWN,243,2005,7347830.18,0.85,0.092
TWN,116,2005,28356957.82,1.795,0.232
TWN,315,2005,617422.28,1.477,-0.65
TWN,184,2005,17793497.22,1.599,-1.358
TWN,378,2005,53448733.52,0.349,-0.698
TWN,16,2005,94837430.6,0.815,0.849
TWN,140,2015,279751370.44,0.829,-0.163
TWN,239,2015,30254535.29,7.28,-0.729
TWN,272,2015,213958731.34,6.144,-1.888
TWN,411,2015,55707797.74,0.483,1.714
TWN,269,2015,1087373.88,0.22,-0.031
TWN,404,2015,139341878.94,0.492,-0.479
TWN,395,2015,138346484.48,1.39,-1.152
TWN,435,2015,55660836.58,0.684,0.57
TWN,31,2015,22581020.41,1.0,-1.447
TWN,268,2015,272497408.98,0.781,0.96
TWN,103,2015,23977178.35,0.391,0.623
TWN,364,2015,43506449.35,0.296,0.62
TWN,123,2015,1210731679.96,0.218,-0.597
TWN,194,2015,13705188.0,0.274,-0.247
TWN,428,2015,100469190.37,0.801,0.992
TWN,220,2015,146736383.72,0.499,0.035
TWN,159,2015,1446569857.25,1.47,-0.383
TWN,477,2015,31683254.85,1.321,0.245
TWN,399,2015,2504428323.52,0.871,-0.411
TWN,426,2015,19072111.27,2.861,-1.005
TWN,471,2015,94193855.03,1.143,0.87
TWN,62,2015,225699446.31,0.392,-0.554
TWN,488,2015,22979363.9,3.175,0.753
TWN,423,2015,13590433.9,1.237,-0.201
TWN,4,2015,198015046.17,0.253,0.089
TWN,95,2015,39162264.61,0.867,1.408
TWN,386,2015,94901532.44,1.018,-0.774
TWN,91,2015,3760532.69,0.605,1.119
TWN,475,2015,1299637010.27,0.961,0.296
TWN,299,2015,2850617.86,0.199,0.162
TWN,77,2015,32432020.95,0.64,-1.043
TWN,141,2015,89500902.56,0.347,-0.089
TWN,151,2015,2625904104.2,1.067,-0.018
TWN,126,2015,30310477.01,0.825,-1.127
TWN,371,2015,36776425.31,1.516,-0.8
TWN,336,2015,28074050.44,1.969,0.487
TWN,252,2015,47661729.74,0.909,1.097
TWN,342,2015,67115242.17,1.944,-1.32
TWN,171,2015,1016802546.51,0.306,0.07
TWN,127,2015,41291378.71,2.11,-0.923
TWN,21,2015,1023501940.48,0.156,-0.702
TWN,135,2015,297715941.08,2.069,-0.204
TWN,172,2015,17216371.1,2.31,0.13
TWN,355,2015,38210366.43,1.592,-0.309
TWN,244,2015,887604301.72,0.12,1.188
TWN,403,2015,2398887765.52,4.542,1.008
TWN,444,2015,3966087.8,0.463,-0.938
TWN,13,2015,9967052.73,1.612,0.054
TWN,212,2015,18244587.67,1.205,0.124
TWN,211,2015,451781417.03,1.097,0.209
TWN,398,2015,110919506.86,12.811,1.341
TWN,201,2015,34862833.51,0.3,-1.134
TWN,427,2015,42743073.63,2.201,1.288
TWN,378,2015,2664666432.35,1.834,-0.936
TWN,174,2015,14215762.12,3.317,0.52
TWN,318,2015,57985498.45,2.761,-0.992
TWN,35,2015,1297466972.28,1.99,-1.519
TWN,325,2015,15413660.74,4.92,0.473
TWN,251,2015,405917097.99,0.436,-0.071
TWN,255,2015,4920900951.98,1.67,-1.809
TWN,371,2023,233345063.32,1.401,-1.916
TWN,306,2023,48242671.72,0.916,0.997
TWN,270,2023,9211954.86,1.137,-0.698
TWN,229,2023,11521060.92,2.059,1.067
TWN,207,2023,10702540.64,2.261,1.037
TWN,125,2023,372469327.23,1.005,-1.167
TWN,487,2023,3836225.0,1.273,0.029
TWN,484,2023,23939960.03,3.979,-0.34
TWN,225,2023,71155982.18,2.179,1.522
TWN,177,2023,921481123.44,17.979,-1.182
TWN,405,2023,340418.51,1.868,-0.499
TWN,43,2023,512758330.95,0.529,-0.459
TWN,257,2023,411920184.74,4.99,0.364
TWN,59,2023,116476234.36,0.871,0.096
TWN,331,2023,204723075.45,0.341,0.82
TWN,94,2023,35964366.24,0.078,2.555
TWN,432,2023,55705758.38,0.944,0.905
TWN,127,2023,596433974.72,0.896,0.174
TWN,186,2023,4968343.07,1.209,-0.016
TWN,172,2023,145919585.83,1.314,-0.237
TWN,131,2023,44941606.0,0.906,0.483
TWN,113,2023,1990064404.04,1.394,-1.177
TWN,380,2023,17911503.92,1.239,1.927
TWN,448,2023,6620680.88,1.098,0.814
TWN,318,2023,71343985.65,0.492,0.365
TWN,399,2023,136425489.82,0.63,-0.34
TWN,307,2023,29770734.28,1.309,0.369
TWN,384,2023,2671927.76,6.635,-0.312
TWN,212,2023,18370870.41,1.54,-1.207
TWN,138,2023,35178965.96,0.311,0.66
TWN,269,2023,95867800.71,0.825,-0.916
TWN,470,2023,5879065.03,4.679,0.314
TWN,350,2023,147632495.37,3.715,-1.528
TWN,258,2023,489232306.76,0.445,-0.151
TWN,147,2023,45305254.84,1.149,-0.163
TWN,428,2023,307745306.35,0.622,-0.44
TWN,48,2023,1297770021.05,0.261,-1.652
TWN,293,2023,190741660.32,0.323,-0.292
TWN,201,2023,22395037.0,1.36,-0.392
TWN,42,2023,149125347.18,1.075,1.065
TWN,392,2023,103642402.82,0.634,0.615
TWN,429,2023,690802077.26,0.675,0.871
TWN,463,2023,13155863.32,0.291,-0.194
TWN,285,2023,25913732.09,1.208,-0.712
TWN,6,2023,84414624.68,1.597,-1.292
TWN,272,2023,20916449.95,2.978,-1.194
TWN,88,2023,12310936.41,0.837,0.377
TWN,73,2023,39606446.59,0.729,-0.46
TWN,174,2023,77455795.1,1.381,-0.333
TWN,457,2023,571695579.99,2.808,0.133
TWN,249,2023,216604510.12,2.215,0.283
TWN,156,2023,2952457.41,1.177,-2.171
TWN,361,2023,6662314.86,0.467,0.262
TWN,305,2023,57514291.33,5.325,-1.574
TWN,248,2023,34097864.54,4.202,-1.163
TWN,425,2023,185739903.58,2.314,0.17
TWN,471,2023,572098021.33,0.759,-0.453
TWN,227,2023,28413188.26,0.819,0.327
TWN,66,2023,69155550.87,0.843,-0.116
TWN,139,2023,520745550.94,1.722,0.39
FRA,325,1995,236295936.37,4.478,-0.155
FRA,74,1995,166110180.78,0.501,1.168
FRA,435,1995,62394678.54,1.11,0.517
FRA,352,1995,7766022.89,0.724,0.271
FRA,89,1995,32963401.69,0.442,1.087
FRA,318,1995,33166669.4,1.941,-2.521
FRA,120,1995,14533672.71,1.885,-1.651
FRA,312,1995,24538773.59,0.103,1.821
FRA,135,1995,145580844.12,0.476,0.445
FRA,245,1995,7469059.16,0.598,0.328
FRA,157,1995,89221350.4,0.469,0.028
FRA,431,1995,48736185.51,3.968,1.481
FRA,251,1995,112389225.6,2.099,1.141
FRA,313,1995,60663926.83,0.28,-0.588
FRA,364,1995,42777023.28,0.557,-0.366
FRA,80,1995,76531167.43,0.177,0.007
FRA,84,1995,7538206.61,0.888,0.316
FRA,477,1995,108358262.11,0.932,-0.866
FRA,339,1995,32901908.54,2.279,-0.791
FRA,170,1995,205748146.68,1.249,0.499
FRA,35,1995,71497259.42,1.128,0.505
FRA,250,1995,187828347.71,0.301,-1.663
FRA,67,1995,281589508.47,0.188,1.65
FRA,434,1995,90930941.31,1.031,1.347
FRA,272,1995,178256124.13,1.293,-0.036
FRA,273,1995,9946638.9,2.727,-0.656
FRA,31,1995,52602590.89,1.196,1.974
FRA,23,1995,21326034.56,1.011,-0.19
FRA,146,1995,11186388.93,0.931,1.487
FRA,444,1995,21149087.7,0.491,0.417
FRA,414,1995,126031279.11,1.045,-0.674
FRA,103,1995,1833571143.13,1.826,2.042
FRA,460,1995,1271312822.25,4.063,0.105
FRA,367,1995,16026060.27,0.288,0.561
FRA,300,1995,77246402.87,0.824,0.842
FRA,489,1995,940255.34,0.412,0.313
FRA,162,1995,44993370.07,0.35,0.652
FRA,466,1995,27890027.44,0.145,-0.334
FRA,269,1995,85685580.86,2.313,0.066
FRA,221,1995,11159044.07,0.243,-1.35
FRA,139,1995,45165855.53,1.622,-1.447
FRA,102,1995,15188536.17,3.784,-1.995
FRA,151,1995,13217074.42,1.63,0.799
FRA,16,1995,43420345.19,1.217,-0.299
FRA,373,1995,3227129.04,1.004,0.019
FRA,450,1995,45612773.41,4.955,-1.757
FRA,164,1995,4609627.08,1.604,0.551
FRA,474,1995,303173907.01,0.709,0.097
FRA,249,1995,24517792.84,0.754,-0.781
FRA,203,1995,38200922.37,4.13,-1.421
FRA,331,1995,399480201.13,0.943,0.377
FRA,215,1995,96734086.27,3.619,0.735
FRA,356,1995,116404866.17,3.591,-1.135
FRA,147,1995,370114055.23,0.856,1.657
FRA,86,1995,10982172.25,0.186,0.258
FRA,184,1995,60704435.23,1.753,-0.167
FRA,437,1995,4300553.29,1.465,2.395
FRA,211,1995,3299875334.98,2.741,0.367
FRA,469,1995,9617942.09,0.636,-0.07
FRA,223,1995,62827867.22,0.112,0.462
FRA,125,2005,465028739.61,0.852,1.538
FRA,163,2005,45854197.23,0.285,-0.014
FRA,160,2005,21758677.74,0.328,0.287
FRA,108,2005,243173681.41,1.206,0.322
FRA,379,2005,128132968.65,1.037,0.693
FRA,370,2005,20389388.86,2.658,-0.551
FRA,395,2005,62071847.87,4.329,-0.575
FRA,330,2005,22040757.83,2.086,-2.043
FRA,166,2005,395962242.41,0.69,-1.763
FRA,377,2005,36538470.84,2.49,0.157
FRA,463,2005,56559273.8,2.203,-0.154
FRA,31,2005,273251416.85,1.716,-1.101
FRA,119,2005,20248454.1,0.604,1.212
FRA,121,2005,98631631.95,1.746,-1.109
FRA,462,2005,345147047.43,0.429,0.993
FRA,182,2005,49577773.16,2.345,0.077
FRA,105,2005,10735737.18,0.246,-0.16
FRA,352,2005,49557770.58,0.814,-1.106
FRA,336,2005,3288489086.55,2.2,-0.791
FRA,48,2005,244502539.11,0.757,-0.892
FRA,421,2005,142304025.74,0.562,-0.911
FRA,478,2005,17075714.69,2.674,0.38
FRA,348,2005,10548564.01,1.978,1.453
FRA,200,2005,720796747.21,1.905,0.257
FRA,422,2005,112022982.54,1.968,2.622
FRA,189,2005,358943903.34,1.57,0.602
FRA,61,2005,68152622.14,1.934,0.184
FRA,239,2005,13039909.37,1.308,-1.229
FRA,328,2005,19531218.5,4.696,0.381
FRA,101,2005,3806774.49,5.148,-0.762
FRA,89,2005,25912582.12,2.302,1.091
FRA,146,2005,32402657.16,1.219,0.668
FRA,390,2005,72225185.49,1.735,0.787
FRA,490,2005,24250935.7,5.582,0.096
FRA,408,2005,67847639.22,0.17,-0.129
FRA,25,2005,27896089.56,1.417,1.106
FRA,79,2005,22308959.01,2.23,-0.867
FRA,3,2005,40714336.62,0.701,-0.376
FRA,323,2005,83196376.56,0.566,0.444
FRA,451,2005,172491841.52,2.427,-0.209
FRA,482,2005,15319538.22,0.259,-0.575
FRA,157,2005,25682273.8,0.865,0.237
FRA,366,2005,54592592.34,0.663,1.454
FRA,16,2005,31472344.77,0.472,0.531
FRA,28,2005,73596423.38,1.498,-0.96
FRA,219,2005,30777847.4,1.148,1.766
FRA,322,2005,74809708.66,0.874,-0.229
FRA,249,2005,373302289.04,0.098,0.378
FRA,192,2005,934190.2,9.792,0.44
FRA,484,2005,21640737.28,1.538,0.366
FRA,13,2005,550524771.89,0.744,0.818
FRA,404,2005,241462051.88,1.678,-0.732
FRA,346,2005,1161800716.5,2.013,-1.366
FRA,288,2005,74372934.23,1.314,0.035
FRA,113,2005,76760039.14,0.729,0.728
FRA,275,2005,69132806.03,1.523,1.135
FRA,238,2005,57677252.72,1.017,0.356
FRA,27,2005,268984498.06,1.583,-0.126
FRA,456,2005,3197029.91,0.239,1.401
FRA,413,2005,869719448.22,5.399,-0.353
FRA,262,2015,135187143.42,1.205,-0.047
FRA,490,2015,2061041.95,9.18,0.725
FRA,431,2015,109444680.36,0.524,0.896
FRA,434,2015,20946829.57,0.446,0.451
FRA,46,2015,29627198.08,0.997,-0.92
FRA,137,2015,372893730.66,1.163,-0.177
FRA,122,2015,804227745.02,5.024,-1.568
FRA,337,2015,618271389.32,1.119,-1.801
FRA,105,2015,4771462.62,0.159,-1.394
FRA,435,2015,14110661.09,5.236,0.503
FRA,202,2015,197102244.99,2.124,-0.52
FRA,488,2015,106984533.17,2.758,-0.157
FRA,380,2015,10059232.71,0.462,0.748
FRA,298,2015,89450018.52,0.479,2.452
FRA,475,2015,2709803.69,1.078,0.155
FRA,184,2015,169278324.36,1.967,0.409
FRA,31,2015,3682848059.71,0.969,-1.51
FRA,445,2015,43439533.08,0.291,1.315
FRA,239,2015,23724504.53,0.355,-2.19
FRA,325,2015,3156426.79,6.154,-0.674
FRA,366,2015,15792193.35,0.38,-0.469
FRA,42,2015,213891053.06,1.744,-0.113
FRA,311,2015,47305484.1,0.902,-0.852
FRA,35,2015,10914760.66,5.922,0.539
FRA,421,2015,64383390.99,1.427,-0.117
FRA,368,2015,134417703.76,2.858,-0.739
FRA,58,2015,7145523.02,7.416,0.523
FRA,96,2015,47504399.09,0.463,-0.709
FRA,206,2015,8553405.17,0.969,0.939
FRA,109,2015,153948333.51,0.346,1.352
FRA,417,2015,54607176.74,1.79,-2.134
FRA,348,2015,309632417.05,0.24,-0.748
FRA,349,2015,18211407.09,0.37,-0.525
FRA,422,2015,128238256.55,3.624,-1.684
FRA,364,2015,24357219.11,1.049,1.439
FRA,25,2015,993028.75,0.837,-1.895
FRA,74,2015,24554515.28,0.458,0.501
FRA,37,2015,171611764.86,2.645,0.013
FRA,4,2015,101635263.75,0.752,-0.371
FRA,281,2015,247962346.92,0.364,-1.185
FRA,159,2015,470125745.46,0.97,-0.694
FRA,310,2015,3572588.29,2.621,0.922
FRA,465,2015,88928478.42,0.276,-0.311
FRA,123,2015,232131539.26,2.079,-0.001
FRA,164,2015,21960813.01,1.945,-0.585
FRA,139,2015,463135475.27,0.551,0.781
FRA,450,2015,102757371.31,3.119,2.105
FRA,203,2015,41464034.96,1.411,0.002
FRA,153,2015,59590826.25,4.53,0.114
FRA,84,2015,51375130.44,0.876,-0.953
FRA,428,2015,17130734.1,36.927,-1.179
FRA,273,2015,22167890.28,1.638,0.256
FRA,395,2015,99666067.75,0.387,0.577
FRA,140,2015,835412008.33,1.551,1.084
FRA,309,2015,101615367.98,1.317,2.105
FRA,293,2015,27847627.43,0.291,-1.931
FRA,59,2015,5938021.85,0.947,0.018
FRA,287,2015,3864749.03,4.233,1.098
FRA,376,2015,36302165.83,0.307,1.195
FRA,282,2015,168728700.49,2.533,-0.432
FRA,203,2023,37989712.79,3.975,0.46
FRA,310,2023,16134250.98,2.09,0.786
FRA,133,2023,184500755.29,0.485,0.981
FRA,219,2023,999786390.28,1.385,-0.908
FRA,121,2023,13750132.56,1.967,0.353
FRA,481,2023,104739854.61,0.248,0.719
FRA,346,2023,59807873.38,1.979,0.912
FRA,206,2023,330945.04,1.674,-0.717
FRA,426,2023,8966588.31,2.296,-0.809
FRA,328,2023,12829912.2,0.579,0.293
FRA,239,2023,305319072.85,0.529,0.274
FRA,355,2023,15337727.43,1.44,0.559
FRA,229,2023,47245694.01,0.362,-1.424
FRA,477,2023,31153957.75,0.291,0.128
FRA,456,2023,1015473048.48,6.521,-0.515
FRA,48,2023,222059077.42,2.702,-0.041
FRA,380,2023,9039027.84,1.294,-0.441
FRA,254,2023,154042847.59,0.221,-2.215
FRA,317,2023,105475053.73,0.529,-0.124
FRA,263,2023,92898540.8,0.702,-0.099
FRA,128,2023,512243659.8,0.537,-0.411
FRA,70,2023,66323914.69,0.596,1.119
FRA,367,2023,127397115.74,1.752,-0.4
FRA,337,2023,7060567.29,0.493,-0.646
FRA,9,2023,23111874.84,1.466,0.26
FRA,319,2023,102620705.54,0.147,0.018
FRA,324,2023,433003121.91,0.388,0.245
FRA,433,2023,78329989.92,0.419,0.43
FRA,389,2023,644958631.88,0.25,0.958
FRA,91,2023,594938955.79,2.908,-0.009
FRA,107,2023,222375726.46,0.887,0.511
FRA,409,2023,18943987.32,0.563,2.175
FRA,392,2023,25768858.82,0.49,-0.501
FRA,414,2023,142626200.01,0.444,-0.356
FRA,376,2023,68606232.69,0.248,-0.931
FRA,444,2023,30464526.37,3.795,0.06
FRA,471,2023,8117827.4,0.494,-0.31
FRA,362,2023,564623311.46,0.576,-1.129
FRA,73,2023,289880248.55,4.133,-0.511
FRA,95,2023,1033401573.18,1.936,1.167
FRA,45,2023,225913993.09,4.143,-0.436
FRA,453,2023,359986800.06,0.251,0.177
FRA,446,2023,6984047.96,0.681,0.719
FRA,275,2023,1339784.53,0.366,1.105
FRA,285,2023,275116967.22,0.276,-0.402
FRA,16,2023,26711698.64,0.703,-0.595
FRA,373,2023,117477135.62,2.499,1.442
FRA,22,2023,13949340.72,0.479,-1.484
FRA,152,2023,10046507.31,0.634,1.305
FRA,475,2023,17922931.8,0.3,1.076
FRA,405,2023,3363320887.77,0.137,0.528
FRA,402,2023,64202013.24,0.099,-0.653
FRA,202,2023,271067030.71,1.545,-0.38
FRA,36,2023,61569449.91,2.621,1.264
FRA,85,2023,44573525.76,6.271,0.519
FRA,327,2023,4224487.51,0.702,-1.263
FRA,335,2023,4488765.29,5.096,1.502
FRA,379,2023,17588842.27,2.289,1.029
FRA,404,2023,243429981.08,0.217,0.352
FRA,123,2023,27550485.63,2.249,0.657
GBR,454,1995,377078615.99,4.767,-1.307
GBR,410,1995,72230709.42,2.112,-1.578
GBR,114,1995,1190113.67,2.655,0.229
GBR,164,1995,51331861.42,1.088,-0.706
GBR,293,1995,229166480.38,0.32,0.575
GBR,401,1995,20174164.78,1.802,0.022
GBR,145,1995,36525371.86,73.788,0.098
GBR,183,1995,35446939.07,0.382,-1.116
GBR,307,1995,792604794.77,0.501,1.567
GBR,445,1995,679481547.51,0.435,-1.162
GBR,366,1995,19618972.63,0.376,0.075
GBR,17,1995,3942914.04,7.069,2.262
GBR,159,1995,513641923.71,1.526,1.371
GBR,76,1995,1343151.94,10.965,-0.311
GBR,194,1995,100515500.6,0.848,0.199
GBR,312,1995,2230706432.23,2.516,-1.348
GBR,122,1995,8958503.89,6.411,0.82
GBR,147,1995,47160436.77,5.529,-1.371
GBR,457,1995,33832994.15,1.716,0.863
GBR,327,1995,157756705.37,0.304,0.034
GBR,4,1995,374954807.49,3.641,-0.153
GBR,196,1995,1730309450.43,1.765,-0.475
GBR,43,1995,61780764.08,0.675,-0.239
GBR,12,1995,91768702.62,1.431,-2.197
GBR,437,1995,4414401.38,0.409,-0.686
GBR,58,1995,14152778.31,0.578,0.209
GBR,59,1995,3490378.69,1.59,-0.439
GBR,346,1995,243321401.72,0.608,0.436
GBR,311,1995,27054730.71,1.981,1.287
GBR,450,1995,4016552.09,0.039,-0.342
GBR,383,1995,17998799.41,4.906,-1.023
GBR,218,1995,3702471.09,1.551,1.398
GBR,154,1995,8246710.19,0.228,1.038
GBR,21,1995,199515579.19,1.422,0.82
GBR,254,1995,186507422.61,2.671,-0.907
GBR,391,1995,76502444.25,4.628,-0.344
GBR,66,1995,23522472.71,1.019,1.065
GBR,203,1995,249954824.75,1.527,0.415
GBR,129,1995,121375159.11,0.673,-1.191
GBR,215,1995,49518707.73,4.901,0.614
GBR,384,1995,66139296.08,0.856,-1.87
GBR,244,1995,1826836.87,2.534,-1.224
GBR,417,1995,103110684.49,1.242,-1.361
GBR,276,1995,107340702.26,1.486,-1.158
GBR,52,1995,343751149.85,0.404,0.074
GBR,138,1995,131479690.08,1.034,0.863
GBR,90,1995,132670844.39,2.509,-0.387
GBR,421,1995,65595736.67,0.827,-0.936
GBR,73,1995,25496493.0,0.724,1.051
GBR,262,1995,4100709.34,1.119,1.655
GBR,288,1995,413154249.8,2.506,0.815
GBR,341,1995,270996095.84,1.136,-1.053
GBR,35,1995,2441285.05,0.306,0.366
GBR,269,1995,8203109.16,0.054,1.146
GBR,88,1995,1916814.92,2.836,0.782
GBR,261,1995,1003608.83,0.732,-1.852
GBR,182,1995,88167001.41,1.02,0.254
GBR,268,1995,159013020.83,2.175,-0.339
GBR,16,1995,96876212.08,0.22,1.106
GBR,5,1995,330109.74,1.932,-0.601
GBR,413,2005,149696264.27,0.805,-0.55
GBR,79,2005,88741048.26,5.041,0.249
GBR,298,2005,43634518.94,1.539,-0.647
GBR,168,2005,327551340.59,0.269,-0.863
GBR,18,2005,3859583.71,0.295,0.435
GBR,171,2005,326566452.33,3.993,-0.813
GBR,411,2005,1559290507.93,6.321,-1.003
GBR,62,2005,72589052.05,1.106,0.938
GBR,9,2005,25782393.74,1.522,-0.851
GBR,170,2005,12844672.63,3.259,0.803
GBR,398,2005,76212198.17,1.047,1.96
GBR,235,2005,35835788.72,0.535,0.645
GBR,457,2005,291890098.11,0.579,0.201
GBR,104,2005,89484338.23,0.27,-0.003
GBR,43,2005,1200190985.91,0.439,1.435
GBR,42,2005,3608412.57,0.408,-1.468
GBR,340,2005,27783624.75,0.952,-1.941
GBR,390,2005,33925030.15,4.3,0.212
GBR,251,2005,31526628.46,0.788,0.298
GBR,327,2005,17003181.04,6.102,-1.391
GBR,331,2005,1583771599.63,1.368,1.631
GBR,490,2005,38427307.49,1.456,-0.976
GBR,138,2005,171021808.85,0.739,0.692
GBR,484,2005,106682190.2,0.455,-1.391
GBR,260,2005,5039701.78,0.361,-0.43
GBR,135,2005,143256459.76,1.381,-0.648
GBR,441,2005,154527807.23,5.664,1.343
GBR,147,2005,87530955.66,4.137,0.977
GBR,88,2005,145550659.6,0.935,2.019
GBR,13,2005,48671817.0,0.399,0.171
GBR,178,2005,2628745.35,0.439,-0.057
GBR,115,2005,201306327.07,1.189,0.168
GBR,45,2005,434542165.29,0.319,0.378
GBR,250,2005,21772451.21,0.318,0.65
GBR,463,2005,360889215.87,11.715,-1.795
GBR,164,2005,8087073.0,0.24,0.145
GBR,187,2005,6045706.8,2.243,-0.608
GBR,248,2005,742493376.65,3.663,-0.911
GBR,89,2005,83110257.23,2.324,-0.469
GBR,166,2005,35587109.86,0.092,0.692
GBR,286,2005,867500723.51,4.545,0.454
GBR,397,2005,23305809.88,0.25,0.083
GBR,221,2005,27296226.16,0.886,0.844
GBR,266,2005,10980765.91,7.1,-1.42
GBR,379,2005,342510114.98,34.566,-0.151
GBR,145,2005,115139592.39,1.131,-0.924
GBR,226,2005,4620511.16,1.198,-1.52
GBR,304,2005,250169029.43,1.764,-1.036
GBR,312,2005,233646561.4,0.527,-0.912
GBR,220,2005,80689671.17,9.542,0.392
GBR,376,2005,8307573.25,6.62,0.549
GBR,358,2005,66139264.12,6.12,0.147
GBR,82,2005,2877046.94,0.151,-0.091
GBR,54,2005,19680901.37,0.33,0.992
GBR,274,2005,42243806.7,2.937,-0.169
GBR,422,2005,90309567.35,0.489,-2.491
GBR,405,2005,74079458.88,0.486,1.475
GBR,458,2005,231882411.57,2.132,0.946
GBR,169,2005,6482379.32,8.678,-0.777
GBR,137,2005,88255195.42,4.695,0.197
GBR,268,2015,77527381.8,0.887,0.116
GBR,128,2015,102143888.97,0.161,0.686
GBR,427,2015,50084626.09,4.588,-0.469
GBR,321,2015,7683468.96,1.172,0.464
GBR,221,2015,8569396.09,0.301,-1.209
GBR,151,2015,1511742.0,8.973,2.513
GBR,233,2015,98260231.07,0.665,-0.843
GBR,284,2015,359729712.42,3.591,-0.193
GBR,47,2015,487602670.64,1.056,-0.22
GBR,465,2015,281926984.94,0.972,-2.0
GBR,444,2015,54104401.18,0.654,0.095
GBR,315,2015,324824485.34,0.448,0.369
GBR,279,2015,16324091.6,3.879,1.137
GBR,79,2015,29254886.07,0.738,-1.254
GBR,48,2015,17237711.2,7.387,-0.168
GBR,248,2015,3971899.32,0.522,-1.185
GBR,249,2015,6401081.49,14.246,-0.158
GBR,291,2015,35848687.34,1.068,0.095
GBR,307,2015,2142563949.75,1.718,-0.071
GBR,174,2015,63589469.78,0.117,0.536
GBR,435,2015,86442460.22,1.561,-0.962
GBR,137,2015,12993663.55,0.299,-0.836
GBR,466,2015,20264311.0,7.041,2.062
GBR,358,2015,11036989.89,1.323,-0.236
GBR,132,2015,87066020.56,0.991,0.554
GBR,391,2015,15987355.41,0.677,1.16
GBR,49,2015,1704408.81,1.269,-0.184
GBR,18,2015,12162830.08,1.048,-0.907
GBR,439,2015,3059574.43,0.249,-1.282
GBR,119,2015,17278857.52,3.258,-0.946
GBR,19,2015,289595535.4,0.7,-1.138
GBR,385,2015,3573591.94,0.21,0.013
GBR,111,2015,171577093.44,0.112,-0.403
GBR,116,2015,26710214.82,6.017,-0.406
GBR,468,2015,30573430.36,0.183,-0.094
GBR,341,2015,21601371.73,4.642,-0.084
GBR,278,2015,3883901.67,1.125,-1.535
GBR,384,2015,45431884.19,0.982,-0.215
GBR,477,2015,131715729.04,0.395,1.183
GBR,139,2015,73684121.29,0.162,-0.772
GBR,429,2015,116424667.09,0.277,2.112
GBR,303,2015,33353412.21,0.898,-1.635
GBR,207,2015,22898375.34,0.611,0.786
GBR,340,2015,1764819214.65,0.407,-0.281
GBR,195,2015,76849245.78,1.814,0.98
GBR,462,2015,72853547.43,0.255,-0.045
GBR,401,2015,1273623914.84,2.104,2.103
GBR,423,2015,48807499.11,1.993,-0.01
GBR,153,2015,148674377.14,3.701,-1.482
GBR,390,2015,60675319.16,0.72,1.537
GBR,172,2015,60142173.17,1.641,-1.018
GBR,53,2015,92857156.82,0.752,-0.465
GBR,288,2015,229768717.25,1.365,1.024
GBR,416,2015,1547036637.34,1.321,0.195
GBR,23,2015,4495035.29,1.272,0.035
GBR,3,2015,9668412.5,0.717,-1.696
GBR,145,2015,26897941.85,1.913,-0.42
GBR,225,2015,257811610.26,0.641,0.409
GBR,147,2015,8282867.13,1.434,0.16
GBR,138,2015,2366739684.22,0.421,-0.505
GBR,151,2023,3516262.52,2.67,1.285
GBR,419,2023,14547342.34,0.942,1.658
GBR,229,2023,252122069.18,1.134,-0.283
GBR,140,2023,466628945.52,21.796,-0.745
GBR,189,2023,7333678.31,4.944,0.786
GBR,327,2023,112682474.68,1.055,-2.329
GBR,300,2023,10472601.58,0.328,-0.979
GBR,96,2023,202142506.09,1.46,1.168
GBR,462,2023,13426434.92,0.485,-1.605
GBR,199,2023,1069689.18,0.579,2.335
GBR,459,2023,68055477.93,1.048,-2.863
GBR,469,2023,38906548.76,0.753,-0.448
GBR,367,2023,13822695.36,0.552,1.852
GBR,110,2023,175502809.49,0.967,1.731
GBR,343,2023,215228403.18,1.133,1.559
GBR,104,2023,80195808.7,1.12,-0.189
GBR,279,2023,6015096947.4,2.579,-1.231
GBR,440,2023,39541956.06,0.876,0.414
GBR,359,2023,220488087.52,3.632,1.058
GBR,272,2023,2951660.01,1.457,-0.107
GBR,293,2023,177976511.67,13.142,0.586
GBR,177,2023,51626771.74,0.364,0.962
GBR,422,2023,8166933.07,0.126,0.263
GBR,478,2023,314698263.6,0.335,-1.807
GBR,160,2023,136879623.8,2.14,-0.907
GBR,336,2023,11731106.43,0.257,0.068
GBR,346,2023,11781298.46,1.185,0.396
GBR,230,2023,293172034.73,1.159,0.082
GBR,54,2023,4981281.67,3.61,1.481
GBR,37,2023,226428884.35,1.274,-1.246
GBR,34,2023,59093619.73,0.998,0.509
GBR,377,2023,168901114.35,4.772,-0.426
GBR,275,2023,20666352.81,4.89,-0.407
GBR,316,2023,33108071.9,0.47,0.83
GBR,3,2023,118986334.01,0.191,-0.979
GBR,53,2023,517277993.7,2.48,-1.056
GBR,435,2023,4290593.67,4.432,-0.289
GBR,323,2023,75203782.67,2.305,-0.147
GBR,463,2023,18329462.58,1.844,-1.032
GBR,89,2023,256185786.37,1.529,0.147
GBR,244,2023,9661061.54,0.386,1.09
GBR,243,2023,16940204.74,0.178,1.049
GBR,180,2023,22883553.42,1.551,1.862
GBR,40,2023,486210005.75,0.548,-0.343
GBR,480,2023,16990638.46,0.769,0.74
GBR,237,2023,93794519.71,2.88,0.648
GBR,254,2023,343864593.76,1.633,-1.228
GBR,315,2023,25771167.99,0.829,2.084
GBR,195,2023,165616418.54,0.496,-1.46
GBR,227,2023,94507058.36,0.148,1.688
GBR,474,2023,11206507.26,0.346,-0.091
GBR,45,2023,2086064.23,1.072,0.35
GBR,166,2023,22613420.18,1.74,-0.436
GBR,233,2023,8134360.56,0.364,-0.449
GBR,94,2023,45074033.09,1.43,1.417
GBR,340,2023,263695619.94,2.023,1.102
GBR,483,2023,45585180.0,0.626,0.821
GBR,190,2023,584467268.02,0.196,1.403
GBR,306,2023,1666679.7,0.205,0.406
GBR,82,2023,27168056.08,2.552,-1.152
AUS,19,1995,7243724.53,0.319,-1.109
AUS,392,1995,363209264.74,0.252,-1.575
AUS,237,1995,37700084.59,1.685,-0.804
AUS,466,1995,44825158.92,0.719,-0.412
AUS,212,1995,58245417.91,2.071,-1.694
AUS,471,1995,451606973.62,0.98,-0.029
AUS,476,1995,6626656.26,0.695,0.11
AUS,7,1995,155628695.57,5.507,-0.162
AUS,13,1995,2916997704.71,0.35,0.445
AUS,111,1995,43221291.44,0.604,0.852
AUS,459,1995,66932404.75,1.109,-2.098
AUS,354,1995,117826088.98,2.693,-0.364
AUS,352,1995,549123600.49,0.126,-0.895
AUS,367,1995,139801922.84,0.572,-1.405
AUS,366,1995,34702739.93,0.094,-0.187
AUS,10,1995,116473198.55,0.929,0.427
AUS,403,1995,5600748.0,1.624,0.718
AUS,273,1995,109444922.9,2.005,0.643
AUS,361,1995,336092854.07,0.312,-1.577
AUS,300,1995,104585435.14,1.332,0.905
AUS,252,1995,285934662.95,0.728,-0.02
AUS,415,1995,20758295.2,0.539,0.493
AUS,102,1995,1291247.79,0.474,-0.644
AUS,435,1995,8534231.07,0.439,0.799
AUS,184,1995,47216370.19,1.45,-0.519
AUS,203,1995,20436607.05,1.314,1.67
AUS,202,1995,563921549.24,0.978,0.126
AUS,71,1995,24740358.45,0.552,0.24
AUS,119,1995,4968105255.21,3.82,-1.62
AUS,425,1995,18240073.29,0.267,0.054
AUS,105,1995,536416339.94,1.897,-0.249
AUS,214,1995,6011503.34,0.433,0.245
AUS,107,1995,22415065.17,0.289,0.709
AUS,94,1995,1366280.55,0.781,-1.466
AUS,380,1995,2070700.63,0.26,0.839
AUS,134,1995,15499984.55,2.149,0.376
AUS,208,1995,945988893.01,0.314,1.047
AUS,488,1995,9058595.9,2.501,-0.149
AUS,454,1995,23770102.12,3.43,1.315
AUS,329,1995,9227687.01,0.101,1.574
AUS,133,1995,19298704.73,0.451,0.245
AUS,153,1995,8433632.14,2.646,-0.573
AUS,297,1995,154247763.3,4.436,-0.586
AUS,484,1995,118565184.57,0.502,0.883
AUS,432,1995,28356473.0,2.687,0.727
AUS,288,1995,127412919.33,6.036,0.447
AUS,370,1995,4203957.89,0.064,0.053
AUS,55,1995,9562761.39,1.758,-0.316
AUS,84,1995,42031639.26,0.602,0.276
AUS,423,1995,49803832.47,0.472,-0.943
AUS,402,1995,16055162.87,1.39,-1.178
AUS,448,1995,95095585.98,0.461,-1.365
AUS,115,1995,131895847.38,0.393,-1.299
AUS,446,1995,69291763.87,0.86,-0.884
AUS,120,1995,1006231.8,1.681,-0.488
AUS,217,1995,10997032.29,0.225,0.799
AUS,419,1995,2458280.17,0.833,-1.351
AUS,374,1995,2234569.84,0.38,0.119
AUS,456,1995,92469481.45,3.545,-0.245
AUS,411,1995,112841252.49,2.786,-0.954
AUS,445,2005,383860486.61,3.679,1.325
AUS,245,2005,30362070.96,0.915,0.255
AUS,59,2005,227692604.38,1.071,-0.881
AUS,364,2005,32941018.94,0.383,0.075
AUS,122,2005,241025485.0,0.79,0.952
AUS,162,2005,31910784.88,0.965,2.229
AUS,170,2005,2242303.84,1.062,2.854
AUS,110,2005,202661041.12,0.49,-1.922
AUS,39,2005,4351316.17,0.738,0.793
AUS,73,2005,39965835.76,0.976,-0.221
AUS,180,2005,102168343.63,1.711,0.624
AUS,469,2005,50610314.59,3.473,-0.815
AUS,95,2005,2112182.61,1.093,1.09
AUS,285,2005,272880067.59,1.124,0.728
AUS,40,2005,863853137.15,2.625,0.538
AUS,88,2005,3840346.92,9.688,1.599
AUS,16,2005,5525360.98,2.75,0.157
AUS,230,2005,260826414.85,0.225,-0.336
AUS,54,2005,557329336.73,0.352,2.51
AUS,440,2005,32644853.39,2.41,-0.194
AUS,339,2005,327163676.94,1.465,-1.132
AUS,3,2005,137827413.19,1.586,0.721
AUS,423,2005,13709788.46,0.285,0.389
AUS,163,2005,14420728.98,0.605,1.024
AUS,317,2005,20535983.58,4.3,1.132
AUS,129,2005,36330070.79,0.67,0.943
AUS,384,2005,493986208.63,0.473,-1.595
AUS,409,2005,8738237.14,1.612,0.748
AUS,388,2005,28061652.35,1.438,-2.17
AUS,458,2005,52332016.7,0.465,-0.5
AUS,209,2005,13503222.03,1.571,-1.109
AUS,352,2005,11067153.82,1.832,-0.424
AUS,217,2005,8398124.96,0.187,-0.053
AUS,466,2005,236437271.06,2.184,2.387
AUS,117,2005,189453986.63,0.484,0.18
AUS,171,2005,151110238.07,0.711,1.11
AUS,349,2005,699514993.19,10.438,-0.755
AUS,266,2005,273304424.73,0.997,-0.51
AUS,360,2005,122879367.85,1.06,-0.22
AUS,432,2005,21132143.83,4.284,-2.49
AUS,273,2005,160026844.58,0.517,-1.677
AUS,401,2005,240672494.71,2.525,0.27
AUS,258,2005,8661076.3,7.415,1.111
AUS,243,2005,2921060741.02,3.387,1.015
AUS,196,2005,45909715.41,0.855,-0.155
AUS,224,2005,136604439.03,4.361,-0.892
AUS,341,2005,599791349.65,0.339,2.377
AUS,77,2005,59830412.57,0.52,-0.361
AUS,448,2005,358512491.23,1.801,0.644
AUS,96,2005,245589109.82,0.429,0.846
AUS,31,2005,54953960.09,0.579,-0.468
AUS,150,2005,22983523.35,6.603,-0.954
AUS,489,2005,584268011.88,2.276,-0.242
AUS,395,2005,86508444.07,0.193,-0.032
AUS,301,2005,159546409.12,1.016,0.17
AUS,414,2005,2920728483.1,1.712,-1.032
AUS,60,2005,624078162.12,2.151,0.893
AUS,371,2005,24836339.56,0.432,-0.267
AUS,410,2005,2286519938.78,2.065,-1.794
AUS,114,2005,12702637.62,1.458,-0.187
AUS,203,2015,87283077.84,8.285,-0.181
AUS,30,2015,66660232.43,1.394,0.324
AUS,268,2015,2943288.93,1.05,-1.408
AUS,92,2015,463014369.95,0.602,3.047
AUS,78,2015,512823905.69,1.186,1.272
AUS,466,2015,298761125.25,2.251,-0.482
AUS,236,2015,139816683.0,1.341,0.136
AUS,431,2015,14854395.14,1.775,-0.083
AUS,285,2015,6768429.39,3.761,0.012
AUS,202,2015,11122452.43,1.729,0.04
AUS,207,2015,57643562.25,1.818,0.74
AUS,232,2015,34239273.57,1.689,-0.062
AUS,241,2015,20117070.62,0.556,0.04
AUS,80,2015,37477849.87,0.47,0.737
AUS,121,2015,23926918.84,0.375,1.344
AUS,242,2015,32767222.14,4.752,-0.898
AUS,488,2015,118071084.6,5.481,-0.206
AUS,356,2015,6836349.27,0.438,1.539
AUS,131,2015,47955142.76,27.233,0.302
AUS,104,2015,91093033.96,1.835,1.227
AUS,267,2015,1966488936.26,0.271,0.696
AUS,483,2015,8990914.22,0.227,-0.012
AUS,310,2015,163000121.61,1.608,0.359
AUS,359,2015,147968869.63,2.731,0.184
AUS,243,2015,162516851.64,9.088,0.66
AUS,166,2015,14094642.77,0.465,0.498
AUS,343,2015,366550579.72,0.372,0.341
AUS,31,2015,71987996.44,13.778,0.283
AUS,378,2015,131901275.72,1.866,1.946
AUS,150,2015,260253131.92,1.89,0.531
AUS,133,2015,129201361.82,0.78,-0.398
AUS,254,2015,30208143.37,0.425,-0.369
AUS,143,2015,16548739.29,0.392,1.07
AUS,66,2015,167026806.3,1.253,-1.712
AUS,170,2015,981315.54,1.547,0.865
AUS,47,2015,113536414.17,0.26,1.098
AUS,299,2015,24067236.1,1.931,0.655
AUS,217,2015,11065279.61,0.229,-0.389
AUS,220,2015,288937550.5,4.805,-0.846
AUS,487,2015,382761952.74,0.405,-0.628
AUS,223,2015,44142152.05,1.093,0.112
AUS,49,2015,77517853.54,3.881,0.276
AUS,10,2015,15025218.97,0.226,-0.093
AUS,361,2015,26330920.95,0.167,0.952
AUS,398,2015,19645299.19,2.869,-0.79
AUS,88,2015,331331068.49,0.797,0.46
AUS,37,2015,8685170.78,0.216,-2.685
AUS,174,2015,60222477.49,0.376,-0.29
AUS,175,2015,11347415.14,1.34,0.107
AUS,230,2015,245091418.2,8.108,0.033
AUS,451,2015,4711511770.91,1.809,0.528
AUS,27,2015,873411262.75,1.22,-1.559
AUS,21,2015,106700123.39,3.237,-0.746
AUS,42,2015,3393253.11,0.363,0.64
AUS,196,2015,19144610.52,0.155,1.259
AUS,52,2015,142927695.67,1.944,-0.132
AUS,238,2015,32535352.13,0.715,0.545
AUS,318,2015,2806570.78,0.45,-0.696
AUS,183,2015,21632296.65,0.877,-0.628
AUS,399,2015,10796159.87,0.206,0.003
AUS,450,2023,24414762.07,0.752,0.821
AUS,484,2023,23545239.01,0.418,0.971
AUS,62,2023,39295687.41,1.015,-0.285
AUS,131,2023,66686543.44,0.466,0.819
AUS,391,2023,2463277.29,2.31,-0.266
AUS,398,2023,31391014.62,1.121,0.482
AUS,150,2023,358790787.1,1.761,-1.808
AUS,56,2023,134041632.84,1.639,0.41
AUS,205,2023,4846760.84,1.013,-2.267
AUS,333,2023,41818812.79,1.701,0.541
AUS,184,2023,9707776.41,2.934,0.554
AUS,347,2023,6787749.26,1.639,0.105
AUS,45,2023,787316857.42,2.08,0.82
AUS,483,2023,60242866.52,1.544,0.149
AUS,286,2023,45160916.31,0.346,0.358
AUS,60,2023,36805418.36,2.441,0.235
AUS,376,2023,421969799.64,1.768,-1.881
AUS,313,2023,69474328.98,0.202,0.607
AUS,453,2023,1722533.1,0.284,0.591
AUS,480,2023,483408628.97,5.831,-0.146
AUS,127,2023,6961130.97,0.441,-0.219
AUS,404,2023,138618792.85,0.387,-0.668
AUS,429,2023,23306417.39,0.597,-0.961
AUS,319,2023,68504363.74,0.951,0.073
AUS,487,2023,1540140563.23,1.821,-0.074
AUS,337,2023,1594241672.26,1.113,-0.8
AUS,92,2023,8102652.57,0.862,-0.032
AUS,123,2023,126296805.04,3.675,-0.62
AUS,128,2023,15598636.28,1.579,-1.076
AUS,290,2023,175348869.76,2.432,0.43
AUS,448,2023,199311109.26,0.587,-0.572
AUS,489,2023,31269502.23,0.08,1.087
AUS,318,2023,3997679.07,3.479,1.572
AUS,181,2023,277988143.01,5.96,0.236
AUS,274,2023,679492.03,1.31,0.145
AUS,37,2023,48706397.17,1.65,-0.071
AUS,236,2023,223871304.63,1.678,-0.038
AUS,58,2023,4752089.65,0.257,0.312
AUS,213,2023,884922373.67,1.629,0.71
AUS,168,2023,38430947.91,0.668,-0.674
AUS,183,2023,31283648.42,4.128,0.43
AUS,423,2023,323105090.95,1.727,-2.431
AUS,178,2023,91439476.72,0.959,2.002
AUS,408,2023,463821299.4,1.271,0.0
AUS,170,2023,29469341.61,0.485,0.808
AUS,235,2023,11666863.3,0.329,-1.372
AUS,156,2023,48414719.77,1.29,2.332
AUS,245,2023,20839049.89,4.327,-0.296
AUS,238,2023,7188775.64,0.144,-0.866
AUS,481,2023,430746248.06,1.548,-0.297
AUS,215,2023,28425448.97,1.632,0.548
AUS,463,2023,17166478.47,2.79,-1.976
AUS,68,2023,137477192.02,0.656,1.064
AUS,378,2023,21895751.92,1.258,0.029
AUS,402,2023,1865962.52,5.231,-0.789
AUS,211,2023,6234184.56,5.076,-0.131
AUS,154,2023,582310781.93,0.712,-0.694
AUS,209,2023,14255010.68,4.38,0.132
AUS,446,2023,23114915.82,0.761,0.05
AUS,373,2023,12446158.61,0.05,1.05
BRA,342,1995,3144482.95,0.876,0.454
BRA,324,1995,1932413.88,0.238,-0.937
BRA,329,1995,1330036830.58,0.741,-1.396
BRA,386,1995,65089585.47,1.65,-0.999
BRA,178,1995,284225814.27,0.542,0.401
BRA,257,1995,10928022.51,0.426,0.572
BRA,476,1995,1006775134.66,2.119,-0.445
BRA,315,1995,236581767.63,4.275,0.53
BRA,250,1995,6794131.3,1.55,0.465
BRA,365,1995,78013289.85,2.932,-1.206
BRA,483,1995,72182705.62,0.633,-0.524
BRA,353,1995,46210581.78,0.999,0.895
BRA,163,1995,67623523.12,0.672,1.774
BRA,164,1995,180764978.58,1.915,1.525
BRA,316,1995,104588068.87,0.437,-0.401
BRA,462,1995,77065825.79,0.998,-1.243
BRA,160,1995,518728475.0,1.166,-1.628
BRA,56,1995,275685578.48,1.171,-1.645
BRA,367,1995,40542121.06,0.784,0.195
BRA,441,1995,73930808.6,1.441,0.03
BRA,447,1995,184074713.24,1.569,-1.259
BRA,415,1995,4616604.65,0.652,-1.673
BRA,370,1995,25316180.07,0.16,-0.192
BRA,76,1995,27655559.84,1.402,0.87
BRA,336,1995,144231448.25,1.333,1.2
BRA,209,1995,8000537.83,0.457,-0.729
BRA,299,1995,107835493.62,0.243,-2.595
BRA,172,1995,1946381.07,2.169,0.581
BRA,379,1995,28974019.61,0.731,0.305
BRA,193,1995,130112047.86,1.56,-0.835
BRA,310,1995,78207913.2,1.091,1.965
BRA,25,1995,36019338.23,0.736,1.164
BRA,242,1995,2916743.82,2.657,1.001
BRA,67,1995,34891021.54,1.302,0.296
BRA,85,1995,207774159.21,2.013,-0.446
BRA,417,1995,14316622.3,0.6,0.508
BRA,103,1995,6654848.0,1.346,1.363
BRA,421,1995,266291874.96,0.112,-0.543
BRA,490,1995,527654792.69,1.602,-1.025
BRA,404,1995,352241953.77,0.177,0.523
BRA,227,1995,87411901.59,0.199,0.176
BRA,115,1995,56573130.1,2.12,1.173
BRA,334,1995,93835645.22,1.125,0.991
BRA,428,1995,328776537.47,2.937,-0.319
BRA,377,1995,7600602.1,1.533,-0.972
BRA,452,1995,65809950.07,1.385,-1.048
BRA,186,1995,45446912.95,5.425,-0.258
BRA,309,1995,4319619.09,0.856,1.934
BRA,279,1995,4208201.06,1.156,-0.661
BRA,238,1995,2577713.06,1.469,-0.723
BRA,10,1995,78178719.43,0.582,0.055
BRA,113,1995,155165489.21,1.06,-0.33
BRA,340,1995,3973703.73,0.681,-1.298
BRA,29,1995,89462925.75,1.993,-1.39
BRA,414,1995,17280791.66,0.987,0.288
BRA,16,1995,178758357.03,3.999,-0.901
BRA,396,1995,337025074.58,0.854,-0.345
BRA,80,1995,489079903.68,1.083,0.044
BRA,290,1995,42978912.26,0.433,-0.298
BRA,41,1995,352547905.95,0.372,0.356
BRA,333,2005,3745420.06,2.186,-0.129
BRA,114,2005,90956126.26,3.47,-0.682
BRA,119,2005,1183663.69,3.975,-0.164
BRA,361,2005,8608831.58,1.641,0.638
BRA,262,2005,482231190.77,0.444,1.123
BRA,306,2005,1312098713.43,3.732,0.207
BRA,67,2005,102746208.73,1.205,-0.599
BRA,49,2005,642735955.15,1.777,0.296
BRA,327,2005,4734119.39,3.504,1.222
BRA,290,2005,117866432.55,1.001,-0.651
BRA,411,2005,185129033.19,0.223,-0.79
BRA,107,2005,134379381.01,2.057,-0.781
BRA,205,2005,65102705.08,0.122,0.362
BRA,72,2005,10735844.5,1.066,-1.375
BRA,286,2005,23648389.86,4.305,0.499
BRA,147,2005,30751736.61,0.196,-1.192
BRA,54,2005,60038274.83,2.566,1.074
BRA,423,2005,14374841.79,0.985,0.087
BRA,428,2005,13288972.13,2.894,-0.327
BRA,146,2005,133030783.26,3.014,-1.585
BRA,488,2005,185952783.99,3.474,-0.36
BRA,266,2005,57942876.38,0.313,1.409
BRA,347,2005,19782997.59,1.962,2.827
BRA,334,2005,30524036.04,0.326,-0.157
BRA,425,2005,490168607.35,0.788,-0.835
BRA,125,2005,75124873.39,2.996,-0.43
BRA,287,2005,37187871.83,0.606,-0.559
BRA,305,2005,16238150.28,2.77,1.237
BRA,379,2005,24590418.07,0.378,-0.716
BRA,365,2005,66043234.18,4.879,3.248
BRA,255,2005,155509910.67,0.162,0.45
BRA,432,2005,197696982.56,0.484,-0.363
BRA,437,2005,478645403.73,1.484,1.648
BRA,335,2005,40501122.02,0.18,1.048
BRA,466,2005,38477004.08,0.745,0.178
BRA,156,2005,629655.48,0.65,-2.119
BRA,134,2005,46221964.07,0.138,0.588
BRA,313,2005,716602630.17,1.477,-0.439
BRA,389,2005,15215750.5,0.311,0.612
BRA,388,2005,9038885.29,0.373,-0.107
BRA,261,2005,9246157.41,0.574,-1.957
BRA,422,2005,29078055.41,0.772,0.578
BRA,244,2005,56407527.5,2.562,0.723
BRA,257,2005,3028582258.24,0.572,0.943
BRA,117,2005,9059928.41,2.706,-0.554
BRA,6,2005,1763132.27,1.472,0.622
BRA,404,2005,14881910.37,0.443,-0.735
BRA,252,2005,1788421266.39,0.434,-0.843
BRA,229,2005,1124139389.97,1.808,0.148
BRA,469,2005,2071221916.82,0.483,-0.728
BRA,175,2005,30202149.29,0.377,0.162
BRA,68,2005,439688739.48,0.948,-0.298
BRA,221,2005,200716649.3,0.523,-0.779
BRA,448,2005,122993045.96,0.373,-1.14
BRA,439,2005,893241.82,1.408,-0.618
BRA,4,2005,85325838.52,0.743,-0.149
BRA,211,2005,509912523.27,1.276,0.457
BRA,23,2005,96298693.77,0.703,0.655
BRA,454,2005,3208254.82,1.175,-0.255
BRA,31,2005,37458934.98,3.278,0.509
BRA,120,2015,32572322.17,3.044,1.301
BRA,421,2015,12202863.24,4.104,-1.195
BRA,218,2015,2873461.95,3.688,0.065
BRA,423,2015,13598306.24,0.165,0.131
BRA,189,2015,84118580.45,2.048,-0.981
BRA,117,2015,53805743.47,0.252,-0.704
BRA,374,2015,306164116.37,2.309,-0.328
BRA,107,2015,24834733.48,2.753,-0.432
BRA,141,2015,508966.1,10.357,0.528
BRA,364,2015,439939910.81,0.385,-1.517
BRA,52,2015,32286630.08,0.371,-0.722
BRA,410,2015,45404024.31,0.168,0.121
BRA,199,2015,10227380.61,0.144,1.248
BRA,266,2015,12348715.76,1.358,0.572
BRA,392,2015,21203711.04,2.565,0.672
BRA,415,2015,7784779.9,1.5,-1.01
BRA,39,2015,19854792.8,0.442,-0.695
BRA,89,2015,98250844.93,0.191,-0.722
BRA,18,2015,325343268.09,0.836,-0.499
BRA,129,2015,694286435.24,3.976,-1.374
BRA,304,2015,589716796.67,1.542,-1.148
BRA,457,2015,9962081.52,0.974,2.545
BRA,286,2015,1440292.61,0.834,0.405
BRA,223,2015,128120350.33,1.884,-0.266
BRA,313,2015,16535086.78,0.587,-0.649
BRA,385,2015,18326081.25,0.281,-0.837
BRA,303,2015,32644064.43,2.085,0.51
BRA,5,2015,66821201.21,1.268,-0.58
BRA,447,2015,47691972.01,2.113,-2.006
BRA,438,2015,21978264.54,0.651,-0.546
BRA,116,2015,305439112.53,0.318,-0.321
BRA,219,2015,153114248.99,0.873,-1.222
BRA,137,2015,4904531.39,0.568,-1.315
BRA,115,2015,30550039.23,1.13,-0.569
BRA,236,2015,23057169.4,1.321,-0.414
BRA,480,2015,9582002.95,1.662,-0.325
BRA,256,2015,21335003.06,0.703,0.172
BRA,465,2015,161363512.11,0.642,-1.333
BRA,49,2015,1400282987.57,1.832,1.183
BRA,11,2015,173302017.65,0.287,0.247
BRA,109,2015,156571243.53,0.664,0.216
BRA,373,2015,79538276.75,0.753,-1.27
BRA,21,2015,74038144.58,1.479,-1.343
BRA,389,2015,394937042.85,1.424,-0.722
BRA,229,2015,184110705.31,0.733,-0.433
BRA,360,2015,70654693.33,0.408,-0.392
BRA,439,2015,247570345.85,0.774,0.733
BRA,27,2015,30248504.73,1.323,0.296
BRA,391,2015,7100631.11,0.313,-0.141
BRA,73,2015,83180263.92,0.266,-0.169
BRA,46,2015,22381318.0,1.007,-1.276
BRA,125,2015,13455352.73,0.081,-1.107
BRA,196,2015,123878758.7,3.637,-1.224
BRA,460,2015,1216618427.52,3.686,2.067
BRA,478,2015,59264524.8,2.759,0.787
BRA,306,2015,230744288.91,1.086,1.103
BRA,225,2015,218804728.34,0.557,-2.399
BRA,211,2015,35284054.83,0.546,0.151
BRA,403,2015,161054006.38,1.601,-0.623
BRA,475,2015,39121412.77,2.654,-0.85
BRA,113,2023,88908266.15,0.172,0.329
BRA,410,2023,16578031.79,0.749,-0.223
BRA,364,2023,3864743.09,0.214,0.276
BRA,227,2023,248197689.95,0.093,0.193
BRA,212,2023,3152508.97,0.653,0.548
BRA,450,2023,110555614.27,1.155,-0.91
BRA,312,2023,4670448.01,0.313,-0.827
BRA,362,2023,3973985.75,0.284,-0.306
BRA,83,2023,6279756.64,1.163,0.002
BRA,74,2023,1455373765.67,6.752,1.814
BRA,56,2023,4403422.62,1.44,1.413
BRA,383,2023,2159824.22,0.962,-0.102
BRA,37,2023,52015546.69,2.645,-0.672
BRA,475,2023,38168148.16,1.896,0.257
BRA,236,2023,43731046.84,0.613,0.373
BRA,117,2023,24097024.54,0.911,-1.569
BRA,71,2023,85551217.9,0.717,0.259
BRA,316,2023,107546166.26,0.493,0.471
BRA,157,2023,314439961.13,1.614,0.42
BRA,257,2023,11104315.92,0.16,-0.499
BRA,160,2023,161601777.19,1.515,0.821
BRA,288,2023,1513824.64,0.46,-0.651
BRA,287,2023,16204438.12,1.972,-0.836
BRA,43,2023,99778543.08,1.851,0.377
BRA,483,2023,21018354.07,0.154,1.57
BRA,110,2023,231067340.05,2.758,0.646
BRA,398,2023,127332150.21,0.51,0.384
BRA,103,2023,270534901.05,0.54,1.129
BRA,170,2023,66995373.52,0.171,0.664
BRA,313,2023,40315865.68,2.272,0.459
BRA,266,2023,60195962.46,0.317,-0.222
BRA,477,2023,7983450.66,0.992,-0.491
BRA,255,2023,18811141.02,0.833,-0.9
BRA,162,2023,66889425.02,1.303,-0.628
BRA,249,2023,18411276.8,0.774,-0.956
BRA,122,2023,411610.19,1.466,-0.587
BRA,447,2023,1790759.97,1.342,-0.052
BRA,55,2023,1345952.29,0.3,0.113
BRA,164,2023,169264761.59,1.432,0.649
BRA,219,2023,833136806.82,1.305,-1.246
BRA,211,2023,204989092.13,0.169,1.142
BRA,490,2023,592377.06,0.22,-0.079
BRA,439,2023,43963307.07,4.823,-0.872
BRA,85,2023,4974040.37,5.065,-0.25
BRA,92,2023,15828223.26,0.486,-0.123
BRA,78,2023,88700125.09,0.973,-0.52
BRA,9,2023,362828560.58,0.605,0.261
BRA,218,2023,10287926.88,4.23,-0.431
BRA,448,2023,43702337.8,0.148,-0.224
BRA,307,2023,2371557652.08,0.55,-0.374
BRA,225,2023,22794214.88,0.356,-1.018
BRA,454,2023,4725937.91,1.586,1.699
BRA,94,2023,66898789.61,0.241,1.355
BRA,426,2023,59494539.58,3.583,-0.247
BRA,27,2023,2811887.3,0.42,-1.073
BRA,471,2023,80565165.82,0.803,-0.906
BRA,278,2023,15433081.59,0.843,0.981
BRA,396,2023,46855569.95,2.368,0.665
BRA,98,2023,76351433.45,1.501,1.107
BRA,116,2023,11767529.91,2.41,-1.616
ZAF,212,1995,7704900.05,11.054,-2.027
ZAF,333,1995,157151436.72,1.142,-0.881
ZAF,248,1995,241157174.89,0.728,0.146
ZAF,133,1995,8663403.31,0.991,0.547
ZAF,189,1995,1396923.16,0.378,-0.897
ZAF,321,1995,25398031.1,4.933,-0.335
ZAF,175,1995,45556908.06,1.8,-1.409
ZAF,364,1995,282762507.6,0.969,-2.122
ZAF,274,1995,137524332.08,2.129,1.095
ZAF,458,1995,66509264.92,0.361,-0.874
ZAF,280,1995,37245844.72,0.598,-0.542
ZAF,470,1995,21309876.3,0.728,1.178
ZAF,267,1995,30993232.23,0.586,-1.099
ZAF,284,1995,14955534.51,0.709,-0.755
ZAF,11,1995,171018460.55,3.201,0.63
ZAF,316,1995,7234489.16,0.44,0.928
ZAF,236,1995,20191682.06,0.988,0.687
ZAF,488,1995,23555062.29,0.549,0.195
ZAF,322,1995,623753083.28,1.36,-0.116
ZAF,108,1995,519634963.77,1.177,1.577
ZAF,195,1995,130497736.85,0.678,-0.394
ZAF,293,1995,514669859.07,0.848,-0.419
ZAF,113,1995,101194881.83,0.306,-0.608
ZAF,263,1995,5396366.98,0.925,0.312
ZAF,484,1995,9000902.86,1.299,1.004
ZAF,447,1995,95272389.4,1.268,0.485
ZAF,457,1995,931420135.06,0.509,0.283
ZAF,114,1995,83363914.4,1.418,-0.66
ZAF,34,1995,50122857.64,1.152,-0.199
ZAF,318,1995,46829014.76,0.535,-2.034
ZAF,307,1995,640486215.9,1.922,0.473
ZAF,298,1995,85594307.28,1.345,0.615
ZAF,303,1995,260923410.47,0.7,0.185
ZAF,286,1995,29287885.2,1.424,0.553
ZAF,221,1995,1721504.03,0.096,0.758
ZAF,41,1995,9342044.91,3.826,0.001
ZAF,21,1995,55702680.24,0.874,-0.582
ZAF,24,1995,14749744.27,0.1,-1.047
ZAF,237,1995,15741475.79,0.899,-1.735
ZAF,213,1995,735216234.55,6.2,0.646
ZAF,305,1995,261225766.74,0.806,0.634
ZAF,10,1995,45008161.7,1.419,-0.591
ZAF,460,1995,50587105.73,4.826,-0.188
ZAF,399,1995,43544059.42,0.254,-0.229
ZAF,325,1995,25789279.84,0.103,1.022
ZAF,4,1995,15649295.35,3.093,1.027
ZAF,31,1995,3821583919.37,0.577,0.191
ZAF,402,1995,358920564.24,1.201,-1.452
ZAF,319,1995,133901096.46,0.342,1.156
ZAF,194,1995,117375108.1,2.754,1.915
ZAF,404,1995,34921637.13,1.045,-0.15
ZAF,309,1995,4040166.59,0.923,0.299
ZAF,413,1995,5511078.1,0.258,0.137
ZAF,49,1995,145161351.9,1.938,1.06
ZAF,341,1995,126730307.07,0.641,-0.494
ZAF,94,1995,122777687.68,2.271,-0.439
ZAF,453,1995,17259643.32,0.53,0.257
ZAF,85,1995,59913155.86,2.811,1.326
ZAF,342,1995,155305644.1,1.24,1.057
ZAF,202,1995,86175506.42,1.11,-0.081
ZAF,333,2005,103206182.13,10.089,1.461
ZAF,206,2005,455710837.99,3.696,-0.301
ZAF,466,2005,122072677.34,0.458,0.662
ZAF,237,2005,216035287.63,0.38,0.343
ZAF,459,2005,19742128.68,0.428,-0.317
ZAF,132,2005,490814187.68,1.238,-0.472
ZAF,135,2005,5033783.43,0.695,0.34
ZAF,483,2005,39691151.17,0.748,0.21
ZAF,379,2005,31048063.75,0.389,1.246
ZAF,227,2005,14763103.56,11.232,0.442
ZAF,221,2005,25730866.91,2.14,0.36
ZAF,453,2005,90648279.33,1.896,-0.689
ZAF,315,2005,656564316.62,1.186,0.19
ZAF,36,2005,8384092.83,1.636,0.234
ZAF,444,2005,34326544.23,0.472,-1.061
ZAF,276,2005,66543655.63,0.324,0.199
ZAF,41,2005,1025158.43,0.119,-0.642
ZAF,431,2005,4078431502.06,0.149,2.243
ZAF,225,2005,1134730295.48,0.398,-1.151
ZAF,97,2005,5922101.65,0.677,-1.291
ZAF,356,2005,6197971.5,1.084,-0.944
ZAF,470,2005,51922147.6,1.241,-0.588
ZAF,92,2005,112130912.84,0.097,-0.87
ZAF,404,2005,17914110.73,0.19,-1.125
ZAF,324,2005,13107636.22,1.007,-0.57
ZAF,47,2005,4170926.36,0.317,-0.334
ZAF,113,2005,10568603.23,1.334,1.708
ZAF,426,2005,1018002334.52,1.402,-0.759
ZAF,73,2005,7934807.88,6.481,1.221
ZAF,284,2005,156050727.95,0.503,0.025
ZAF,432,2005,2938717.43,0.579,1.796
ZAF,460,2005,68347084.53,3.61,1.799
ZAF,422,2005,27013206.49,1.887,-0.511
ZAF,211,2005,54448010.28,0.174,-0.703
ZAF,157,2005,13979172.29,1.187,-0.285
ZAF,37,2005,267949493.87,0.235,0.313
ZAF,429,2005,26030892.97,0.183,-0.48
ZAF,341,2005,16408596.61,16.39,0.135
ZAF,413,2005,593324563.41,5.66,-0.402
ZAF,327,2005,6114785.88,0.804,0.696
ZAF,208,2005,61340302.04,0.7,1.384
ZAF,72,2005,5882287.08,1.686,-1.055
ZAF,125,2005,88502932.98,0.19,-0.024
ZAF,235,2005,47454600.6,6.412,1.673
ZAF,380,2005,3472182.54,1.465,-1.206
ZAF,313,2005,31587211.94,6.371,-0.394
ZAF,390,2005,69266722.09,0.828,-0.133
ZAF,419,2005,27533350.84,2.281,1.608
ZAF,309,2005,1607393623.98,2.229,-2.155
ZAF,66,2005,11997918.53,2.891,-0.233
ZAF,123,2005,8812551.5,1.241,-0.958
ZAF,200,2005,23970473.03,1.032,0.124
ZAF,214,2005,1788784974.08,2.105,-0.614
ZAF,484,2005,63423047.48,1.061,-1.705
ZAF,164,2005,12318056.89,2.299,1.674
ZAF,29,2005,38925657.37,0.152,0.01
ZAF,55,2005,12107211.55,1.651,-0.834
ZAF,477,2005,49586114.15,0.458,-0.383
ZAF,244,2005,51856185.35,2.213,0.616
ZAF,275,2005,14082377.84,0.524,-0.65
ZAF,385,2015,3135260.04,0.703,1.177
ZAF,133,2015,226110132.15,6.794,0.695
ZAF,358,2015,29473956.77,0.132,-0.45
ZAF,356,2015,7244433.65,2.233,-0.728
ZAF,407,2015,3217016267.83,9.867,-0.012
ZAF,151,2015,2757645787.65,4.296,0.766
ZAF,206,2015,11383290.11,0.661,-0.226
ZAF,205,2015,3504008.44,3.586,0.948
ZAF,438,2015,11490304.78,0.677,-0.31
ZAF,355,2015,471561705.14,1.369,-1.046
ZAF,172,2015,11412468.77,6.102,0.928
ZAF,472,2015,42788747.84,5.887,-0.096
ZAF,459,2015,70948183.42,0.95,-0.126
ZAF,429,2015,159499350.07,0.163,0.114
ZAF,128,2015,229652411.61,0.382,0.976
ZAF,258,2015,77511440.55,2.905,-0.297
ZAF,278,2015,242578475.14,0.714,0.99
ZAF,441,2015,4212855.51,0.795,-0.328
ZAF,231,2015,12578625.29,1.935,0.25
ZAF,110,2015,2942406598.49,0.129,0.343
ZAF,474,2015,9345288.01,1.42,-0.675
ZAF,77,2015,151832931.64,5.098,0.671
ZAF,300,2015,4307431.51,0.844,0.359
ZAF,28,2015,1966250828.91,1.875,1.255
ZAF,82,2015,71612397.84,1.356,-0.717
ZAF,120,2015,21936278.3,2.076,-1.644
ZAF,13,2015,48040155.08,1.092,2.195
ZAF,104,2015,3401776461.48,0.983,-0.637
ZAF,159,2015,789944982.28,1.505,1.493
ZAF,410,2015,451440939.98,0.714,0.469
ZAF,227,2015,4238289.83,2.566,-0.383
ZAF,340,2015,11541140.06,0.439,0.367
ZAF,241,2015,1212533372.21,1.235,0.527
ZAF,162,2015,10350432.14,0.094,-1.682
ZAF,238,2015,54662823.14,1.961,-2.089
ZAF,425,2015,231074286.45,3.932,-0.224
ZAF,318,2015,266912416.04,1.002,1.473
ZAF,111,2015,114929818.1,5.04,-0.728
ZAF,437,2015,12858194.19,6.74,0.292
ZAF,428,2015,153795284.86,0.511,0.269
ZAF,218,2015,287710553.61,5.265,0.104
ZAF,23,2015,1995975.54,4.235,-0.65
ZAF,134,2015,7868104.94,0.812,0.23
ZAF,361,2015,10497556.17,0.553,0.262
ZAF,33,2015,75261048.86,0.308,-0.413
ZAF,339,2015,43935725.75,1.203,0.049
ZAF,105,2015,3749255.14,0.381,-0.49
ZAF,337,2015,167944981.36,0.188,0.74
ZAF,58,2015,13812608.85,0.565,-0.145
ZAF,101,2015,2514500.68,0.454,0.98
ZAF,174,2015,96263824.62,3.808,1.067
ZAF,31,2015,154451672.08,0.557,0.68
ZAF,260,2015,35208279.79,1.263,0.722
ZAF,287,2015,10013962226.69,0.326,0.614
ZAF,267,2015,25715122.88,0.207,0.666
ZAF,405,2015,2176788.6,0.365,1.414
ZAF,175,2015,179983178.99,1.678,0.814
ZAF,305,2015,48631116.22,0.331,-0.363
ZAF,261,2015,11727217.83,0.163,0.519
ZAF,454,2015,265486950.24,0.627,0.315
ZAF,417,2023,30579198.39,0.201,-0.294
ZAF,476,2023,47851455.44,2.332,0.685
ZAF,456,2023,4447342.81,1.089,1.009
ZAF,62,2023,10317998.55,3.512,1.103
ZAF,256,2023,20213364.3,0.568,0.37
ZAF,88,2023,36076951.73,1.686,0.501
ZAF,207,2023,7434039.43,4.305,-0.903
ZAF,328,2023,35117339.72,0.531,0.379
ZAF,135,2023,324356007.71,0.351,0.322
ZAF,466,2023,84602626.32,0.657,-0.121
ZAF,90,2023,122169717.29,1.797,0.556
ZAF,145,2023,74008010.8,1.71,-0.816
ZAF,168,2023,1816707.37,0.789,-0.107
ZAF,374,2023,3267650.52,1.376,-0.254
ZAF,233,2023,6601924.15,0.325,0.795
ZAF,316,2023,12250667.09,0.61,0.366
ZAF,384,2023,343388397.07,4.142,-0.904
ZAF,453,2023,199975641.05,0.65,0.319
ZAF,178,2023,57259081.68,0.433,0.402
ZAF,24,2023,24864698.62,0.369,-0.1
ZAF,445,2023,3517489.65,0.312,0.531
ZAF,490,2023,108956577.38,1.899,0.904
ZAF,108,2023,20050633.43,1.116,1.076
ZAF,318,2023,37973488.71,5.139,-0.57
ZAF,53,2023,1631038.92,1.706,-1.689
ZAF,258,2023,30201170.97,0.157,0.115
ZAF,193,2023,25604631.46,1.808,-0.641
ZAF,399,2023,444598341.06,0.43,-0.318
ZAF,439,2023,140816137.45,0.351,0.676
ZAF,307,2023,360971853.55,4.838,-0.144
ZAF,366,2023,215424332.72,1.356,-0.03
ZAF,305,2023,16728828.59,0.61,0.553
ZAF,438,2023,21481546.29,1.047,0.121
ZAF,29,2023,38635502.84,0.101,-0.12
ZAF,174,2023,317225326.09,0.875,0.48
ZAF,260,2023,16385624.79,0.805,1.396
ZAF,322,2023,5097965.02,0.87,0.692
ZAF,113,2023,244229996.29,0.565,1.228
ZAF,425,2023,277373445.35,0.302,-1.188
ZAF,42,2023,700217807.4,10.065,-1.081
ZAF,411,2023,28836181.53,2.445,0.689
ZAF,58,2023,127044319.86,0.269,-0.806
ZAF,169,2023,77032307.67,21.664,1.137
ZAF,264,2023,7557672.99,4.091,-1.601
ZAF,45,2023,2821076.68,1.402,-0.072
ZAF,419,2023,11020430.85,0.871,-1.641
ZAF,431,2023,29230595.72,1.336,-0.628
ZAF,386,2023,34770542.33,0.401,-1.546
ZAF,3,2023,264273612.17,6.171,-1.092
ZAF,117,2023,15040809.45,0.858,0.688
ZAF,244,2023,133922744.19,0.667,-0.023
ZAF,31,2023,4996015.35,1.03,-0.373
ZAF,21,2023,6724974.66,0.652,0.011
ZAF,281,2023,50551274.33,0.142,0.792
ZAF,143,2023,11871135.19,4.007,0.334
ZAF,194,2023,329487326.54,6.403,-0.081
ZAF,144,2023,35808144.63,1.381,0.95
ZAF,40,2023,52150756.99,0.175,-0.256
ZAF,43,2023,477474297.24,2.431,-1.855
ZAF,157,2023,85537059.31,0.525,-2.495
RUS,96,1995,3008251.31,2.069,-2.037
RUS,7,1995,10779597.87,1.179,-0.268
RUS,23,1995,21316123.87,0.984,0.398
RUS,213,1995,7150844.18,2.056,0.724
RUS,123,1995,13304408.85,0.1,0.016
RUS,250,1995,58695261.7,0.763,-0.48
RUS,426,1995,2848937.84,2.566,1.05
RUS,403,1995,125922237.51,4.88,0.343
RUS,446,1995,189326514.74,0.616,-0.525
RUS,152,1995,345371317.26,3.331,-0.725
RUS,458,1995,108290155.77,0.28,0.287
RUS,453,1995,12278475.79,1.939,-0.094
RUS,335,1995,3138944.46,1.608,-0.279
RUS,396,1995,20219231.15,1.099,-1.88
RUS,261,1995,194084659.28,5.4,-1.313
RUS,439,1995,6815962.32,3.726,2.057
RUS,101,1995,45044816.44,0.119,-0.699
RUS,133,1995,26467276.08,2.088,0.646
RUS,423,1995,716287769.39,1.744,0.493
RUS,95,1995,383930349.85,1.49,0.155
RUS,200,1995,875622152.51,0.518,1.754
RUS,72,1995,16223049.73,2.247,-0.954
RUS,70,1995,177537212.65,0.621,-0.539
RUS,177,1995,17628733.35,0.555,0.257
RUS,353,1995,13063443.49,1.175,-0.111
RUS,280,1995,15375862.45,1.319,0.427
RUS,349,1995,4457085.21,2.488,-0.24
RUS,206,1995,16540408.03,2.154,-0.545
RUS,303,1995,2945145.05,3.567,-1.908
RUS,478,1995,57556460.68,0.174,0.897
RUS,290,1995,777818.28,1.229,1.607
RUS,399,1995,29481676.39,1.622,-0.668
RUS,203,1995,48377120.56,0.632,0.454
RUS,282,1995,18870518.58,1.851,2.79
RUS,40,1995,8272016.63,3.78,0.569
RUS,342,1995,18234809.61,0.798,1.067
RUS,236,1995,1064476459.54,1.822,1.469
RUS,76,1995,63325413.01,12.572,0.937
RUS,4,1995,10836217.51,2.736,0.779
RUS,226,1995,6670572.21,7.799,1.066
RUS,9,1995,165336378.11,3.232,0.015
RUS,435,1995,4194695.72,6.607,-1.557
RUS,219,1995,7341982.92,0.941,-1.102
RUS,292,1995,18818755.99,1.099,-1.039
RUS,35,1995,258871922.84,4.24,-0.726
RUS,221,1995,64028631.1,0.595,1.365
RUS,192,1995,29231357.8,1.009,1.024
RUS,269,1995,12761066.51,0.093,-1.348
RUS,237,1995,31328399.17,2.216,-0.966
RUS,294,1995,649715004.39,0.441,-0.597
RUS,414,1995,50933513.39,2.821,0.51
RUS,427,1995,42257302.48,2.135,-0.859
RUS,468,1995,17169174.67,2.337,0.55
RUS,384,1995,93844629.54,0.175,-0.504
RUS,433,1995,2715423.7,0.14,0.663
RUS,80,1995,3562977.95,8.136,0.95
RUS,421,1995,31994483.88,5.444,-2.246
RUS,205,1995,19387738.09,1.916,-0.516
RUS,16,1995,6003498.03,3.21,-0.689
RUS,64,1995,25972581.35,3.183,-0.582
RUS,183,2005,17210312.95,1.498,0.847
RUS,119,2005,79146595.93,0.54,-2.471
RUS,174,2005,42086439.91,1.369,0.651
RUS,232,2005,859557506.12,10.899,1.377
RUS,460,2005,1031634056.03,4.456,1.623
RUS,437,2005,18068592.55,0.719,1.118
RUS,368,2005,14679051.72,1.182,1.738
RUS,102,2005,13455729.31,0.436,0.403
RUS,391,2005,300862449.94,0.222,-0.146
RUS,162,2005,34276348.34,1.232,0.125
RUS,444,2005,2846424821.74,0.36,-1.419
RUS,378,2005,11164858.34,0.148,0.137
RUS,235,2005,6119853.36,2.439,0.156
RUS,288,2005,133372106.64,8.436,-1.049
RUS,117,2005,198910783.46,0.794,-0.452
RUS,356,2005,33845504.14,0.521,0.243
RUS,409,2005,3823491.48,0.888,-0.884
RUS,337,2005,239915481.23,0.834,-1.67
RUS,28,2005,22501420.69,0.981,0.232
RUS,114,2005,13550761.45,1.295,-1.308
RUS,282,2005,16133518.82,4.423,0.833
RUS,459,2005,23042943.51,2.074,-1.29
RUS,243,2005,11642824.76,3.912,0.85
RUS,49,2005,2618525.32,1.537,-0.9
RUS,383,2005,169101570.54,0.385,0.032
RUS,146,2005,801456377.72,0.233,-0.841
RUS,237,2005,1225221803.2,0.883,1.585
RUS,334,2005,2111212.06,0.924,1.279
RUS,121,2005,260836953.78,0.792,1.121
RUS,317,2005,846204832.11,1.153,-1.422
RUS,480,2005,39631545.99,0.714,0.181
RUS,395,2005,4182151.38,0.342,-0.346
RUS,88,2005,44097612.82,2.2,-0.24
RUS,358,2005,1390566872.78,0.374,0.178
RUS,122,2005,115065453.2,0.143,0.495
RUS,151,2005,7320982.75,1.415,-0.039
RUS,80,2005,512381789.68,0.919,1.421
RUS,169,2005,251790177.11,2.116,-0.925
RUS,24,2005,590174352.71,0.932,-0.011
RUS,74,2005,443521750.08,0.3,0.142
RUS,323,2005,190644845.37,0.176,0.329
RUS,241,2005,68108951.28,1.577,0.913
RUS,447,2005,123829516.85,1.22,-0.498
RUS,476,2005,27587587.12,1.457,0.349
RUS,231,2005,53714102.08,0.322,-1.618
RUS,42,2005,112392782.97,0.158,-0.855
RUS,64,2005,45633725.72,1.761,0.091
RUS,474,2005,106668029.42,1.651,2.478
RUS,305,2005,699555368.8,0.227,-0.336
RUS,178,2005,82653921.18,3.105,0.537
RUS,456,2005,138831987.3,0.11,-0.01
RUS,239,2005,70664408.2,0.608,-0.95
RUS,244,2005,84615518.99,3.443,-0.353
RUS,373,2005,52130364.41,0.613,-0.14
RUS,209,2005,54640247.64,1.052,-0.299
RUS,482,2005,261830000.64,0.795,0.724
RUS,107,2005,18171923.35,0.566,-0.584
RUS,385,2005,9066523.43,0.159,0.71
RUS,307,2005,111317272.21,0.98,1.473
RUS,68,2005,20583761.19,2.476,-1.419
RUS,184,2015,284880421.68,0.978,-0.462
RUS,452,2015,829585090.49,0.985,-0.588
RUS,202,2015,282540587.33,2.538,0.911
RUS,370,2015,15508681.72,0.894,-0.644
RUS,470,2015,1099024.7,1.072,-1.127
RUS,359,2015,16735317.86,2.271,0.309
RUS,267,2015,96899639.67,1.492,-1.133
RUS,70,2015,23722309.31,0.409,-1.58
RUS,468,2015,33674531.83,0.352,0.705
RUS,316,2015,458875639.3,1.574,-1.135
RUS,401,2015,12821944.57,2.239,-1.448
RUS,275,2015,502115160.04,1.992,1.066
RUS,272,2015,41426205.49,0.231,-0.255
RUS,11,2015,6906406.03,0.883,0.303
RUS,408,2015,78921294.66,2.315,0.639
RUS,405,2015,363968227.52,3.479,0.189
RUS,288,2015,724518916.83,1.362,-0.679
RUS,300,2015,2994447.03,3.47,-1.179
RUS,214,2015,138098963.48,1.301,0.699
RUS,218,2015,84919140.28,0.522,1.915
RUS,213,2015,26153300.39,0.411,-0.428
RUS,343,2015,23721090.92,0.482,1.172
RUS,172,2015,15910509.64,0.296,-0.221
RUS,158,2015,35129729.49,1.728,-0.074
RUS,367,2015,81762438.46,1.117,0.082
RUS,153,2015,47539680.28,1.862,0.408
RUS,360,2015,270715987.7,0.207,1.661
RUS,225,2015,55633585.57,0.062,0.635
RUS,165,2015,88733266.6,0.542,-2.053
RUS,200,2015,21233832.26,1.384,0.37
RUS,98,2015,67666702.34,12.022,0.617
RUS,3,2015,11114882.82,2.078,0.656
RUS,385,2015,2083017.03,1.582,-0.515
RUS,329,2015,125569926.85,0.373,-0.481
RUS,448,2015,2107900882.32,0.486,1.108
RUS,350,2015,227576041.14,1.412,-0.149
RUS,469,2015,4051038.21,2.305,0.328
RUS,94,2015,502906176.24,3.621,-0.213
RUS,428,2015,19671917.33,0.47,0.052
RUS,380,2015,25881402.1,2.635,-0.145
RUS,111,2015,102966016.6,0.303,-1.551
RUS,263,2015,60477545.45,1.085,-1.122
RUS,309,2015,368627803.03,0.577,1.904
RUS,117,2015,334423307.7,0.821,0.381
RUS,122,2015,46135372.84,0.74,0.825
RUS,487,2015,130395067.48,0.566,-0.365
RUS,203,2015,54015144.45,0.967,0.28
RUS,480,2015,8601147.93,0.728,0.768
RUS,483,2015,138145997.56,2.256,0.847
RUS,348,2015,175325707.42,0.26,0.841
RUS,273,2015,221698790.93,1.039,1.147
RUS,113,2015,43898360.15,0.399,1.013
RUS,238,2015,155327355.48,0.951,-0.433
RUS,396,2015,5439850.45,0.485,-0.447
RUS,365,2015,766875503.38,2.075,-0.175
RUS,215,2015,10545327.34,5.997,0.47
RUS,484,2015,72403081.71,0.81,1.45
RUS,261,2015,2698751.35,2.778,0.422
RUS,171,2015,163173077.28,0.85,-0.854
RUS,354,2015,80988854.79,4.277,-0.736
RUS,404,2023,1832585633.38,0.966,-0.46
RUS,166,2023,48652688.85,1.206,-0.818
RUS,313,2023,54454061.97,0.333,0.439
RUS,6,2023,43657037.2,0.523,-1.648
RUS,257,2023,263734366.65,1.433,-1.333
RUS,225,2023,1091348310.46,0.424,-0.121
RUS,4,2023,57321988.81,0.084,0.131
RUS,268,2023,17938814.2,3.816,0.319
RUS,108,2023,4945898.27,0.816,2.491
RUS,91,2023,90402369.88,1.343,-0.004
RUS,334,2023,18814123.48,2.744,0.83
RUS,40,2023,111487093.12,0.797,1.045
RUS,269,2023,7424542.27,0.893,-0.09
RUS,474,2023,22265791.45,1.949,1.807
RUS,245,2023,4543439.7,1.286,-0.339
RUS,27,2023,4869140.39,0.19,-0.882
RUS,370,2023,35552107.09,2.424,0.679
RUS,86,2023,33581907.96,0.917,2.859
RUS,171,2023,11305456.03,1.841,0.412
RUS,407,2023,139135259.01,2.21,-0.768
RUS,297,2023,100171291.67,0.414,0.26
RUS,221,2023,104840228.08,4.186,-1.036
RUS,95,2023,482170131.5,0.63,0.479
RUS,203,2023,16996447.74,0.571,0.195
RUS,489,2023,4323765.87,1.569,-1.646
RUS,309,2023,1170860.7,0.242,0.442
RUS,446,2023,3922420118.73,0.692,-0.471
RUS,64,2023,185365015.51,0.2,-0.713
RUS,17,2023,12622216.66,0.173,-0.826
RUS,159,2023,30238791.84,0.925,0.68
RUS,98,2023,51188597.32,0.607,0.072
RUS,205,2023,37113592.28,0.976,1.005
RUS,322,2023,25116032.36,0.474,-0.137
RUS,488,2023,14507223.98,0.337,0.119
RUS,34,2023,27789353.6,0.545,-1.01
RUS,186,2023,1556462.38,1.085,0.648
RUS,307,2023,78812864.75,1.359,1.472
RUS,137,2023,38426916.89,0.457,0.363
RUS,360,2023,4698922.54,1.388,0.181
RUS,298,2023,107928955.57,0.35,0.261
RUS,84,2023,32332764.74,2.569,-0.099
RUS,445,2023,10482386.8,0.615,-0.815
RUS,482,2023,4610124.06,0.568,1.748
RUS,255,2023,2443860961.6,0.569,-0.23
RUS,199,2023,146531359.74,0.876,-0.28
RUS,439,2023,329842830.75,1.327,0.94
RUS,427,2023,10153128.74,1.305,0.195
RUS,292,2023,14432119.03,1.517,-1.065
RUS,328,2023,29906130.11,0.935,-0.804
RUS,358,2023,29045768.84,1.262,1.19
RUS,260,2023,3299112.08,0.453,0.82
RUS,213,2023,63210164.29,1.116,0.726
RUS,390,2023,6038187.27,0.511,-0.001
RUS,47,2023,127570081.46,2.947,0.863
RUS,36,2023,5316826.05,8.401,0.795
RUS,409,2023,5730972.49,4.402,1.012
RUS,490,2023,287256465.01,0.593,0.703
RUS,132,2023,58851736.82,0.802,0.695
RUS,140,2023,145345650.37,0.23,-1.16
RUS,11,2023,28222759.96,0.508,-0.004
MEX,415,1995,136100216.06,1.883,1.009
MEX,392,1995,304820452.17,0.698,0.264
MEX,23,1995,26008237.23,0.54,1.94
MEX,192,1995,131735132.64,3.603,-0.468
MEX,123,1995,1250255414.55,0.658,-0.33
MEX,353,1995,75711298.16,1.486,-1.557
MEX,365,1995,25175830.06,1.342,-1.349
MEX,121,1995,985108575.36,0.627,-0.27
MEX,245,1995,17382932.61,2.199,-1.041
MEX,437,1995,1346295456.08,0.714,0.431
MEX,53,1995,115760665.8,0.412,0.49
MEX,40,1995,787589446.34,0.945,0.115
MEX,190,1995,11416610.92,0.874,-1.575
MEX,434,1995,951834.65,3.387,0.419
MEX,163,1995,3372855.37,0.242,0.87
MEX,405,1995,17446170.46,0.255,-1.108
MEX,125,1995,3186249.47,1.459,1.363
MEX,336,1995,21141779.67,0.836,-1.715
MEX,239,1995,185630010.43,0.419,1.617
MEX,176,1995,25362364.11,1.66,1.612
MEX,469,1995,96843109.54,0.392,-1.697
MEX,39,1995,10244479.86,3.395,1.392
MEX,129,1995,9785689.16,0.743,0.282
MEX,3,1995,367826065.42,0.108,0.451
MEX,183,1995,106712970.07,1.67,0.316
MEX,476,1995,6926960.25,0.91,-0.377
MEX,174,1995,43986949.86,3.255,0.373
MEX,138,1995,729039014.89,1.906,0.997
MEX,74,1995,315530.11,5.238,0.588
MEX,403,1995,1688020.25,0.79,-0.622
MEX,115,1995,9152183.78,0.421,0.215
MEX,140,1995,16284908.59,3.108,-1.097
MEX,238,1995,11042376.9,1.628,1.14
MEX,366,1995,82376105.39,2.845,1.586
MEX,97,1995,352256662.39,2.596,-0.214
MEX,327,1995,7551579.61,0.959,0.73
MEX,414,1995,58509353.87,0.307,-0.464
MEX,219,1995,207916944.08,4.753,-0.433
MEX,354,1995,28890202.1,0.689,0.626
MEX,310,1995,22926908.52,1.88,-1.165
MEX,214,1995,29391185.92,0.148,-0.048
MEX,243,1995,7940046.02,7.725,1.377
MEX,30,1995,10211099.06,2.232,-0.23
MEX,399,1995,50661689.36,0.443,0.458
MEX,242,1995,1031156320.15,3.791,-0.101
MEX,180,1995,45267596.6,2.909,-0.291
MEX,466,1995,3892955.79,2.473,0.054
MEX,45,1995,72790853.37,3.386,-0.365
MEX,482,1995,303340305.32,0.563,0.716
MEX,182,1995,32637238.55,1.03,-1.321
MEX,47,1995,42815101.38,0.32,-0.235
MEX,348,1995,631729537.24,0.525,1.07
MEX,441,1995,50155919.36,0.359,1.893
MEX,462,1995,838730266.77,0.835,-0.029
MEX,478,1995,3765358.27,1.848,-0.049
MEX,64,1995,653362100.58,0.251,2.144
MEX,440,1995,33096643.39,1.46,0.91
MEX,290,1995,60185120.2,0.631,-1.981
MEX,453,1995,50600045.58,0.647,-0.037
MEX,397,1995,126892029.14,1.252,-1.779
MEX,45,2005,7648888.02,2.089,0.328
MEX,242,2005,548672349.57,0.346,-0.857
MEX,282,2005,367649429.03,2.151,-1.035
MEX,278,2005,21889645.72,0.41,0.557
MEX,97,2005,18358163.59,0.488,-0.062
MEX,441,2005,15764622.12,0.569,1.023
MEX,122,2005,51103489.66,2.781,0.071
MEX,354,2005,35577403.68,3.235,-0.959
MEX,438,2005,54684151.67,1.715,1.507
MEX,96,2005,555593298.69,2.841,0.591
MEX,474,2005,15100282.76,0.422,0.856
MEX,213,2005,82653157.23,1.452,1.232
MEX,267,2005,178014332.49,0.195,-0.902
MEX,154,2005,1217052.8,1.399,-0.108
MEX,382,2005,1173055721.83,0.54,0.552
MEX,202,2005,97861033.63,0.227,0.157
MEX,252,2005,131989573.41,0.971,0.92
MEX,195,2005,68108540.01,0.723,-0.334
MEX,163,2005,53968929.75,0.524,-1.588
MEX,49,2005,59030020.25,0.341,1.153
MEX,312,2005,193395569.11,0.874,1.25
MEX,47,2005,25827542.46,0.195,-1.126
MEX,293,2005,10564357.53,1.298,-1.866
MEX,22,2005,20061270.11,0.595,0.596
MEX,408,2005,427267023.61,0.94,0.971
MEX,66,2005,174603097.79,0.283,-0.192
MEX,56,2005,22017166.58,0.972,-0.481
MEX,423,2005,2416582.02,1.008,-0.155
MEX,407,2005,11753964.61,1.002,0.244
MEX,376,2005,20325736.84,0.762,0.693
MEX,178,2005,3387317.74,2.237,-1.103
MEX,260,2005,31847094.92,0.352,0.951
MEX,28,2005,145343672.04,1.071,0.817
MEX,31,2005,3749433.78,0.626,-0.672
MEX,258,2005,531816840.77,2.533,0.234
MEX,291,2005,31488276.08,0.266,0.187
MEX,427,2005,41285944.57,1.412,0.428
MEX,135,2005,6623479.85,1.439,0.68
MEX,399,2005,15434387.05,2.092,1.454
MEX,243,2005,55071820.14,1.858,-0.244
MEX,211,2005,37980580.1,1.56,1.66
MEX,74,2005,16322458.2,0.25,0.378
MEX,395,2005,1800406863.55,1.678,-0.327
MEX,120,2005,34069656.27,0.189,-1.735
MEX,261,2005,13905616.46,2.941,0.493
MEX,347,2005,40548976.83,1.283,-1.106
MEX,199,2005,7325156.98,4.303,-0.23
MEX,336,2005,41438900.74,0.251,0.952
MEX,329,2005,22674478.85,0.421,-0.19
MEX,333,2005,620433806.52,0.508,0.14
MEX,110,2005,16174854.67,2.251,1.13
MEX,11,2005,16951282.67,1.35,1.902
MEX,465,2005,1548600587.9,1.936,1.348
MEX,83,2005,73642617.28,0.31,1.248
MEX,486,2005,72155831.52,0.233,0.529
MEX,215,2005,23274473.87,0.823,-0.427
MEX,212,2005,49796409.31,0.922,-0.535
MEX,366,2005,1115456015.35,7.942,-2.156
MEX,472,2005,11453097.43,0.169,0.432
MEX,386,2005,11357193.13,0.441,-0.814
MEX,225,2015,25404281.09,2.283,-1.672
MEX,15,2015,283033233.03,1.807,-0.763
MEX,169,2015,20763231.37,3.445,1.385
MEX,404,2015,121617700.86,1.177,1.446
MEX,437,2015,220751256.38,0.822,-0.422
MEX,297,2015,662196571.75,0.23,-1.785
MEX,423,2015,197916984.19,1.104,0.395
MEX,385,2015,52907404.51,0.312,1.239
MEX,239,2015,123181396.11,0.089,1.102
MEX,405,2015,274181064.25,1.225,0.986
MEX,94,2015,92527325.97,0.322,0.768
MEX,397,2015,192808810.27,2.201,0.95
MEX,37,2015,18452345.96,2.761,1.033
MEX,421,2015,878610959.94,3.11,0.933
MEX,219,2015,27515317.07,0.54,0.634
MEX,321,2015,14905614.22,1.905,-0.208
MEX,83,2015,461529177.38,2.509,-0.312
MEX,77,2015,356832790.85,1.528,0.955
MEX,383,2015,12964462.56,0.43,1.695
MEX,134,2015,72193914.77,0.279,1.34
MEX,416,2015,67646962.68,3.186,1.428
MEX,433,2015,83133990.64,0.571,-0.187
MEX,21,2015,149822330.49,0.184,0.461
MEX,113,2015,2107892622.65,0.419,1.579
MEX,74,2015,12658192.59,1.276,-1.657
MEX,65,2015,4011694.17,1.815,0.566
MEX,35,2015,46530977.8,0.909,-0.734
MEX,414,2015,15108195.87,1.186,0.612
MEX,486,2015,35967192.1,0.152,1.218
MEX,91,2015,6330658.21,1.192,0.363
MEX,413,2015,41301054.02,1.86,0.15
MEX,356,2015,160270110.55,1.637,-0.043
MEX,139,2015,477729897.73,0.668,-0.371
MEX,469,2015,14874020.91,0.117,0.077
MEX,463,2015,124741120.38,0.885,0.953
MEX,262,2015,96793592.64,0.542,-0.496
MEX,335,2015,588646547.67,0.165,-0.509
MEX,236,2015,10236964.4,0.621,0.496
MEX,474,2015,6952593.97,0.505,0.297
MEX,175,2015,4467432.11,0.512,-0.139
MEX,468,2015,16716016.52,0.696,0.509
MEX,123,2015,14518309.45,6.966,1.569
MEX,252,2015,257026924.49,1.114,-0.213
MEX,180,2015,35141144.28,0.468,0.622
MEX,257,2015,779244900.39,1.305,-1.889
MEX,355,2015,36583321.9,1.972,0.371
MEX,452,2015,6659359.19,0.389,-0.281
MEX,438,2015,68257747.33,0.495,-0.584
MEX,454,2015,1411981937.98,1.631,0.236
MEX,291,2015,679565389.72,3.809,-0.858
MEX,126,2015,35835961.72,1.997,0.995
MEX,220,2015,34105511.42,1.084,0.069
MEX,422,2015,2677631997.52,1.627,-0.875
MEX,415,2015,8569065.69,2.329,-0.128
MEX,207,2015,376095518.48,4.553,-0.399
MEX,10,2015,12470371.76,1.056,-0.368
MEX,56,2015,28398191.39,1.221,0.799
MEX,264,2015,1860441.15,0.322,0.703
MEX,284,2015,1935350.6,1.21,0.046
MEX,166,2015,2092834.23,0.192,-0.393
MEX,447,2023,41277649.74,1.937,0.218
MEX,160,2023,3255344194.83,1.285,-0.535
MEX,49,2023,24818606.67,1.06,1.433
MEX,425,2023,9391614.95,0.913,-2.105
MEX,290,2023,42298935.77,0.251,1.097
MEX,423,2023,49058584.06,0.324,0.245
MEX,117,2023,58149654.71,1.218,0.71
MEX,306,2023,79844625.16,0.934,0.425
MEX,10,2023,61212906.73,1.141,-0.764
MEX,396,2023,141703214.25,2.045,-0.239
MEX,183,2023,32488617.65,1.864,0.306
MEX,445,2023,93032826.14,6.226,-1.117
MEX,85,2023,357079377.62,0.993,0.602
MEX,166,2023,4805055.04,0.555,-0.649
MEX,143,2023,167122508.8,0.555,-1.271
MEX,42,2023,737488406.03,1.648,-1.12
MEX,463,2023,233822537.78,0.589,-0.411
MEX,483,2023,54910848.55,0.302,0.466
MEX,245,2023,9409290.16,0.756,-0.625
MEX,113,2023,86937411.28,0.487,-0.24
MEX,248,2023,1150852892.98,0.3,-0.931
MEX,25,2023,110576859.89,4.354,3.438
MEX,15,2023,360961075.65,0.21,-0.45
MEX,97,2023,833494841.03,0.801,1.31
MEX,48,2023,430571835.35,0.527,1.07
MEX,18,2023,2780266.94,0.958,0.558
MEX,101,2023,86147230.4,2.174,-0.394
MEX,190,2023,5391951.2,3.645,-0.124
MEX,151,2023,125903904.21,0.737,-0.886
MEX,291,2023,43613176.42,3.006,0.212
MEX,261,2023,130922687.94,0.413,-0.196
MEX,156,2023,5248495.09,0.328,-0.392
MEX,324,2023,259196212.12,5.365,-0.153
MEX,22,2023,124357784.33,7.24,1.205
MEX,410,2023,431136426.86,0.089,2.112
MEX,182,2023,543088823.6,1.474,0.506
MEX,437,2023,111569481.17,1.18,-1.089
MEX,299,2023,2134095.72,2.251,1.076
MEX,6,2023,71239208.62,0.762,-0.35
MEX,205,2023,3301514.58,4.45,-0.258
MEX,181,2023,54358598.89,0.751,-0.971
MEX,172,2023,81834029.12,0.698,0.079
MEX,416,2023,15746566.46,0.038,-0.148
MEX,89,2023,111399652.43,1.262,-0.308
MEX,409,2023,27844203.86,1.985,-0.678
MEX,446,2023,19898618.09,0.589,-2.172
MEX,349,2023,100307246.4,1.417,1.125
MEX,282,2023,13387377.71,0.528,0.512
MEX,94,2023,3141306.45,2.257,-0.981
MEX,346,2023,12016580.06,8.036,-1.203
MEX,174,2023,592928880.4,0.938,0.36
MEX,194,2023,1083720.93,2.109,1.051
MEX,339,2023,592667549.75,0.21,0.211
MEX,128,2023,681176570.37,3.349,-0.058
MEX,193,2023,75912147.61,4.688,-0.476
MEX,119,2023,8105262.31,0.911,1.138
MEX,102,2023,14711762.28,2.158,0.261
MEX,361,2023,8098710.6,0.252,0.581
MEX,441,2023,1957689.55,0.624,1.457
MEX,422,2023,2437237548.79,2.936,1.385
CAN,425,1995,7272318.29,1.335,-0.645
CAN,152,1995,6077921342.46,0.806,0.075
CAN,15,1995,82455692.92,0.615,-1.54
CAN,79,1995,49365534.13,0.423,0.201
CAN,341,1995,121574155.39,0.723,-0.38
CAN,40,1995,1262064.21,0.35,-0.696
CAN,205,1995,32912449.54,0.23,0.291
CAN,169,1995,70802795.73,0.852,-0.608
CAN,29,1995,130644963.48,0.724,0.269
CAN,389,1995,6177362.31,2.818,0.206
CAN,28,1995,19040469.79,0.364,-1.808
CAN,7,1995,344462634.09,1.75,1.471
CAN,356,1995,349259318.65,0.315,2.051
CAN,261,1995,880514273.54,3.02,1.558
CAN,434,1995,148292249.75,0.326,0.693
CAN,137,1995,621562614.02,0.624,0.682
CAN,70,1995,6049288.22,2.108,1.182
CAN,242,1995,49502046.98,0.191,1.635
CAN,349,1995,331019935.46,0.49,-2.464
CAN,114,1995,715855337.93,1.365,-0.265
CAN,144,1995,1030289085.61,1.975,-0.581
CAN,274,1995,2942762.7,1.082,0.179
CAN,486,1995,852923776.31,0.938,-0.596
CAN,217,1995,143272240.42,0.706,0.679
CAN,484,1995,13794870.19,0.138,0.106
CAN,304,1995,39714099.16,0.141,0.458
CAN,132,1995,1664541664.6,6.486,-0.13
CAN,174,1995,53656437.41,0.408,0.057
CAN,128,1995,80042736.94,0.406,-2.012
CAN,390,1995,11747260.56,1.059,0.297
CAN,47,1995,28320844.8,2.357,-1.71
CAN,209,1995,28032602.2,1.302,0.419
CAN,317,1995,11995944.95,0.426,1.198
CAN,223,1995,28898870.62,1.14,-1.068
CAN,428,1995,178774192.68,0.793,-1.535
CAN,293,1995,28731792.13,0.694,-0.219
CAN,367,1995,263316517.6,0.758,-0.445
CAN,372,1995,211207228.99,0.057,-0.268
CAN,30,1995,2072072635.91,3.485,-1.05
CAN,98,1995,34051453.2,0.516,-0.122
CAN,352,1995,26639303.71,0.477,0.028
CAN,56,1995,1419328.47,2.074,-1.475
CAN,450,1995,16083004.69,0.237,0.168
CAN,110,1995,14134184.35,0.399,0.589
CAN,61,1995,748280787.34,4.794,0.414
CAN,215,1995,24401207.48,1.632,2.214
CAN,66,1995,25585537.99,1.186,0.698
CAN,113,1995,36212902.0,1.38,-0.396
CAN,71,1995,31461692.6,4.774,-0.678
CAN,411,1995,554247430.12,2.267,-0.602
CAN,194,1995,68126872.61,1.362,1.255
CAN,361,1995,160609582.2,0.608,0.574
CAN,227,1995,13397912.66,0.302,-0.276
CAN,22,1995,262665399.5,1.131,-0.958
CAN,195,1995,11202956.82,1.216,0.565
CAN,452,1995,60452850.7,2.056,-0.168
CAN,36,1995,72588322.67,0.2,0.694
CAN,376,1995,525155588.6,0.076,-0.324
CAN,89,1995,511688842.93,0.815,-0.513
CAN,80,1995,46643461.33,0.482,-0.468
CAN,310,2005,229541211.33,0.743,-0.154
CAN,249,2005,689519392.62,4.677,-0.559
CAN,334,2005,118902086.44,1.322,0.534
CAN,456,2005,163266313.32,4.389,0.756
CAN,410,2005,169038702.23,0.397,0.15
CAN,464,2005,13386775.08,0.925,1.386
CAN,82,2005,86915024.87,11.341,-1.368
CAN,419,2005,13961199.17,0.68,1.035
CAN,68,2005,1882802557.71,1.298,1.069
CAN,114,2005,76956900.95,0.173,0.027
CAN,402,2005,2788789.92,2.088,-0.126
CAN,471,2005,56762651.25,0.522,-0.462
CAN,347,2005,8777532.16,0.248,-0.66
CAN,465,2005,90074513.22,2.663,-1.153
CAN,273,2005,19236377.74,0.49,1.002
CAN,219,2005,23473469.19,0.158,0.038
CAN,255,2005,18020239.97,1.05,1.045
CAN,73,2005,920374445.75,0.757,-0.525
CAN,476,2005,160955517.89,0.776,-0.092
CAN,165,2005,1243912.04,0.945,-0.429
CAN,244,2005,2350863.51,0.504,-0.641
CAN,466,2005,505287180.91,4.298,-1.57
CAN,188,2005,15141525.65,3.132,0.361
CAN,174,2005,99489339.01,1.71,-1.071
CAN,267,2005,88611428.71,7.988,-0.329
CAN,140,2005,3066379.19,0.258,0.025
CAN,160,2005,1786464261.24,1.627,-0.778
CAN,239,2005,4548888.94,0.918,0.437
CAN,398,2005,42610514.15,0.056,1.196
CAN,43,2005,124936123.64,1.523,0.468
CAN,432,2005,165222434.37,2.351,-0.738
CAN,346,2005,10821048.67,1.849,-0.509
CAN,366,2005,71859915.23,7.764,0.896
CAN,226,2005,651703806.44,1.163,1.493
CAN,287,2005,76012365.04,2.557,-1.864
CAN,291,2005,50703952.5,1.346,0.043
CAN,313,2005,3793035.75,2.063,0.033
CAN,420,2005,2912508385.53,1.494,-1.548
CAN,408,2005,786903.47,0.671,0.583
CAN,187,2005,18473553.64,1.08,2.377
CAN,331,2005,853250788.54,1.971,-0.067
CAN,133,2005,275328681.18,2.386,0.496
CAN,145,2005,89892810.76,0.618,-1.253
CAN,86,2005,41989376.65,0.539,-0.913
CAN,79,2005,89137797.23,5.562,0.196
CAN,215,2005,18042654.42,0.233,-0.125
CAN,207,2005,27940946.5,1.499,1.085
CAN,127,2005,31874307.74,0.738,1.979
CAN,58,2005,44989274.84,0.509,0.115
CAN,90,2005,1132780.25,1.451,0.156
CAN,21,2005,126516089.23,1.299,-0.599
CAN,88,2005,13784114.5,2.606,-0.136
CAN,163,2005,7605047.33,0.393,-0.105
CAN,411,2005,493635548.84,0.566,0.975
CAN,489,2005,11803785.81,0.946,0.102
CAN,30,2005,10279824.88,2.771,-1.774
CAN,434,2005,10750332.07,1.811,-1.291
CAN,451,2005,12944675.52,3.546,-0.396
CAN,353,2005,87692976.32,1.661,-0.986
CAN,269,2005,1589158418.0,0.721,-0.6
CAN,415,2015,70003790.0,4.345,-0.142
CAN,343,2015,7298625.08,0.673,0.672
CAN,229,2015,56681370.03,2.615,-0.055
CAN,4,2015,32756275.02,2.01,0.532
CAN,354,2015,31583409.43,0.966,-0.014
CAN,25,2015,15725111.04,1.711,-0.083
CAN,39,2015,57396717.71,1.059,-2.392
CAN,422,2015,21293939.13,0.556,-0.129
CAN,362,2015,10324212.26,0.497,2.269
CAN,250,2015,44996571.0,0.213,0.766
CAN,231,2015,24616140.03,1.889,0.06
CAN,133,2015,16679115.39,0.347,-0.466
CAN,18,2015,2088562.1,2.29,0.899
CAN,6,2015,1937673675.79,0.427,0.169
CAN,110,2015,9204693.03,0.393,0.329
CAN,448,2015,1146429.57,0.808,0.343
CAN,85,2015,103534870.07,0.369,-1.066
CAN,428,2015,1156867874.23,0.791,1.11
CAN,52,2015,869768347.31,0.24,-1.738
CAN,350,2015,4520924.15,0.454,0.262
CAN,184,2015,471306.83,1.499,0.767
CAN,466,2015,1044838.79,0.603,-2.084
CAN,336,2015,111872239.16,0.634,0.035
CAN,77,2015,13335706.18,3.434,0.782
CAN,36,2015,128247767.34,0.74,-0.185
CAN,374,2015,37834204.51,2.244,-0.568
CAN,382,2015,24010572.63,1.783,-0.997
CAN,401,2015,388098441.8,2.433,-0.681
CAN,53,2015,7519095.7,2.06,-1.813
CAN,335,2015,73196662.41,3.073,1.454
CAN,213,2015,11099905.47,0.327,-0.039
CAN,472,2015,289342041.53,2.182,-1.586
CAN,471,2015,970270.55,0.138,0.816
CAN,58,2015,15682897.15,0.327,-0.542
CAN,450,2015,4255508.59,1.696,1.375
CAN,5,2015,71574805.53,1.464,0.684
CAN,359,2015,15424964.36,1.46,-0.624
CAN,330,2015,3862642171.18,0.887,1.217
CAN,463,2015,319198653.25,0.764,-1.238
CAN,114,2015,78473834.36,1.355,-0.602
CAN,171,2015,270752374.94,0.781,1.296
CAN,395,2015,88710049.36,1.007,-0.32
CAN,47,2015,17803137.69,0.219,0.718
CAN,377,2015,5710676.39,1.075,0.263
CAN,379,2015,461372336.71,1.596,0.466
CAN,140,2015,55765550.18,0.225,-0.66
CAN,372,2015,7026856.96,0.372,0.873
CAN,141,2015,59926602.91,0.34,-0.888
CAN,67,2015,1002087997.2,0.98,-0.113
CAN,409,2015,25055951.73,5.557,-0.724
CAN,378,2015,39875968.78,0.274,-2.409
CAN,223,2015,100658694.99,1.387,-0.007
CAN,276,2015,4913463.96,1.412,0.475
CAN,414,2015,7125306.79,1.53,-1.693
CAN,275,2015,397128440.1,0.39,1.152
CAN,172,2015,154401246.88,1.251,0.142
CAN,34,2015,27241823.29,1.79,0.058
CAN,333,2015,309714651.77,0.753,0.637
CAN,459,2015,818848117.34,0.499,0.163
CAN,323,2015,21542703.88,11.172,0.798
CAN,70,2023,2857753.76,3.327,-1.123
CAN,288,2023,20369521.6,1.374,0.185
CAN,65,2023,175569527.11,0.47,0.811
CAN,159,2023,365074050.5,0.213,-1.343
CAN,432,2023,276104256.11,1.09,-0.35
CAN,219,2023,115896539.8,3.205,0.9
CAN,165,2023,14731922.5,5.695,1.565
CAN,206,2023,7984071.92,2.472,0.066
CAN,447,2023,127231594.16,0.162,1.059
CAN,293,2023,40788957.23,0.168,0.23
CAN,207,2023,40057140.77,0.812,0.585
CAN,439,2023,1766446.6,1.532,1.216
CAN,258,2023,11515895.31,1.408,-0.508
CAN,134,2023,171635294.99,0.284,-1.751
CAN,391,2023,2582270.06,0.197,0.028
CAN,199,2023,2641521.8,0.876,0.859
CAN,373,2023,552897050.47,0.126,-1.174
CAN,433,2023,190540221.3,2.604,1.095
CAN,374,2023,24968218.87,2.394,0.043
CAN,249,2023,3111107.4,0.121,0.262
CAN,59,2023,157844404.09,7.827,-0.699
CAN,266,2023,184027044.22,1.62,0.944
CAN,137,2023,7940831.17,0.609,0.882
CAN,217,2023,6505957.49,1.094,0.042
CAN,401,2023,67225217.29,0.707,-0.693
CAN,116,2023,18914840.6,0.392,-0.353
CAN,7,2023,9233736.02,8.098,0.356
CAN,281,2023,329308578.97,3.458,-1.525
CAN,230,2023,42678103.85,0.887,0.594
CAN,183,2023,1835768068.31,1.714,0.193
CAN,482,2023,32053092.8,0.427,0.25
CAN,232,2023,3939634.26,1.123,-0.11
CAN,408,2023,7543350.53,0.267,0.156
CAN,390,2023,12532228.17,0.577,0.481
CAN,459,2023,18559072.91,6.976,0.023
CAN,441,2023,46338734.95,2.228,0.34
CAN,407,2023,30167216.32,0.868,-0.723
CAN,212,2023,7853836.6,0.617,-1.015
CAN,410,2023,38736508.41,1.567,0.94
CAN,214,2023,33216682.98,1.167,0.317
CAN,64,2023,173842683.99,2.942,-0.637
CAN,166,2023,97414434.05,3.365,-0.342
CAN,152,2023,136964678.4,1.361,-1.933
CAN,478,2023,3842729612.0,0.523,0.556
CAN,457,2023,774501431.08,1.071,1.019
CAN,339,2023,11401926.47,5.198,1.746
CAN,364,2023,424390083.88,2.124,1.396
CAN,405,2023,296389499.31,0.785,-0.692
CAN,140,2023,46008366.38,1.354,-0.187
CAN,269,2023,114043554.9,2.579,0.16
CAN,56,2023,60855193.78,1.41,1.436
CAN,80,2023,7513371.45,3.558,-0.524
CAN,460,2023,920028.22,0.759,0.443
CAN,316,2023,21819821.42,2.546,1.055
CAN,83,2023,885631783.51,0.52,0.733
CAN,337,2023,94040000.98,0.932,-1.372
CAN,177,2023,1089718.0,1.05,-0.399
CAN,349,2023,194268505.7,0.209,-0.72
CAN,251,2023,98625372.73,0.695,-0.644
CAN,421,2023,34207233.66,0.101,-2.742
NLD,417,1995,103136751.6,5.666,-0.223
NLD,385,1995,79735817.57,0.238,-1.172
NLD,382,1995,47505572.31,0.235,-0.682
NLD,255,1995,28936698.41,1.798,-0.257
NLD,103,1995,58078796.51,0.282,2.883
NLD,4,1995,13850726.44,7.956,0.682
NLD,153,1995,24410405.53,1.657,-0.433
NLD,299,1995,270744668.5,0.072,1.091
NLD,249,1995,24572330.35,3.051,1.57
NLD,300,1995,26855061.02,1.288,-0.389
NLD,43,1995,105860523.81,0.885,-2.363
NLD,200,1995,52274491.48,2.362,-0.491
NLD,327,1995,39434828.06,2.893,-0.429
NLD,294,1995,3675846.54,0.962,-1.799
NLD,5,1995,197169766.55,6.609,0.369
NLD,40,1995,39723348.41,0.597,1.082
NLD,448,1995,75515452.0,2.817,0.807
NLD,39,1995,43858954.58,1.791,0.831
NLD,330,1995,51091878.89,1.798,-0.421
NLD,370,1995,120009526.79,1.259,0.421
NLD,474,1995,264814754.62,2.592,0.498
NLD,263,1995,50435705.33,0.654,1.154
NLD,270,1995,168411983.37,0.372,-0.609
NLD,66,1995,163010483.17,0.33,0.451
NLD,22,1995,442352978.97,0.927,-0.282
NLD,84,1995,36929988.75,0.24,-1.009
NLD,408,1995,196796648.05,1.154,0.88
NLD,175,1995,29318374.9,0.268,-0.761
NLD,171,1995,31832607.9,0.376,1.482
NLD,56,1995,64910923.09,0.622,1.561
NLD,233,1995,3832880.58,0.309,-1.036
NLD,107,1995,17531040.56,3.373,-0.104
NLD,287,1995,25646616084.89,2.463,-1.158
NLD,241,1995,21172520.25,0.582,0.543
NLD,420,1995,29425288.62,3.297,-0.069
NLD,341,1995,34275961.21,1.035,0.352
NLD,72,1995,34584528.51,2.837,0.231
NLD,128,1995,2790221.83,0.354,-0.221
NLD,114,1995,93550801.59,1.705,0.738
NLD,203,1995,113912410.84,3.305,1.533
NLD,239,1995,106497191.34,0.826,-1.13
NLD,425,1995,13578253.15,4.534,-1.336
NLD,288,1995,8411896.97,0.702,0.773
NLD,104,1995,13976901.15,1.789,-1.738
NLD,64,1995,3234146.21,0.248,0.109
NLD,358,1995,425550063.18,5.252,-0.999
NLD,397,1995,6876713.87,0.339,0.099
NLD,193,1995,44135365.82,5.444,1.319
NLD,71,1995,6150295.47,0.441,1.397
NLD,24,1995,64506215.24,0.76,-0.382
NLD,133,1995,74556750.57,1.873,0.48
NLD,278,1995,657599401.45,0.309,-1.496
NLD,201,1995,14646421.39,3.9,-0.456
NLD,352,1995,6038815.41,1.994,-1.076
NLD,164,1995,358509254.74,3.147,0.347
NLD,158,1995,156217465.11,1.79,1.822
NLD,334,1995,92213165.8,1.233,0.286
NLD,478,1995,168236206.65,0.636,0.286
NLD,292,1995,153491860.26,0.703,-0.201
NLD,252,1995,28455891.27,0.29,0.406
NLD,175,2005,8440448.11,2.642,-2.066
NLD,188,2005,155663324.89,2.668,1.373
NLD,392,2005,607711345.93,1.118,-1.785
NLD,264,2005,62416764.81,1.083,-0.689
NLD,235,2005,28908306.55,0.158,1.539
NLD,176,2005,4999337.92,0.124,-0.53
NLD,35,2005,353881199.03,0.305,0.893
NLD,174,2005,2112698.61,4.164,-0.159
NLD,409,2005,20130484.73,0.294,-2.15
NLD,123,2005,143926217.62,0.2,0.624
NLD,464,2005,60228401.02,0.941,0.69
NLD,366,2005,443563034.89,1.814,0.929
NLD,164,2005,284741846.47,0.613,-0.081
NLD,150,2005,275945788.49,0.411,1.129
NLD,137,2005,120620428.75,0.197,-0.294
NLD,190,2005,12586956.62,0.488,-1.139
NLD,322,2005,4266097.02,0.803,-1.106
NLD,362,2005,4865503.72,0.995,1.129
NLD,249,2005,659738074.21,0.949,-1.585
NLD,316,2005,332938211.6,0.346,-0.65
NLD,352,2005,75015815.6,0.968,0.07
NLD,252,2005,18783604.28,0.347,-0.85
NLD,199,2005,2175217.7,0.619,0.995
NLD,489,2005,279559627.98,0.574,-0.301
NLD,105,2005,4768707.81,1.543,0.979
NLD,225,2005,5399082.99,0.086,-0.065
NLD,95,2005,3912373.0,1.289,0.606
NLD,359,2005,333582409.51,10.175,0.486
NLD,323,2005,1184311.14,1.627,1.477
NLD,34,2005,70871872.83,0.168,0.935
NLD,77,2005,2000191.29,0.32,0.201
NLD,468,2005,17933705.74,0.924,0.685
NLD,92,2005,208966747.72,2.218,-0.907
NLD,313,2005,1048165845.15,1.342,-0.73
NLD,162,2005,14766811.47,1.007,-0.365
NLD,102,2005,26260267.51,0.738,0.923
NLD,80,2005,300048159.12,1.02,1.044
NLD,429,2005,59560429.05,1.123,0.576
NLD,423,2005,73467473.36,2.505,-0.773
NLD,261,2005,7983038.13,1.258,-0.461
NLD,117,2005,248557177.16,0.923,0.221
NLD,214,2005,70704739.17,0.463,-0.669
NLD,349,2005,11532246.61,0.795,0.348
NLD,444,2005,714250516.37,0.437,0.02
NLD,327,2005,15605535.69,1.685,0.273
NLD,220,2005,1380564.09,1.17,1.955
NLD,165,2005,531816804.86,0.791,-0.145
NLD,160,2005,55616341.2,0.809,-1.313
NLD,484,2005,232096246.76,0.472,0.78
NLD,73,2005,7863818.26,2.671,-1.608
NLD,3,2005,1554912.1,1.53,-0.534
NLD,54,2005,13429856.65,0.435,0.993
NLD,325,2005,48584470.99,4.412,1.592
NLD,463,2005,122248618.08,6.129,0.765
NLD,321,2005,5753129.64,4.04,2.363
NLD,244,2005,86584996.85,3.374,0.681
NLD,218,2005,276515204.63,0.512,0.152
NLD,236,2005,15098940.07,0.392,0.362
NLD,358,2005,101498668.3,0.394,-0.632
NLD,335,2005,20347530.34,0.408,0.201
NLD,91,2015,40174030.15,1.452,1.46
NLD,181,2015,109150275.33,0.282,-0.156
NLD,366,2015,297018478.31,0.568,0.632
NLD,70,2015,1200920498.83,0.475,0.445
NLD,47,2015,1499138637.18,1.551,0.482
NLD,101,2015,128028067.91,0.063,0.853
NLD,264,2015,137999477.84,0.566,-0.021
NLD,268,2015,35994917.94,7.165,1.067
NLD,374,2015,63103539.77,0.893,-0.137
NLD,125,2015,58349191.73,2.703,0.271
NLD,325,2015,236007340.26,13.654,1.2
NLD,46,2015,36964765.26,0.304,-2.09
NLD,451,2015,21546883.09,0.245,-1.536
NLD,292,2015,6119753.67,0.385,-0.501
NLD,177,2015,194934924.07,0.982,-0.752
NLD,396,2015,67248424.54,1.948,0.653
NLD,88,2015,41348875.67,1.738,-1.18
NLD,37,2015,23310146.18,2.518,0.648
NLD,448,2015,22894408.6,0.063,1.033
NLD,28,2015,267154653.04,1.396,-0.137
NLD,245,2015,597603881.91,2.177,0.047
NLD,132,2015,435840356.45,0.743,1.537
NLD,160,2015,15803241.6,0.132,0.337
NLD,472,2015,635257.11,3.399,0.94
NLD,337,2015,226915868.27,0.528,0.239
NLD,140,2015,6535830.78,0.408,1.678
NLD,305,2015,103004278.33,0.293,-0.005
NLD,490,2015,12476218.11,0.44,-0.094
NLD,84,2015,2262604132.73,0.145,0.487
NLD,85,2015,71480346.31,1.306,0.028
NLD,322,2015,8629194.07,0.735,-1.026
NLD,334,2015,524017285.08,0.845,-0.586
NLD,401,2015,29131128.66,0.438,-0.701
NLD,373,2015,96501195.6,2.609,-1.008
NLD,104,2015,435526603.83,1.04,1.054
NLD,220,2015,13660711.62,4.219,-2.587
NLD,120,2015,20336196.72,0.459,0.822
NLD,480,2015,53366842.48,0.98,-0.972
NLD,260,2015,34279423.51,1.45,-0.517
NLD,146,2015,82580942.33,1.171,0.298
NLD,232,2015,42936564.71,1.862,0.273
NLD,389,2015,13996698.63,2.936,-0.898
NLD,207,2015,329955606.25,0.383,1.413
NLD,311,2015,121576211.54,1.187,0.434
NLD,154,2015,90444922.15,0.446,0.273
NLD,354,2015,44950016.37,1.106,-0.099
NLD,190,2015,27346274.8,5.486,0.538
NLD,372,2015,8239928.94,1.304,0.736
NLD,331,2015,64710895.97,0.689,-0.464
NLD,390,2015,11596947.99,0.332,-0.065
NLD,352,2015,59919096.65,1.039,-0.444
NLD,97,2015,42715887.86,1.266,-0.45
NLD,453,2015,77753330.03,5.392,1.156
NLD,457,2015,292364923.03,0.058,0.238
NLD,67,2015,113085684.81,1.279,-2.424
NLD,239,2015,1819054.87,1.254,0.859
NLD,365,2015,34166190.33,0.514,1.194
NLD,62,2015,186682405.11,0.399,-2.186
NLD,378,2015,9180361.41,0.429,0.237
NLD,284,2015,22250908.52,7.807,0.72
NLD,286,2023,132424792.91,1.761,-0.242
NLD,6,2023,67787293.9,0.164,-0.44
NLD,316,2023,31285448.79,0.422,-0.488
NLD,206,2023,451182661.86,0.535,0.389
NLD,411,2023,11816251.73,0.761,-1.174
NLD,319,2023,610847782.76,2.383,0.333
NLD,311,2023,82680863.4,0.157,-1.081
NLD,60,2023,7003550.68,2.882,0.385
NLD,36,2023,44653946.86,1.449,1.722
NLD,230,2023,15674179.79,0.747,-0.152
NLD,15,2023,5552515.22,0.833,0.652
NLD,113,2023,66168019.33,2.176,-1.623
NLD,290,2023,66656283.59,0.896,-0.046
NLD,476,2023,123924757.07,0.337,-0.553
NLD,373,2023,34039575.04,1.075,-1.209
NLD,456,2023,174564185.42,6.062,-1.307
NLD,428,2023,244086066.63,0.486,1.156
NLD,374,2023,387664688.24,2.482,-1.873
NLD,256,2023,5946496.99,1.501,1.249
NLD,427,2023,16225612.22,0.517,0.088
NLD,85,2023,5672424.16,2.509,0.093
NLD,318,2023,12115573.49,0.944,0.736
NLD,77,2023,24190907.01,2.415,0.714
NLD,420,2023,459938790.15,1.167,-1.301
NLD,324,2023,1278224265.99,0.368,-0.128
NLD,59,2023,88781012.04,1.647,0.137
NLD,457,2023,118307156.01,1.901,1.492
NLD,146,2023,278665009.54,2.291,-0.68
NLD,405,2023,129044046.01,1.586,0.997
NLD,22,2023,188694292.11,0.461,1.142
NLD,83,2023,20343049.11,3.107,-0.297
NLD,182,2023,11994185.46,0.778,0.207
NLD,241,2023,5070067.84,0.227,-1.436
NLD,45,2023,17463451.99,1.403,-0.897
NLD,264,2023,18458135.95,14.877,-0.123
NLD,229,2023,33792944.41,0.368,-0.714
NLD,108,2023,377975279.62,0.871,-0.639
NLD,56,2023,1526409.5,1.018,0.53
NLD,395,2023,483558787.59,0.764,0.498
NLD,337,2023,53372470.68,1.756,-0.056
NLD,82,2023,71688554.71,1.166,-2.006
NLD,263,2023,7377501.14,0.243,-0.655
NLD,120,2023,1836047.43,1.197,-1.101
NLD,408,2023,8737768.37,0.343,-1.194
NLD,460,2023,253341031.18,1.864,0.03
NLD,378,2023,24326765.35,0.187,1.346
NLD,162,2023,77467388.22,0.676,0.182
NLD,29,2023,18274711.33,0.461,1.252
NLD,462,2023,20709265.54,0.369,0.586
NLD,174,2023,205435794.44,0.634,0.327
NLD,4,2023,527437626.87,4.406,-0.384
NLD,180,2023,24706541.64,2.162,1.081
NLD,95,2023,18447787.57,2.768,-0.831
NLD,46,2023,126139518.2,0.599,0.179
NLD,109,2023,96529362.82,1.341,2.004
NLD,3,2023,64315469.93,0.521,0.064
NLD,9,2023,278509993.45,2.202,-1.724
NLD,42,2023,3172292.62,1.601,-0.071
NLD,199,2023,11869516.9,1.201,-1.07
NLD,325,2023,296114363.02,0.359,0.005
ITA,91,1995,114254571.26,3.281,1.227
ITA,196,1995,3133407.58,1.226,0.492
ITA,43,1995,2798528.85,0.575,-0.465
ITA,300,1995,3535000879.06,0.371,0.562
ITA,46,1995,25050894.22,1.23,0.266
ITA,82,1995,91527353.96,0.096,0.416
ITA,126,1995,6245511.64,0.911,2.125
ITA,333,1995,223770671.26,0.59,0.472
ITA,119,1995,21700567.82,1.388,0.212
ITA,481,1995,205670368.44,8.083,0.334
ITA,403,1995,46287751.59,6.081,0.953
ITA,232,1995,178683929.32,7.257,-1.853
ITA,383,1995,7682983.15,0.845,-0.39
ITA,440,1995,62692589.01,0.623,1.985
ITA,52,1995,19484134.58,1.093,-0.579
ITA,382,1995,90546.36,0.679,-0.517
ITA,315,1995,53595522.5,1.11,-0.329
ITA,376,1995,16574986.84,0.311,3.073
ITA,207,1995,58215093.18,1.551,1.202
ITA,133,1995,595918421.25,5.999,0.827
ITA,396,1995,222211306.69,2.355,-0.152
ITA,323,1995,1910659712.69,0.304,-0.41
ITA,53,1995,52847831.14,1.042,0.905
ITA,435,1995,274587791.65,1.162,0.49
ITA,399,1995,35414957.98,13.27,-0.912
ITA,439,1995,8619950.6,0.464,0.161
ITA,220,1995,118725056.41,0.428,-1.008
ITA,97,1995,178220499.01,2.125,0.29
ITA,48,1995,942663511.74,1.474,2.294
ITA,475,1995,5813724.86,4.373,-0.806
ITA,293,1995,73379952.78,0.997,-0.48
ITA,444,1995,259784481.98,5.686,-0.213
ITA,371,1995,655691779.54,0.337,-1.68
ITA,341,1995,172956038.8,1.82,0.504
ITA,140,1995,67297957.58,1.476,-0.43
ITA,186,1995,68960379.38,0.843,-1.875
ITA,134,1995,21096687.52,0.469,-0.159
ITA,255,1995,8884550.79,1.672,1.675
ITA,225,1995,320539464.68,0.355,0.466
ITA,252,1995,608925.52,3.532,-0.188
ITA,208,1995,52997687.15,3.358,0.199
ITA,166,1995,350092080.94,1.084,-1.202
ITA,159,1995,16969884.09,0.886,-0.573
ITA,235,1995,99221083.88,1.647,0.047
ITA,180,1995,10096883.73,1.835,-0.154
ITA,281,1995,1089206699.35,1.877,-1.08
ITA,319,1995,43852752.58,3.545,-1.074
ITA,62,1995,11429989.32,1.284,0.688
ITA,477,1995,2492862.82,0.744,-0.187
ITA,12,1995,110195210.48,0.206,-0.011
ITA,13,1995,64397386.22,1.268,0.297
ITA,80,1995,8810196.69,0.663,0.455
ITA,298,1995,17796306.63,0.559,-0.151
ITA,287,1995,30233968.99,0.345,0.24
ITA,25,1995,369862908.34,0.364,-1.936
ITA,256,1995,8224602.22,1.488,-0.809
ITA,318,1995,10325823.71,1.7,1.547
ITA,114,1995,9209626.7,0.38,-0.23
ITA,70,1995,241805311.19,0.719,0.678
ITA,421,1995,17482770.32,0.471,-1.696
ITA,398,2005,52992770.79,0.849,0.742
ITA,89,2005,3233248.03,1.508,-0.052
ITA,218,2005,6242183.47,0.234,-1.734
ITA,121,2005,27721641.28,0.9,-1.521
ITA,453,2005,6051673370.31,0.501,-2.378
ITA,282,2005,7066347.04,0.749,-0.667
ITA,367,2005,313206933.26,3.015,-1.602
ITA,365,2005,66216587.12,0.749,-0.459
ITA,317,2005,113017821.86,0.918,-0.407
ITA,287,2005,8271490.42,0.268,-0.796
ITA,384,2005,96472907.88,0.095,-1.254
ITA,182,2005,16934599.03,8.076,-1.148
ITA,233,2005,801450.75,3.239,0.703
ITA,348,2005,33284880.95,1.504,1.217
ITA,15,2005,43939557.95,7.445,-0.862
ITA,288,2005,311203831.55,5.895,-0.493
ITA,77,2005,335194.46,1.426,1.172
ITA,414,2005,17978933.07,7.167,-0.383
ITA,306,2005,14137601.05,1.644,0.409
ITA,305,2005,642771806.23,6.825,1.629
ITA,195,2005,134775537.78,2.752,-2.189
ITA,28,2005,4752345.31,6.624,1.181
ITA,103,2005,18389708.73,0.296,-0.94
ITA,410,2005,101410688.6,0.119,-1.299
ITA,230,2005,73159107.41,0.392,0.149
ITA,67,2005,6376848.74,0.482,2.29
ITA,59,2005,19809230.11,0.159,-1.571
ITA,56,2005,66888028.79,0.822,0.148
ITA,113,2005,997550.89,0.67,-0.004
ITA,360,2005,19948232.0,0.791,-1.485
ITA,186,2005,5749405.97,1.092,-1.869
ITA,447,2005,47365928.08,1.1,0.521
ITA,342,2005,22919641.5,2.891,0.26
ITA,170,2005,4237019.12,3.052,1.161
ITA,209,2005,1190011688.44,0.576,-1.869
ITA,475,2005,81557458.39,0.812,2.474
ITA,426,2005,39999098.86,0.604,0.486
ITA,477,2005,377780803.49,1.385,-0.053
ITA,41,2005,280556144.03,0.768,-0.647
ITA,11,2005,44837318.96,0.214,-0.337
ITA,487,2005,803486281.83,9.667,1.52
ITA,275,2005,945983.23,3.562,1.106
ITA,131,2005,44754149.52,6.174,-1.299
ITA,9,2005,4016412.36,1.016,1.061
ITA,472,2005,10304089.39,1.071,-1.211
ITA,116,2005,5495707.03,1.232,-0.119
ITA,366,2005,2378539.69,0.469,1.481
ITA,177,2005,135491876.57,1.535,0.921
ITA,444,2005,577167375.99,2.968,-0.895
ITA,36,2005,85491936.64,0.601,2.039
ITA,84,2005,55654013.9,0.964,2.215
ITA,108,2005,102589143.26,3.098,0.513
ITA,22,2005,231971131.43,1.088,1.364
ITA,25,2005,48498908.63,0.901,0.118
ITA,311,2005,85874650.74,0.252,-0.183
ITA,224,2005,389912105.42,0.634,0.326
ITA,464,2005,223229770.8,0.161,-2.132
ITA,458,2005,72684673.96,0.625,-1.134
ITA,129,2005,99180515.47,1.089,-0.513
ITA,64,2005,22266848.11,0.26,0.432
ITA,341,2015,19296206.47,0.431,-0.032
ITA,114,2015,425219218.29,0.272,0.069
ITA,360,2015,328369602.87,0.677,0.49
ITA,169,2015,15423856.61,1.011,-0.17
ITA,281,2015,19930601.93,1.794,1.231
ITA,447,2015,3693690.49,1.142,-1.127
ITA,131,2015,947653582.51,1.411,0.432
ITA,411,2015,33366956.06,3.571,-0.659
ITA,297,2015,12130828.07,0.279,0.435
ITA,401,2015,325664240.71,0.689,0.677
ITA,333,2015,71548424.23,1.318,-1.225
ITA,4,2015,16704954.84,1.275,1.395
ITA,464,2015,22972028.48,0.66,1.156
ITA,42,2015,81366233.69,0.152,0.602
ITA,263,2015,224606337.3,10.276,2.677
ITA,59,2015,34390241.05,1.064,-0.533
ITA,41,2015,2538396.81,0.984,-1.688
ITA,49,2015,26939543.0,1.236,0.629
ITA,62,2015,10556431518.92,1.002,-0.438
ITA,451,2015,84730319.56,3.396,-0.616
ITA,153,2015,270655928.3,2.505,0.803
ITA,18,2015,7064724681.87,0.566,2.615
ITA,475,2015,705181422.93,0.147,-0.87
ITA,290,2015,8748813.84,0.529,1.215
ITA,78,2015,21152603.09,2.562,0.352
ITA,446,2015,56256993.77,0.453,2.004
ITA,416,2015,4690081.79,1.498,-0.241
ITA,162,2015,270039770.14,0.435,-1.625
ITA,331,2015,3443372.49,0.558,-0.662
ITA,40,2015,15813258.61,0.978,0.306
ITA,269,2015,468331045.09,2.64,-1.052
ITA,353,2015,1015998205.09,1.598,0.859
ITA,54,2015,2290555356.85,0.879,0.043
ITA,56,2015,11569321.94,2.986,-0.255
ITA,186,2015,225515876.89,0.349,-0.167
ITA,221,2015,6653582.07,1.301,0.595
ITA,16,2015,3055222.1,0.797,0.632
ITA,301,2015,181042411.42,0.383,-0.051
ITA,151,2015,15212898.76,0.625,0.294
ITA,145,2015,156616812.33,0.25,-0.347
ITA,103,2015,2725922.2,3.996,0.431
ITA,125,2015,8161720.33,0.67,-0.315
ITA,35,2015,28082704.03,1.957,0.655
ITA,261,2015,312850.85,0.749,0.878
ITA,463,2015,79915855.28,0.658,-0.144
ITA,321,2015,18433831.95,0.336,1.388
ITA,231,2015,77477306.75,2.114,-0.158
ITA,199,2015,66175233.05,0.212,1.262
ITA,141,2015,151640566.64,0.876,0.232
ITA,448,2015,84292818.99,0.795,0.528
ITA,318,2015,7185132.43,0.416,0.91
ITA,205,2015,84581241.14,0.499,0.59
ITA,116,2015,7285491.1,0.918,-1.82
ITA,80,2015,22906922.43,0.107,-0.766
ITA,288,2015,303033180.67,1.179,1.118
ITA,232,2015,35312586.34,0.67,-0.424
ITA,165,2015,1258805.18,0.824,0.061
ITA,433,2015,113277062.37,0.206,-0.157
ITA,489,2015,1909822.13,1.293,0.354
ITA,264,2015,15010473.21,0.466,0.487
ITA,137,2023,29865355.37,0.234,1.317
ITA,168,2023,52208323.25,0.447,0.457
ITA,421,2023,122080126.8,5.346,1.214
ITA,131,2023,33528247.82,0.233,0.011
ITA,138,2023,551491308.79,1.047,-0.506
ITA,319,2023,72167200.57,2.376,-0.045
ITA,475,2023,33493522.09,0.498,-0.887
ITA,224,2023,55330133.38,0.843,1.536
ITA,446,2023,14578870.0,7.226,0.493
ITA,156,2023,810290.12,0.276,0.414
ITA,201,2023,6151669.84,1.084,0.306
ITA,209,2023,78076779.1,0.336,-0.749
ITA,140,2023,6362883.14,0.744,-1.728
ITA,282,2023,4582657.6,0.303,-0.138
ITA,420,2023,186019683.92,0.58,0.101
ITA,327,2023,633810270.43,0.364,0.18
ITA,231,2023,204880441.85,0.494,0.376
ITA,226,2023,1613327.13,0.112,0.596
ITA,415,2023,125540007.33,0.3,1.117
ITA,180,2023,44014673.28,1.422,0.469
ITA,205,2023,12789980430.77,2.47,-1.025
ITA,158,2023,87570182.77,0.959,1.492
ITA,48,2023,1418339.16,0.768,-0.813
ITA,331,2023,51840766.54,0.18,-0.563
ITA,290,2023,19284333.27,3.899,-0.933
ITA,397,2023,20192530.81,2.252,0.308
ITA,367,2023,14586372.63,1.57,-1.849
ITA,54,2023,171562872.68,1.507,0.892
ITA,170,2023,76099389.17,0.465,0.201
ITA,160,2023,953170756.73,0.39,1.05
ITA,335,2023,4803806.99,2.297,-0.115
ITA,466,2023,199341961.03,0.6,-1.533
ITA,212,2023,20005110.41,2.381,-1.065
ITA,221,2023,281950251.07,1.075,-0.627
ITA,200,2023,179617966.78,0.473,1.363
ITA,414,2023,712249253.56,2.314,-0.219
ITA,102,2023,21180587.57,0.826,0.528
ITA,211,2023,22833009.08,1.336,0.898
ITA,227,2023,14628159.94,0.232,0.724
ITA,97,2023,16787237.48,1.18,0.164
ITA,39,2023,100393056.01,0.92,1.556
ITA,422,2023,79758057.95,0.462,-0.945
ITA,11,2023,3419795654.29,1.116,0.392
ITA,220,2023,214245942.57,0.126,-0.147
ITA,230,2023,2293625.97,0.293,-0.979
ITA,68,2023,18509656.15,0.729,-1.234
ITA,157,2023,33448931.58,0.322,0.233
ITA,358,2023,1081106495.47,0.882,0.161
ITA,371,2023,413957066.81,2.073,0.069
ITA,43,2023,56818550.52,0.645,0.03
ITA,183,2023,59235996.08,0.296,-0.716
ITA,255,2023,6086371.64,2.481,0.821
ITA,182,2023,3120627.53,3.561,-2.02
ITA,21,2023,308361007.96,0.231,1.318
ITA,478,2023,394083021.36,1.75,1.848
ITA,312,2023,9037130.96,1.976,0.804
ITA,372,2023,40478433.01,0.762,0.902
ITA,162,2023,74117132.81,0.608,0.195
ITA,458,2023,25801537.87,3.127,0.099
ITA,190,2023,10952263.47,0.733,-1.633
ESP,354,1995,70855479.15,0.406,-1.352
ESP,120,1995,280788388.55,0.416,-0.372
ESP,77,1995,82748751.72,0.832,0.091
ESP,115,1995,51752020.5,1.775,-2.415
ESP,423,1995,20824431.31,1.114,1.171
ESP,464,1995,33251884.48,0.401,1.356
ESP,71,1995,17006712.44,1.234,-0.812
ESP,282,1995,94985743.91,2.559,-0.618
ESP,262,1995,67300039.49,1.128,1.152
ESP,362,1995,268555827.73,0.386,-0.832
ESP,348,1995,26396514.87,0.067,0.499
ESP,337,1995,1150010328.39,1.111,0.741
ESP,374,1995,6589952.84,6.95,-0.351
ESP,413,1995,16921424.35,0.096,0.346
ESP,58,1995,31490904.84,1.52,-1.657
ESP,431,1995,92166003.86,1.61,0.655
ESP,336,1995,86517678.86,0.586,-0.82
ESP,64,1995,182625912.27,0.868,-0.916
ESP,80,1995,30472457.92,1.318,0.822
ESP,11,1995,373279472.07,0.106,-0.408
ESP,190,1995,112333442.49,0.588,-0.001
ESP,174,1995,16185402.7,1.65,0.456
ESP,59,1995,606023830.17,4.019,-0.249
ESP,68,1995,13236079.02,2.416,-0.067
ESP,315,1995,677206018.91,1.934,0.716
ESP,244,1995,46520.17,2.219,-0.616
ESP,34,1995,1246549259.7,2.751,1.256
ESP,245,1995,72331070.5,1.485,0.535
ESP,3,1995,7144894.71,1.339,0.479
ESP,145,1995,196602335.12,2.194,0.616
ESP,233,1995,185669306.64,0.91,-1.366
ESP,172,1995,11088826.64,0.3,0.265
ESP,389,1995,221279997.52,2.092,-0.782
ESP,377,1995,6433269.89,0.167,0.577
ESP,347,1995,345325367.94,0.542,-0.481
ESP,46,1995,1912018.72,1.717,0.496
ESP,39,1995,68144669.39,2.462,-0.665
ESP,107,1995,30871775.78,3.59,-0.434
ESP,293,1995,135063505.49,1.088,0.407
ESP,61,1995,6301076.63,1.503,-0.714
ESP,422,1995,121611884.35,0.322,1.449
ESP,183,1995,940752373.67,0.149,-0.038
ESP,33,1995,41988536.75,0.474,1.013
ESP,358,1995,92449412.36,0.437,0.589
ESP,300,1995,111227561.63,0.571,-1.033
ESP,288,1995,14342307.04,0.446,0.762
ESP,396,1995,22386948.52,0.249,-1.204
ESP,53,1995,613922398.27,6.186,0.468
ESP,54,1995,9692415.31,1.115,0.978
ESP,274,1995,6082807.17,0.331,1.906
ESP,448,1995,71014844.2,0.369,-1.573
ESP,278,1995,385011202.42,0.897,-0.885
ESP,16,1995,19191251.95,1.036,0.515
ESP,31,1995,19142788.8,1.08,0.969
ESP,294,1995,8292375.2,0.578,-0.214
ESP,153,1995,40999993.09,0.367,0.647
ESP,82,1995,172284229.49,1.164,-0.523
ESP,19,1995,301091781.31,1.472,0.191
ESP,42,1995,71943271.92,1.237,0.399
ESP,199,1995,3352695.4,0.58,1.145
ESP,468,2005,175364.94,12.105,-1.809
ESP,6,2005,102793129.4,1.149,-2.282
ESP,129,2005,205063996.62,5.028,-1.098
ESP,373,2005,3191846.12,0.535,-1.229
ESP,79,2005,10557646.91,2.318,-0.649
ESP,181,2005,62084947.89,0.907,-0.85
ESP,316,2005,123191224.02,0.368,0.291
ESP,477,2005,8715217.95,0.73,1.175
ESP,128,2005,2431519.44,1.149,1.218
ESP,273,2005,136013132.44,1.677,0.41
ESP,441,2005,3838346619.29,3.393,0.179
ESP,175,2005,464100521.32,0.619,-0.417
ESP,117,2005,6104152.32,0.667,1.112
ESP,58,2005,60935482.15,0.734,0.991
ESP,354,2005,9330295.68,7.534,-1.05
ESP,287,2005,2283933.8,6.887,-0.093
ESP,217,2005,20403731.1,1.077,0.376
ESP,90,2005,640951259.17,4.673,-0.02
ESP,243,2005,65090483.35,2.187,0.32
ESP,356,2005,38758940.49,4.872,0.316
ESP,350,2005,16712908.13,4.479,0.065
ESP,143,2005,20762936.05,0.998,1.93
ESP,76,2005,1181579.26,0.614,0.31
ESP,361,2005,96032046.56,2.059,0.269
ESP,312,2005,10233920.34,2.302,-1.694
ESP,244,2005,3646094.08,0.512,-0.926
ESP,145,2005,23254898.68,1.222,2.101
ESP,199,2005,138072447.35,1.292,-1.346
ESP,370,2005,5000360.64,1.182,1.015
ESP,157,2005,6613248.17,0.777,-1.677
ESP,160,2005,39067676.08,2.409,-0.736
ESP,432,2005,558588678.63,1.1,0.353
ESP,284,2005,11294606.26,0.117,-0.444
ESP,137,2005,2161483.69,0.999,1.057
ESP,74,2005,172851294.81,0.355,-1.318
ESP,140,2005,26354648.41,0.266,-0.141
ESP,178,2005,334063969.92,0.939,-0.466
ESP,480,2005,116916814.55,2.183,-0.544
ESP,475,2005,2004529.85,0.958,1.004
ESP,459,2005,41272273.91,0.627,0.403
ESP,481,2005,218049419.56,5.731,-0.188
ESP,249,2005,2253126022.03,0.663,1.148
ESP,254,2005,2178628.43,1.603,1.407
ESP,84,2005,162947148.82,2.716,2.075
ESP,183,2005,40902683.53,1.266,-0.279
ESP,208,2005,178399990.08,3.63,-0.059
ESP,279,2005,143138539.92,0.373,0.578
ESP,135,2005,17146729.29,0.826,-0.172
ESP,226,2005,42522316.49,1.055,0.18
ESP,438,2005,53127343.54,2.602,0.555
ESP,401,2005,48667087.22,0.224,-0.854
ESP,218,2005,55261137.85,0.49,2.267
ESP,120,2005,181150896.25,0.245,-0.586
ESP,404,2005,27696099.37,1.079,0.632
ESP,377,2005,90890969.28,1.241,0.169
ESP,242,2005,242846906.86,2.891,0.903
ESP,114,2005,974157.01,1.206,0.515
ESP,425,2005,1017629.75,3.099,0.161
ESP,307,2005,981596324.37,0.369,0.132
ESP,133,2005,148850367.0,2.213,0.122
ESP,33,2015,247737886.29,1.017,1.146
ESP,313,2015,21700512.38,0.448,-0.102
ESP,250,2015,39628112.99,1.126,0.233
ESP,359,2015,488600438.72,0.344,-1.149
ESP,68,2015,250360754.65,0.786,0.27
ESP,398,2015,62756857.43,0.208,2.827
ESP,73,2015,44173837.46,1.003,-0.361
ESP,462,2015,136226385.35,1.077,-2.015
ESP,129,2015,233121303.17,0.775,-0.546
ESP,423,2015,30093334.98,0.713,0.854
ESP,192,2015,662319235.91,1.446,1.209
ESP,48,2015,58689643.13,1.019,0.061
ESP,194,2015,130944458.76,14.479,0.647
ESP,232,2015,103994822.63,0.071,0.005
ESP,343,2015,72193360.86,1.74,3.085
ESP,260,2015,15888964.61,2.522,-0.883
ESP,268,2015,807004.08,1.774,-0.648
ESP,266,2015,41473363.68,0.125,-0.493
ESP,184,2015,899610543.89,0.419,1.118
ESP,446,2015,128154335.84,0.384,0.215
ESP,151,2015,20977884.98,1.178,-0.625
ESP,119,2015,38914488.34,0.483,-1.558
ESP,188,2015,558289243.06,1.254,-0.939
ESP,190,2015,575553875.89,0.43,-0.843
ESP,202,2015,556325013.47,0.802,1.017
ESP,474,2015,61939426.69,0.367,0.077
ESP,208,2015,915221963.08,0.947,1.898
ESP,374,2015,85274195.81,0.106,-0.429
ESP,488,2015,77217516.88,0.196,-0.198
ESP,60,2015,62953198.87,3.021,0.074
ESP,274,2015,24244865.7,5.399,-0.627
ESP,39,2015,8001330.18,1.194,-0.633
ESP,399,2015,97441907.2,0.503,2.065
ESP,245,2015,18076203.59,1.251,0.82
ESP,115,2015,35929914.71,2.081,0.005
ESP,7,2015,19167381.54,0.831,0.053
ESP,230,2015,138634215.05,0.82,0.516
ESP,464,2015,600994829.44,1.422,0.336
ESP,175,2015,8868585.21,3.354,-0.082
ESP,66,2015,19480327.95,2.161,1.294
ESP,131,2015,46678134.34,0.91,0.06
ESP,404,2015,61100268.92,0.607,-0.375
ESP,80,2015,45461760.52,0.176,-1.14
ESP,440,2015,14240139.74,1.197,-0.048
ESP,206,2015,367843529.25,1.226,-0.395
ESP,133,2015,114177816.81,0.29,-2.824
ESP,163,2015,591536128.84,1.385,-0.899
ESP,134,2015,31120922.86,0.557,0.286
ESP,309,2015,145891797.25,1.228,1.683
ESP,340,2015,165997957.26,0.681,-0.565
ESP,35,2015,9336221.18,1.319,-1.371
ESP,385,2015,2962480.41,0.816,0.272
ESP,212,2015,377444655.63,0.199,-0.231
ESP,170,2015,4224483.29,1.033,2.192
ESP,460,2015,11265096.97,1.726,-1.573
ESP,282,2015,15455825.83,0.245,0.457
ESP,10,2015,1634403.79,1.177,0.886
ESP,407,2015,198920961.62,0.668,0.089
ESP,101,2015,29117481.89,0.643,0.395
ESP,105,2015,8920477.76,0.501,-0.207
ESP,31,2023,325478080.76,0.742,0.11
ESP,299,2023,789558490.21,1.712,0.493
ESP,181,2023,107628326.58,1.871,0.138
ESP,110,2023,22213867.14,1.725,-0.136
ESP,193,2023,39445494.53,0.272,0.595
ESP,68,2023,76527852.4,1.326,-0.146
ESP,404,2023,387886934.41,0.531,-1.346
ESP,483,2023,20006101.24,0.53,0.838
ESP,30,2023,1022141872.6,0.822,0.771
ESP,318,2023,13720965.01,3.363,0.445
ESP,43,2023,381802960.17,0.439,-0.611
ESP,399,2023,290143.79,3.66,0.045
ESP,298,2023,25477026.05,0.222,-1.485
ESP,188,2023,17222346.14,1.088,-0.891
ESP,134,2023,34031459.33,0.295,-0.113
ESP,397,2023,54258631.89,0.579,-0.54
ESP,281,2023,178208928.81,0.797,1.521
ESP,433,2023,139558124.13,0.345,1.427
ESP,13,2023,19939935.49,0.209,-1.026
ESP,37,2023,213102171.99,0.478,1.487
ESP,60,2023,1782157383.28,0.81,1.065
ESP,34,2023,219025731.35,0.749,-0.742
ESP,53,2023,146184210.81,0.763,0.609
ESP,21,2023,40225090.06,0.862,-0.451
ESP,264,2023,7168525069.4,0.46,1.338
ESP,337,2023,199268767.0,1.059,1.373
ESP,377,2023,88343270.08,0.445,-0.55
ESP,223,2023,340460986.25,0.909,2.185
ESP,365,2023,101489481.21,0.911,-0.757
ESP,293,2023,7116557534.18,3.203,-0.569
ESP,460,2023,55997926.56,1.549,1.089
ESP,350,2023,70044383.68,0.553,-0.828
ESP,463,2023,115096695.03,1.915,0.001
ESP,66,2023,11289846.9,3.24,-1.144
ESP,304,2023,4638018.97,2.064,-0.15
ESP,248,2023,122699052.35,0.611,-1.365
ESP,313,2023,35720860.54,4.527,0.013
ESP,160,2023,53181405.05,0.606,1.047
ESP,486,2023,1283648.65,0.11,1.319
ESP,466,2023,73945094.98,0.854,0.084
ESP,282,2023,11591052.38,6.623,0.814
ESP,474,2023,169454381.71,0.664,-0.043
ESP,361,2023,19281492.63,0.737,-0.563
ESP,172,2023,25635663.76,2.884,-1.292
ESP,490,2023,234821705.49,27.813,-0.222
ESP,482,2023,865308776.95,0.837,-0.184
ESP,156,2023,16652011.35,1.161,0.237
ESP,125,2023,23198972.94,1.99,0.362
ESP,219,2023,18032512.25,2.594,1.789
ESP,392,2023,57357044.26,1.585,1.346
ESP,190,2023,63539324.31,1.995,0.532
ESP,80,2023,2039683213.1,2.238,1.145
ESP,470,2023,80558247.59,1.319,0.598
ESP,405,2023,394758460.54,0.235,-0.825
ESP,111,2023,29268192.56,1.71,0.376
ESP,448,2023,7315071.89,1.096,-0.376
ESP,370,2023,20041970.2,3.359,1.63
ESP,429,2023,15092422.96,0.87,0.439
ESP,270,2023,918718820.29,3.35,0.456
ESP,217,2023,434501311.4,0.318,0.566
TUR,383,1995,385580038.93,0.767,-0.567
TUR,11,1995,214003634.19,0.703,-1.025
TUR,431,1995,28259077.22,6.295,0.827
TUR,35,1995,39061663.77,0.884,-0.326
TUR,373,1995,268992277.63,0.125,1.203
TUR,126,1995,252527100.49,1.082,-0.318
TUR,184,1995,16119943.12,0.16,2.363
TUR,405,1995,288691791.3,0.231,0.353
TUR,327,1995,28362650.93,1.386,-0.499
TUR,225,1995,10639409.14,3.665,-0.303
TUR,402,1995,97256824.72,0.426,-2.527
TUR,147,1995,13962863.66,2.051,1.788
TUR,249,1995,48809853.53,1.436,0.09
TUR,377,1995,28818592.89,1.25,0.249
TUR,6,1995,25860296.92,1.286,-1.197
TUR,131,1995,35977241.7,0.454,1.724
TUR,30,1995,571719529.97,2.367,2.15
TUR,164,1995,91259345.82,1.282,-1.796
TUR,157,1995,52580654.87,0.465,2.066
TUR,190,1995,42178561.26,0.294,-0.274
TUR,62,1995,45190581.61,3.739,-0.154
TUR,83,1995,1219008118.75,2.235,2.306
TUR,248,1995,253392707.86,2.576,0.088
TUR,478,1995,369628611.12,0.635,-0.469
TUR,300,1995,179222929.35,1.465,1.091
TUR,221,1995,181632084.4,0.324,-0.516
TUR,231,1995,136537302.11,0.434,1.421
TUR,459,1995,247442538.53,2.104,0.477
TUR,346,1995,104701571.09,0.253,-0.673
TUR,36,1995,102831632.31,0.247,-0.056
TUR,219,1995,193937809.53,2.708,-1.87
TUR,91,1995,85926454.99,1.886,-0.05
TUR,49,1995,890287.66,1.036,-0.292
TUR,321,1995,18986680.27,0.186,-1.307
TUR,325,1995,570965432.06,1.178,0.346
TUR,356,1995,35773441.79,0.328,0.444
TUR,181,1995,23546709.5,1.793,-1.063
TUR,460,1995,275329684.49,2.202,-0.253
TUR,264,1995,768082363.58,0.173,-0.568
TUR,382,1995,22566189.06,1.606,-0.832
TUR,209,1995,29829855.27,11.16,-1.409
TUR,475,1995,11912852.28,0.751,-0.171
TUR,250,1995,5050849667.09,1.433,0.889
TUR,292,1995,16945591.4,2.237,-1.478
TUR,329,1995,25118141.93,1.002,-0.066
TUR,309,1995,15952744.87,8.601,0.284
TUR,73,1995,37016317.11,4.571,-1.23
TUR,4,1995,3466091.07,2.354,-0.894
TUR,391,1995,1026856727.66,0.536,0.882
TUR,323,1995,30340116.14,0.547,-0.555
TUR,245,1995,290056396.28,3.637,-0.141
TUR,427,1995,148017445.32,0.619,-0.291
TUR,143,1995,134354515.62,0.749,-1.694
TUR,102,1995,38879314.77,2.392,0.486
TUR,307,1995,44793823.91,0.406,1.141
TUR,374,1995,11572341.51,0.831,-0.409
TUR,408,1995,679835835.59,0.698,-0.158
TUR,140,1995,95284237.58,2.714,-1.744
TUR,420,1995,40470935.44,0.634,0.963
TUR,317,1995,22213252.13,1.259,0.776
TUR,365,2005,110730674.49,1.098,-0.129
TUR,372,2005,99331454.42,0.266,-0.385
TUR,163,2005,81567272.76,0.196,0.772
TUR,337,2005,5187243.78,0.28,-0.944
TUR,456,2005,1194838152.56,1.444,-0.473
TUR,156,2005,73132521.81,0.112,1.473
TUR,305,2005,2368611.27,0.46,0.315
TUR,413,2005,126085177.07,0.073,0.356
TUR,258,2005,5656050.56,1.269,0.168
TUR,212,2005,471587332.33,2.148,-0.972
TUR,207,2005,6479648.84,0.296,1.434
TUR,119,2005,19403199.7,2.266,-0.815
TUR,171,2005,3856122.25,2.914,0.454
TUR,176,2005,3317814.31,2.331,-1.159
TUR,59,2005,16956850.49,2.302,0.5
TUR,397,2005,925436.14,3.222,-1.339
TUR,158,2005,32777797.08,2.883,-1.02
TUR,428,2005,33779041.26,1.207,1.164
TUR,128,2005,15876396.73,1.552,-1.837
TUR,127,2005,5080064.44,4.487,-1.26
TUR,371,2005,87515467.42,5.086,0.912
TUR,46,2005,410281767.99,0.488,0.186
TUR,193,2005,5506857.88,0.241,1.182
TUR,45,2005,1949021.94,1.499,-0.155
TUR,154,2005,179863490.61,1.66,1.168
TUR,181,2005,89026381.51,5.595,1.088
TUR,159,2005,222338193.54,0.444,0.446
TUR,420,2005,131827855.31,1.297,-0.798
TUR,301,2005,48332172.72,0.246,1.108
TUR,160,2005,57663713.77,0.768,-0.366
TUR,114,2005,9925477.16,3.713,-1.123
TUR,382,2005,378878949.21,2.364,0.554
TUR,238,2005,4095317.41,0.72,0.939
TUR,328,2005,226350159.85,0.407,0.495
TUR,248,2005,3453268.14,1.061,-1.597
TUR,225,2005,495163575.42,0.397,-0.107
TUR,446,2005,20006896.04,2.13,-0.976
TUR,62,2005,84700079.34,1.008,1.919
TUR,407,2005,30161746.22,0.521,0.325
TUR,450,2005,127187868.24,0.653,0.533
TUR,233,2005,24736730.89,13.669,-0.656
TUR,113,2005,12272462.15,0.803,0.206
TUR,209,2005,69502414.89,0.611,-1.225
TUR,43,2005,11182895.6,1.252,-1.244
TUR,97,2005,59101045.27,1.216,-1.295
TUR,42,2005,59217507.0,0.883,-2.118
TUR,401,2005,8036006.16,0.114,0.618
TUR,359,2005,7777032.96,0.239,0.258
TUR,143,2005,1703177.11,5.399,-0.143
TUR,452,2005,78821243.78,3.166,-2.108
TUR,169,2005,9833719.11,0.412,-0.175
TUR,490,2005,591958337.99,4.341,-0.104
TUR,374,2005,231757544.95,0.598,-1.45
TUR,437,2005,562764178.57,0.515,-0.616
TUR,188,2005,38198527.62,1.973,0.216
TUR,190,2005,21188170.16,0.362,-1.676
TUR,72,2005,1567723.4,2.015,1.527
TUR,307,2005,80016771.25,3.01,0.105
TUR,288,2005,1290372590.59,2.228,-1.547
TUR,278,2005,126837752.92,0.939,1.065
TUR,175,2015,1627272364.95,3.016,1.761
TUR,90,2015,51290270.12,5.428,-1.437
TUR,170,2015,67293508.05,0.908,-0.311
TUR,378,2015,923795660.93,2.054,1.048
TUR,391,2015,3725099.08,0.075,0.435
TUR,37,2015,312571334.65,2.083,1.832
TUR,335,2015,1476652.29,0.951,-1.093
TUR,117,2015,2895885.91,0.858,0.356
TUR,15,2015,1450304245.16,0.551,0.291
TUR,85,2015,31510517.38,3.12,1.468
TUR,48,2015,10444265.35,1.368,-0.162
TUR,458,2015,90305957.59,2.373,-2.504
TUR,177,2015,15410414.44,0.922,-0.155
TUR,208,2015,38455151.5,1.416,1.536
TUR,374,2015,18947008.68,1.827,0.66
TUR,309,2015,100601455.13,1.688,-0.325
TUR,462,2015,37808657.32,0.499,-1.221
TUR,237,2015,953469419.86,1.975,-0.884
TUR,225,2015,38039537.15,0.576,-0.739
TUR,73,2015,379990510.77,2.152,0.742
TUR,192,2015,145127946.19,3.889,0.715
TUR,203,2015,1098442.67,0.24,-0.54
TUR,102,2015,1952968.58,0.461,-0.247
TUR,439,2015,32311256.97,3.651,0.624
TUR,16,2015,2730969463.39,0.326,-0.73
TUR,186,2015,10563527.92,5.948,-0.778
TUR,487,2015,143324086.13,2.196,0.357
TUR,115,2015,198558757.76,1.928,-0.495
TUR,17,2015,24451559.83,0.128,-1.276
TUR,250,2015,1233437.57,13.193,1.763
TUR,188,2015,11228815.24,0.933,-1.553
TUR,43,2015,37935138.09,1.797,1.504
TUR,114,2015,129867134.74,1.367,0.312
TUR,158,2015,7023858.12,0.763,-1.139
TUR,353,2015,18570062.22,0.297,-0.269
TUR,486,2015,53503708.22,0.235,1.836
TUR,98,2015,28443098.01,0.163,-0.376
TUR,28,2015,390603.74,0.221,0.055
TUR,450,2015,100049845.79,1.311,0.45
TUR,269,2015,25446714.83,0.368,-0.899
TUR,189,2015,344606660.68,1.067,0.339
TUR,463,2015,4354099.82,1.189,-0.875
TUR,470,2015,19367424.91,1.494,2.141
TUR,364,2015,3199881.03,0.643,-0.018
TUR,49,2015,72759058.41,5.034,-1.496
TUR,110,2015,7321380.57,6.409,0.876
TUR,123,2015,104408571.61,1.343,-1.89
TUR,254,2015,2675971.69,1.311,-1.279
TUR,84,2015,57450129.47,0.888,0.016
TUR,267,2015,956806.93,1.61,1.566
TUR,72,2015,13098969.9,0.843,0.368
TUR,429,2015,131128681.02,1.186,1.107
TUR,178,2015,81213007.72,0.331,-0.446
TUR,35,2015,225541645.08,0.23,-1.026
TUR,252,2015,17823911.42,0.667,0.209
TUR,245,2015,368740469.9,1.42,-1.303
TUR,251,2015,11465581.42,1.218,-0.091
TUR,256,2015,28249841.84,1.758,0.415
TUR,70,2015,3102913.77,1.327,0.398
TUR,36,2015,74875463.78,0.811,0.851
TUR,285,2023,76681176.27,2.369,0.306
TUR,84,2023,122030730.92,0.37,0.397
TUR,150,2023,878496369.96,1.047,0.128
TUR,24,2023,48408346.34,0.494,0.48
TUR,281,2023,39579374.18,0.676,1.056
TUR,483,2023,2440780923.25,0.535,0.171
TUR,113,2023,7378184.28,1.157,-0.692
TUR,488,2023,125156624.54,1.322,0.191
TUR,305,2023,30191631.31,0.278,-0.73
TUR,388,2023,3924224.4,4.918,-0.472
TUR,23,2023,28344939.46,2.569,-0.666
TUR,456,2023,72366498.8,11.589,-0.742
TUR,96,2023,48467461.78,9.959,-0.688
TUR,264,2023,20501009.94,0.987,0.249
TUR,267,2023,24123463.89,1.002,0.514
TUR,82,2023,12862465.69,0.209,1.11
TUR,365,2023,291569571.76,0.679,-0.572
TUR,125,2023,192257928.37,0.665,0.953
TUR,371,2023,636094035.25,6.705,-1.15
TUR,250,2023,38621933.51,0.698,1.059
TUR,459,2023,340551590.7,1.776,-0.105
TUR,67,2023,7851079.44,7.813,-0.186
TUR,209,2023,1158299.6,7.576,-1.434
TUR,66,2023,50640063.69,0.398,0.142
TUR,152,2023,8021730.83,3.228,-0.14
TUR,318,2023,85365894.83,2.221,-0.385
TUR,6,2023,86832985.04,1.224,1.969
TUR,91,2023,52575637.56,0.168,-0.728
TUR,184,2023,1525093.28,0.703,0.627
TUR,438,2023,248227836.42,1.713,1.138
TUR,482,2023,98031563.74,0.912,-0.592
TUR,380,2023,495339774.34,1.362,-0.299
TUR,218,2023,160625700.45,0.799,0.83
TUR,225,2023,402036194.31,0.16,-0.397
TUR,104,2023,103145294.89,1.514,-1.757
TUR,342,2023,24244586.75,1.35,-0.579
TUR,453,2023,103316142.19,0.885,-0.316
TUR,25,2023,28445933.67,0.311,0.871
TUR,377,2023,1975142.44,0.567,0.877
TUR,312,2023,18143468.47,3.008,-0.76
TUR,255,2023,37338526.56,0.746,-0.93
TUR,194,2023,6107544.42,9.639,0.209
TUR,294,2023,7626842.78,0.643,-0.186
TUR,356,2023,264614325.56,0.067,-0.026
TUR,448,2023,59765371.45,0.978,1.319
TUR,254,2023,73833168.56,0.505,-0.376
TUR,166,2023,996734890.97,0.4,-0.336
TUR,425,2023,152268051.31,0.404,-1.576
TUR,477,2023,93419294.48,0.421,-1.864
TUR,92,2023,251355055.52,1.588,-0.28
TUR,463,2023,2469133.54,1.287,-0.375
TUR,120,2023,8079217.0,0.471,1.917
TUR,366,2023,7853263.81,1.635,0.169
TUR,16,2023,3115990.95,1.789,-0.407
TUR,413,2023,249429240.3,5.611,-0.511
TUR,224,2023,36917318.31,0.329,0.487
TUR,328,2023,134092794.01,1.157,1.16
TUR,162,2023,3359694.79,0.979,-0.273
TUR,237,2023,43244853.48,0.535,-1.054
TUR,405,2023,90683815.27,3.15,0.157
SAU,84,1995,514259967.25,1.963,-1.082
SAU,225,1995,154501835.91,0.857,0.299
SAU,129,1995,102562537.81,7.57,0.617
SAU,383,1995,111777708.01,0.888,-0.011
SAU,453,1995,3106477.22,3.614,2.212
SAU,59,1995,499359.21,2.005,-1.84
SAU,434,1995,15372271.83,0.62,0.513
SAU,176,1995,3715012397.78,4.006,-0.523
SAU,346,1995,133852178.54,1.008,0.248
SAU,103,1995,319153141.64,1.548,0.764
SAU,80,1995,70518497.3,0.495,-0.942
SAU,237,1995,64567413.38,1.135,1.252
SAU,186,1995,2335392.23,1.599,-0.396
SAU,108,1995,659331030.59,5.152,-0.093
SAU,292,1995,12076146.98,5.459,0.203
SAU,370,1995,23854389.68,3.234,0.772
SAU,193,1995,5658633.63,0.289,-1.023
SAU,463,1995,38685811.1,0.529,-0.731
SAU,190,1995,1254364558.45,1.13,1.282
SAU,404,1995,31954789.62,0.683,0.105
SAU,192,1995,4213967.57,0.606,0.614
SAU,486,1995,418468464.31,0.128,-0.798
SAU,143,1995,1161621.11,0.354,0.143
SAU,273,1995,8785948.7,1.974,0.571
SAU,178,1995,6491012.76,0.596,-0.547
SAU,195,1995,132271440.25,1.97,-1.719
SAU,231,1995,6463614.36,1.096,2.528
SAU,282,1995,744690.9,1.149,0.019
SAU,55,1995,47157540.26,0.878,-0.286
SAU,333,1995,253915480.88,0.741,-0.669
SAU,77,1995,23338479.28,0.189,0.734
SAU,272,1995,80862682.43,1.953,-0.558
SAU,217,1995,83493411.67,1.197,-2.133
SAU,23,1995,13850473.16,5.872,-0.163
SAU,285,1995,9541556.07,1.938,0.527
SAU,172,1995,30904077.7,0.722,0.005
SAU,206,1995,140436142.02,0.55,1.332
SAU,343,1995,95509315.09,0.26,-0.754
SAU,182,1995,4040057.96,0.754,-0.738
SAU,440,1995,3359603.39,1.238,-1.024
SAU,205,1995,27770413.9,0.346,-1.121
SAU,248,1995,50963401.12,1.306,1.19
SAU,256,1995,126436276.75,0.184,-0.657
SAU,76,1995,154841462.93,0.293,-0.944
SAU,144,1995,68589619.84,2.226,0.443
SAU,139,1995,654158318.56,0.632,0.101
SAU,215,1995,8143490.57,2.289,0.359
SAU,12,1995,59016979.99,1.762,-2.273
SAU,62,1995,56075699.7,1.797,2.332
SAU,474,1995,39904845.52,1.121,0.562
SAU,56,1995,103974105.25,1.113,-0.882
SAU,377,1995,560245609.04,0.37,0.511
SAU,431,1995,102130594.64,1.859,-0.965
SAU,428,1995,49343603.89,0.765,1.143
SAU,70,1995,257544741.5,0.741,-0.055
SAU,21,1995,2916300164.62,0.473,1.061
SAU,287,1995,911333639.32,0.183,-1.492
SAU,317,1995,272168458.48,1.703,0.895
SAU,30,1995,26318893.62,0.241,-0.45
SAU,27,1995,38680937.29,1.925,-1.088
SAU,207,2005,184943292.12,0.768,1.549
SAU,154,2005,142864842.16,1.181,-0.75
SAU,15,2005,4991158.65,1.344,-0.884
SAU,290,2005,53802125.77,2.55,-0.555
SAU,43,2005,10159350.72,2.146,-0.712
SAU,47,2005,809744045.32,0.577,-0.768
SAU,303,2005,1427521130.59,1.053,0.519
SAU,481,2005,5456537.45,1.363,-0.119
SAU,18,2005,104458654.36,3.107,0.057
SAU,405,2005,3539232.17,0.906,-0.959
SAU,89,2005,2748279764.72,0.51,1.317
SAU,284,2005,2533865.15,2.673,0.788
SAU,490,2005,29657167.48,0.433,-0.636
SAU,5,2005,9803351.4,0.469,0.447
SAU,468,2005,7162169.57,0.119,-0.472
SAU,374,2005,91163026.81,1.032,-0.088
SAU,157,2005,128852581.14,8.668,-0.064
SAU,489,2005,6437480.75,0.827,1.566
SAU,141,2005,32762793.88,8.48,-1.576
SAU,256,2005,2249657.92,0.905,-0.467
SAU,6,2005,183784285.79,0.131,0.26
SAU,333,2005,43961190.42,0.532,-0.849
SAU,382,2005,13501037.18,0.335,1.805
SAU,176,2005,71640102.92,1.238,-0.516
SAU,164,2005,190202988.72,0.351,-0.928
SAU,77,2005,54538136.54,2.24,0.511
SAU,241,2005,373399675.51,1.033,2.011
SAU,292,2005,4063855.18,2.447,0.975
SAU,244,2005,3924925.81,1.136,0.661
SAU,298,2005,2813928.15,2.132,0.478
SAU,220,2005,12332280.29,0.176,-2.024
SAU,27,2005,5383984462.91,1.333,-0.346
SAU,388,2005,101254538.95,4.583,0.982
SAU,453,2005,155326064.91,0.321,-0.738
SAU,140,2005,11191063.71,0.913,0.41
SAU,452,2005,26376118.23,0.824,-0.496
SAU,263,2005,118050600.13,2.504,1.199
SAU,312,2005,69130858.4,0.817,-0.819
SAU,368,2005,2835026995.4,1.971,1.915
SAU,408,2005,84664398.96,6.407,-1.449
SAU,245,2005,27915873.01,0.694,-0.65
SAU,163,2005,42017349.33,1.378,0.566
SAU,56,2005,12369925.8,1.25,-2.411
SAU,28,2005,273382466.43,2.267,-0.774
SAU,73,2005,22980246.53,0.421,-0.338
SAU,90,2005,139135129.64,0.879,-2.0
SAU,236,2005,1447954669.77,0.447,0.166
SAU,156,2005,8202771.65,0.213,1.311
SAU,183,2005,3169375.58,0.336,1.626
SAU,66,2005,34586622.04,0.245,2.067
SAU,399,2005,890215534.75,0.159,1.303
SAU,235,2005,49441943.21,3.752,0.78
SAU,76,2005,4783942.42,1.427,-0.625
SAU,487,2005,18866839.52,0.2,0.089
SAU,203,2005,11473263.14,3.054,0.68
SAU,88,2005,72526486.85,0.469,0.244
SAU,91,2005,24120301.21,0.338,-1.859
SAU,46,2005,218716196.16,0.474,0.301
SAU,397,2005,119262367.77,5.088,0.066
SAU,305,2005,118861698.4,0.546,-1.697
SAU,178,2015,110938074.45,0.825,0.775
SAU,263,2015,41110228.75,0.515,1.318
SAU,307,2015,2632919773.2,1.874,-1.11
SAU,378,2015,22213184.3,1.091,0.84
SAU,108,2015,56440040.61,2.573,0.422
SAU,459,2015,79325360.64,6.829,0.419
SAU,337,2015,6179455.87,0.249,-1.05
SAU,134,2015,3152978.6,0.142,0.129
SAU,321,2015,56719153.74,2.335,-0.528
SAU,410,2015,9301002.08,7.264,0.804
SAU,190,2015,35370266.66,10.015,0.602
SAU,181,2015,982691.68,0.389,-2.563
SAU,299,2015,475339100.41,2.591,1.667
SAU,177,2015,2898739.76,2.298,-1.439
SAU,439,2015,6301527.76,0.544,-0.544
SAU,364,2015,5245768.96,3.113,-1.127
SAU,10,2015,51607595.34,0.613,0.536
SAU,311,2015,28902391.72,0.927,1.475
SAU,292,2015,3681039.19,0.886,2.119
SAU,303,2015,168975173.55,6.293,0.548
SAU,11,2015,18784276.01,1.105,2.193
SAU,250,2015,48816282.93,0.507,1.157
SAU,470,2015,7873231.96,1.281,-0.463
SAU,186,2015,52805726.13,6.368,3.332
SAU,129,2015,235632719.98,3.134,0.85
SAU,313,2015,26198058.17,0.602,-1.173
SAU,158,2015,7922847.17,2.546,0.558
SAU,25,2015,41450139.6,1.477,0.63
SAU,189,2015,14246951.2,0.951,-1.781
SAU,22,2015,988479601.68,0.98,1.077
SAU,33,2015,66554348.5,1.99,2.754
SAU,249,2015,46787476.57,0.449,-0.073
SAU,451,2015,399643044.87,0.693,0.283
SAU,125,2015,15606040.14,1.135,0.688
SAU,366,2015,84950698.62,0.547,0.478
SAU,164,2015,18782598.64,1.261,-0.549
SAU,329,2015,387933245.65,0.633,1.388
SAU,322,2015,118261488.51,5.666,-1.926
SAU,236,2015,46270184.97,0.193,-1.369
SAU,115,2015,19656075.18,1.353,-0.277
SAU,104,2015,70217321.72,1.986,1.625
SAU,448,2015,7783008.36,0.435,-1.9
SAU,472,2015,327161946.65,2.107,0.47
SAU,480,2015,51080198.16,0.581,-0.419
SAU,317,2015,65334411.07,0.186,-1.244
SAU,147,2015,63282071.32,1.004,-0.24
SAU,78,2015,187522851.37,6.603,0.705
SAU,95,2015,14941646.44,1.886,0.347
SAU,319,2015,73929315.75,0.59,-0.652
SAU,433,2015,141118757.63,1.186,-0.009
SAU,323,2015,7782207.39,1.075,1.092
SAU,90,2015,53460982.48,0.723,-0.827
SAU,16,2015,74532338.3,0.46,-1.91
SAU,89,2015,125145130.24,1.26,-1.148
SAU,162,2015,12281819.49,0.328,0.681
SAU,370,2015,15962996.97,0.332,-0.651
SAU,154,2015,600799463.1,1.166,0.287
SAU,477,2015,1587559932.19,1.287,0.754
SAU,417,2015,52735543.8,0.808,-1.01
SAU,217,2015,230426461.67,0.314,1.797
SAU,354,2023,120150111.62,0.213,0.7
SAU,153,2023,36325305.36,2.566,-0.667
SAU,417,2023,32738077.98,1.855,-0.654
SAU,256,2023,74633733.62,0.669,-0.565
SAU,227,2023,4245231.05,0.608,-0.15
SAU,72,2023,89550422.83,1.005,-0.305
SAU,284,2023,116390201.05,1.586,-0.218
SAU,132,2023,41889614.74,1.422,-2.259
SAU,13,2023,17206906.39,0.275,1.429
SAU,187,2023,958081486.32,1.201,0.529
SAU,306,2023,12323975.08,0.686,1.155
SAU,141,2023,1555355.41,0.764,-0.178
SAU,469,2023,43754644.64,1.345,0.91
SAU,74,2023,24988789.38,6.447,1.2
SAU,453,2023,14268634.27,0.958,2.182
SAU,409,2023,122489862.45,1.745,-0.337
SAU,291,2023,114835933.18,0.973,0.091
SAU,483,2023,54980856.04,0.342,0.628
SAU,324,2023,931876301.63,2.091,-0.873
SAU,159,2023,498742606.84,0.762,0.126
SAU,331,2023,5012963.69,1.495,-0.311
SAU,30,2023,194500984.18,1.554,1.687
SAU,468,2023,689508824.99,0.371,0.977
SAU,242,2023,111860554.57,0.478,0.131
SAU,175,2023,46877044.36,0.501,-0.737
SAU,115,2023,574881209.64,2.299,0.466
SAU,171,2023,146259430.72,1.628,1.165
SAU,10,2023,57428927.39,1.887,0.563
SAU,137,2023,868610710.9,1.472,2.046
SAU,241,2023,110026599.52,6.481,-0.469
SAU,96,2023,1562262791.4,0.391,-1.072
SAU,31,2023,8608129.81,0.655,1.363
SAU,43,2023,29900104.11,0.499,0.72
SAU,377,2023,4210290.2,0.823,2.489
SAU,16,2023,9030954.66,2.059,0.126
SAU,23,2023,33316061.08,0.885,-1.41
SAU,183,2023,310755970.57,2.237,0.525
SAU,325,2023,855705007.95,1.333,-0.895
SAU,402,2023,22891914.03,1.235,-0.34
SAU,158,2023,31569867.96,0.496,0.796
SAU,428,2023,45100124.28,0.197,0.336
SAU,123,2023,1212093689.79,2.052,0.519
SAU,128,2023,557856101.35,20.029,0.75
SAU,489,2023,9324681.99,3.06,-0.589
SAU,168,2023,14687661.92,1.136,1.288
SAU,84,2023,129011757.84,0.587,1.433
SAU,300,2023,2741717.09,4.874,-0.334
SAU,85,2023,16564636.41,0.415,0.822
SAU,309,2023,543478386.84,0.972,1.075
SAU,101,2023,53164910.57,0.642,-0.926
SAU,341,2023,67264393.13,0.297,-0.698
SAU,224,2023,71394827.22,1.715,0.169
SAU,396,2023,62422817.3,1.349,0.006
SAU,140,2023,68814482.44,1.554,0.288
SAU,180,2023,3852411.41,0.138,-0.917
SAU,280,2023,26696991.73,0.711,-0.185
SAU,28,2023,134718280.82,4.774,-0.277
SAU,211,2023,601079832.79,1.678,0.421
SAU,119,2023,66856805.56,0.513,-0.426
SAU,305,2023,291082864.01,1.113,-0.424
ARE,71,1995,140551399.46,0.347,-0.719
ARE,165,1995,21847723.98,2.869,-1.751
ARE,205,1995,12300537.65,0.881,-0.196
ARE,250,1995,4835481.08,0.51,1.123
ARE,111,1995,4621460.77,1.726,0.577
ARE,446,1995,2451808.24,0.588,-0.684
ARE,483,1995,57874943.67,0.678,0.926
ARE,431,1995,1046211451.5,0.984,-0.878
ARE,309,1995,58647423.82,1.228,-1.279
ARE,19,1995,56321014.26,0.518,-0.683
ARE,154,1995,38336111.96,17.51,-0.882
ARE,43,1995,5115680.81,1.63,-0.953
ARE,433,1995,25670120.62,3.217,-0.278
ARE,244,1995,134654958.48,0.656,0.709
ARE,336,1995,21284968.86,2.37,-1.605
ARE,141,1995,10701876.54,0.567,1.184
ARE,417,1995,5423026.91,0.339,-0.415
ARE,54,1995,69728743.53,0.78,-0.749
ARE,108,1995,49842909.55,0.227,-2.079
ARE,278,1995,5147591.43,0.214,1.3
ARE,488,1995,64910412.23,6.331,0.537
ARE,195,1995,4468982.99,0.837,-1.216
ARE,323,1995,21008807.89,0.407,0.404
ARE,143,1995,8385145.85,0.942,-0.272
ARE,468,1995,83518821.92,1.193,0.007
ARE,242,1995,841858014.41,0.654,0.382
ARE,236,1995,28007683.08,0.152,1.18
ARE,360,1995,35514639.29,2.842,0.843
ARE,88,1995,650781610.95,0.194,-0.742
ARE,102,1995,787863555.85,1.442,0.607
ARE,354,1995,9119472.69,0.264,-0.856
ARE,113,1995,234068025.39,1.919,-0.923
ARE,24,1995,49875746.64,0.446,1.283
ARE,261,1995,622102971.48,4.999,-0.037
ARE,215,1995,240997014.78,0.26,0.069
ARE,180,1995,4237790.41,2.789,0.634
ARE,80,1995,2400904.94,0.644,0.666
ARE,126,1995,3246734.16,0.104,-0.967
ARE,445,1995,2946595.66,1.786,-0.017
ARE,322,1995,1732801318.12,0.48,1.449
ARE,129,1995,173624920.37,1.381,-0.851
ARE,153,1995,47257354.5,0.908,-1.726
ARE,300,1995,355095555.21,2.687,1.15
ARE,356,1995,36727221.54,0.852,0.224
ARE,91,1995,509872382.04,1.751,-1.935
ARE,183,1995,18820068.94,0.612,1.435
ARE,98,1995,23901292.48,0.653,0.395
ARE,82,1995,21994194.77,0.431,-0.169
ARE,202,1995,3057856.52,0.48,-2.082
ARE,27,1995,281908942.62,1.26,1.315
ARE,401,1995,207873332.18,4.314,0.523
ARE,190,1995,47545167.46,0.492,0.772
ARE,352,1995,341288605.38,2.18,0.755
ARE,490,1995,60355229.26,2.115,0.328
ARE,359,1995,38777225.9,0.729,-0.818
ARE,213,1995,295846258.49,0.344,-0.06
ARE,233,1995,154799636.96,0.825,-0.95
ARE,255,1995,241345807.96,0.222,2.283
ARE,301,1995,62196517.38,0.214,0.162
ARE,290,1995,19545979.87,0.583,-0.234
ARE,43,2005,932637038.25,1.816,0.219
ARE,78,2005,7464242.15,0.354,-0.674
ARE,67,2005,66647337.8,5.326,-0.91
ARE,328,2005,8224444.87,0.135,-0.782
ARE,306,2005,15958313.3,0.985,0.254
ARE,46,2005,11305296.89,0.453,0.562
ARE,223,2005,166521554.69,1.135,-0.396
ARE,237,2005,41254141.77,0.323,-0.689
ARE,235,2005,295313009.32,5.385,1.478
ARE,261,2005,73428730.54,0.133,0.058
ARE,33,2005,2738706.09,6.287,-0.885
ARE,180,2005,29234958.67,0.497,1.338
ARE,256,2005,386093200.6,1.406,0.952
ARE,188,2005,377427734.85,0.59,2.07
ARE,404,2005,11292631.35,3.467,0.122
ARE,184,2005,378647.12,0.582,-1.003
ARE,365,2005,184834085.44,4.643,-0.977
ARE,293,2005,74398121.28,6.818,0.399
ARE,85,2005,20774510.05,3.117,0.564
ARE,260,2005,3077047733.85,0.41,-1.407
ARE,317,2005,210368646.15,2.766,-0.56
ARE,138,2005,13714768.51,0.747,0.939
ARE,251,2005,65154185.56,0.883,1.333
ARE,300,2005,82358936.96,0.794,-0.189
ARE,249,2005,3850355.45,0.802,-0.085
ARE,225,2005,22596221.28,8.82,1.4
ARE,236,2005,55291259.35,0.257,1.598
ARE,238,2005,16380860.83,2.863,1.851
ARE,13,2005,20006238.71,0.291,1.39
ARE,463,2005,43134566.55,0.986,-0.226
ARE,407,2005,24442004.27,4.906,0.706
ARE,199,2005,919430684.44,1.036,0.679
ARE,154,2005,64103075.19,1.446,-0.122
ARE,263,2005,109396050.66,0.574,1.105
ARE,462,2005,44410467.5,0.437,1.046
ARE,425,2005,50588782.12,2.108,-0.746
ARE,114,2005,11965731.79,0.194,-0.173
ARE,47,2005,71548015.04,0.223,1.898
ARE,311,2005,47931751.63,0.157,-2.278
ARE,383,2005,232930974.82,0.806,-0.547
ARE,481,2005,117604751.52,1.726,-0.719
ARE,392,2005,10456753.41,0.483,0.479
ARE,474,2005,134191596.77,2.795,-0.457
ARE,139,2005,29039781.16,0.872,-2.809
ARE,264,2005,343221248.64,1.678,0.768
ARE,79,2005,544870861.83,1.275,-0.448
ARE,70,2005,25160501.14,1.047,-0.757
ARE,153,2005,99692016.29,0.434,-1.108
ARE,58,2005,1484543371.87,0.122,1.146
ARE,37,2005,8349459.51,0.501,-0.099
ARE,165,2005,66201276.27,1.778,0.402
ARE,42,2005,8691031.31,1.114,-1.139
ARE,284,2005,108558788.39,1.382,-0.604
ARE,434,2005,278028212.51,0.277,1.3
ARE,459,2005,7384166.29,0.586,0.491
ARE,318,2005,165285087.38,2.758,-2.727
ARE,163,2005,23276845.45,0.718,-0.425
ARE,65,2005,40794623.9,2.076,0.16
ARE,28,2005,185385056.57,1.819,0.496
ARE,419,2005,55021614.08,0.496,-0.635
ARE,35,2015,122461914.8,0.549,1.098
ARE,324,2015,18773715.02,1.281,0.161
ARE,108,2015,126957552.23,8.969,0.208
ARE,45,2015,31263723.73,1.141,0.041
ARE,85,2015,7820909.18,0.458,-0.69
ARE,9,2015,19106924.21,0.15,0.977
ARE,433,2015,6692323.72,4.084,-0.125
ARE,181,2015,222759172.46,1.115,-0.191
ARE,127,2015,64056730.98,0.384,0.424
ARE,355,2015,3250797.99,0.414,-0.594
ARE,309,2015,8454958.69,11.238,0.572
ARE,159,2015,655675973.25,0.206,0.155
ARE,110,2015,151137809.63,0.233,-0.832
ARE,385,2015,57142130.25,5.179,0.112
ARE,56,2015,156483573.01,1.539,0.752
ARE,239,2015,13962957.69,0.19,1.106
ARE,135,2015,256424819.51,0.235,-0.603
ARE,256,2015,2326055890.69,5.012,0.19
ARE,408,2015,354120170.66,1.223,-0.544
ARE,33,2015,158532481.41,0.522,0.908
ARE,365,2015,1516876112.18,0.811,0.058
ARE,482,2015,1667436500.93,0.952,0.338
ARE,201,2015,64840714.27,1.347,0.571
ARE,94,2015,10532546.74,7.772,-0.376
ARE,425,2015,14779237.25,1.628,0.13
ARE,263,2015,3499587.49,1.133,-1.383
ARE,389,2015,1210118889.06,1.141,1.325
ARE,426,2015,320551738.33,1.828,-0.589
ARE,294,2015,474219041.4,5.519,0.178
ARE,445,2015,75978503.12,0.832,-0.898
ARE,322,2015,1230883875.61,2.731,1.946
ARE,311,2015,320650484.32,0.866,1.52
ARE,109,2015,56604438.35,1.032,0.647
ARE,414,2015,2569594.16,4.696,-2.98
ARE,156,2015,35625674.63,2.866,0.129
ARE,162,2015,100270912.04,0.286,0.972
ARE,96,2015,53944536.29,3.736,-2.295
ARE,128,2015,66957879.1,0.37,0.187
ARE,303,2015,11479408.35,0.318,1.422
ARE,203,2015,23092000.77,0.418,0.939
ARE,83,2015,14329377.54,0.91,0.043
ARE,476,2015,324540120.83,0.408,-0.737
ARE,88,2015,90343891.71,0.454,0.479
ARE,316,2015,62711130.79,0.662,0.273
ARE,354,2015,135160586.58,0.561,-1.287
ARE,169,2015,6752296.13,1.385,0.035
ARE,397,2015,41233123.03,1.707,-1.247
ARE,489,2015,1486533178.35,1.484,-0.216
ARE,120,2015,712040223.26,2.888,-1.154
ARE,67,2015,107087847.61,6.017,1.395
ARE,31,2015,79056318.15,1.342,0.703
ARE,28,2015,25856813.14,0.27,-0.517
ARE,282,2015,135863759.86,1.719,0.918
ARE,276,2015,40159741.36,0.772,0.467
ARE,199,2015,196752985.33,6.416,-0.386
ARE,103,2015,27713091.22,1.291,2.34
ARE,257,2015,35254704.67,1.581,-0.02
ARE,64,2015,93134486.92,13.273,0.343
ARE,54,2015,126501682.67,1.314,0.406
ARE,331,2015,28149059.83,0.595,-0.189
ARE,378,2023,275039019.86,0.802,0.956
ARE,151,2023,57532280.09,1.84,0.933
ARE,25,2023,311107.47,1.346,-0.938
ARE,333,2023,5592840.47,0.47,-0.541
ARE,138,2023,18391451.9,1.356,-0.237
ARE,183,2023,139895826.64,0.807,1.613
ARE,131,2023,157195694.05,1.706,-0.69
ARE,19,2023,56192659.21,0.395,-0.644
ARE,117,2023,546966306.7,0.393,1.509
ARE,486,2023,2383560.16,4.442,1.025
ARE,366,2023,184925974.77,1.007,0.278
ARE,97,2023,52413139.48,0.399,-2.353
ARE,35,2023,9313953.65,1.254,0.672
ARE,260,2023,42298963.09,0.109,0.413
ARE,280,2023,37671811.0,2.699,0.796
ARE,18,2023,952201237.07,2.425,1.516
ARE,92,2023,4836089.33,2.324,-0.148
ARE,435,2023,141642672.43,3.966,-0.308
ARE,215,2023,46231669.46,2.015,0.314
ARE,243,2023,4515454.97,6.917,-0.332
ARE,88,2023,20851154.17,8.96,-0.558
ARE,356,2023,1488453220.44,1.813,-0.336
ARE,456,2023,128632240.43,0.49,0.376
ARE,227,2023,115778802.98,1.151,0.27
ARE,446,2023,6527894076.55,0.295,-1.084
ARE,477,2023,146760916.31,0.528,-0.215
ARE,489,2023,313890016.69,1.016,-0.225
ARE,105,2023,27942662.43,13.201,0.126
ARE,409,2023,99015512.26,4.034,-0.991
ARE,54,2023,12249205.02,0.663,1.495
ARE,420,2023,318983077.82,2.636,0.526
ARE,434,2023,20100181.45,1.639,-1.517
ARE,470,2023,165585438.63,1.248,-0.916
ARE,484,2023,10532031.01,0.851,0.884
ARE,82,2023,67942790.68,0.697,-0.785
ARE,463,2023,76981686.57,0.746,0.373
ARE,180,2023,454703027.89,0.973,0.034
ARE,427,2023,20376776.91,0.278,0.401
ARE,421,2023,36670552.74,0.884,-0.043
ARE,207,2023,8382363.55,0.253,-1.088
ARE,469,2023,7661215.23,1.452,0.542
ARE,5,2023,21548375.77,0.371,-0.3
ARE,379,2023,35499752.1,1.289,-1.064
ARE,193,2023,315699993.76,1.529,-0.949
ARE,226,2023,15698910.68,1.816,-0.676
ARE,407,2023,26781343.19,0.032,0.518
ARE,78,2023,23244790.47,3.279,1.939
ARE,43,2023,549909395.65,0.472,1.363
ARE,476,2023,10681114.78,1.368,-1.412
ARE,325,2023,2296382021.54,2.723,-0.19
ARE,315,2023,30986649.29,1.751,1.556
ARE,304,2023,187483.39,0.124,0.888
ARE,21,2023,445275646.44,0.665,0.229
ARE,450,2023,73620250.09,1.482,-0.752
ARE,309,2023,61978111.06,2.231,-0.484
ARE,312,2023,13474657.63,2.499,-0.486
ARE,174,2023,40010198.39,0.493,0.272
ARE,76,2023,44528467.89,1.931,1.214
ARE,235,2023,15622930.01,0.354,0.225
ARE,114,2023,56379437.05,0.777,2.201
BGD,54,1995,36168100.07,0.514,0.562
BGD,146,1995,3404339.49,0.241,-1.719
BGD,187,1995,118530413.33,3.261,0.381
BGD,350,1995,60337007.2,0.942,0.055
BGD,143,1995,101135892.92,1.957,0.037
BGD,86,1995,316240695.61,0.486,-1.295
BGD,177,1995,530486540.35,0.211,0.685
BGD,233,1995,61062429.86,2.995,0.553
BGD,156,1995,8070871.1,0.822,0.123
BGD,422,1995,2975700.73,2.804,-0.015
BGD,490,1995,2538102.8,0.433,0.51
BGD,73,1995,11392218.46,1.029,1.373
BGD,429,1995,16737991.2,0.905,1.48
BGD,425,1995,40738462.48,0.167,0.498
BGD,440,1995,39864617.55,1.017,-1.901
BGD,232,1995,33739346.82,2.629,-0.823
BGD,114,1995,33138349.5,1.08,-2.098
BGD,163,1995,28238543.26,0.784,-0.253
BGD,17,1995,56212445.8,2.149,-1.059
BGD,15,1995,558284100.08,0.966,0.406
BGD,162,1995,14441257.03,0.432,1.648
BGD,77,1995,41708995.2,15.501,2.398
BGD,433,1995,91611182.8,0.871,-0.943
BGD,224,1995,41884816.87,1.192,-0.082
BGD,12,1995,108426662.7,0.629,-3.487
BGD,292,1995,811238575.5,3.428,0.071
BGD,72,1995,499439860.92,1.8,1.487
BGD,489,1995,52553037.02,0.694,-0.571
BGD,9,1995,5447241.73,1.257,-0.934
BGD,4,1995,30275924.16,1.066,-1.092
BGD,448,1995,107208585.71,1.897,-0.394
BGD,397,1995,68624750.93,0.476,2.354
BGD,263,1995,10984371.13,0.504,-1.175
BGD,419,1995,168693852.57,5.47,1.316
BGD,227,1995,3613960.81,0.593,-1.332
BGD,254,1995,54292715.99,1.146,1.148
BGD,310,1995,1706733.25,1.81,-0.627
BGD,453,1995,10384475.13,0.313,0.766
BGD,262,1995,260275728.98,0.252,0.154
BGD,484,1995,2921851.1,0.299,0.76
BGD,170,1995,315099666.15,2.256,-0.063
BGD,34,1995,128250570.53,2.708,0.407
BGD,21,1995,509921656.22,3.73,-0.438
BGD,178,1995,20356239.77,0.511,-1.52
BGD,301,1995,23753689.69,1.212,0.354
BGD,457,1995,489570106.84,0.816,-0.054
BGD,380,1995,236656283.68,2.403,-0.327
BGD,215,1995,27107053.57,3.428,0.249
BGD,22,1995,4838613.48,1.727,-0.107
BGD,236,1995,28146665.61,0.217,-1.139
BGD,268,1995,35781549.21,1.561,0.42
BGD,420,1995,35568511.85,6.924,0.645
BGD,471,1995,50736337.38,8.125,1.513
BGD,444,1995,51284743.14,0.776,-0.201
BGD,133,1995,52588930.14,1.792,0.48
BGD,28,1995,282860757.77,0.291,-0.21
BGD,102,1995,178098287.19,1.03,1.159
BGD,137,1995,13701769.19,1.586,0.747
BGD,384,1995,16962477.06,3.28,0.366
BGD,48,1995,5502363.56,1.031,0.412
BGD,475,2005,44599816.59,0.876,0.863
BGD,221,2005,245116541.61,0.476,-0.204
BGD,281,2005,87355336.68,0.941,0.543
BGD,213,2005,742336804.32,0.716,-0.684
BGD,398,2005,15566036.16,1.768,1.324
BGD,457,2005,5867212.19,5.777,-0.184
BGD,235,2005,6976882.77,0.424,-0.946
BGD,254,2005,67049112.88,1.341,0.111
BGD,111,2005,1923433.45,0.31,2.575
BGD,358,2005,20475480.37,1.044,-0.707
BGD,444,2005,569252810.9,7.99,0.091
BGD,31,2005,133563718.98,1.044,0.033
BGD,441,2005,1083925.6,0.638,0.504
BGD,46,2005,782967577.6,4.133,1.289
BGD,350,2005,31479649.07,0.214,0.665
BGD,27,2005,23917307.51,1.473,-0.814
BGD,194,2005,19519338.09,0.128,1.441
BGD,287,2005,408649547.36,0.206,0.776
BGD,193,2005,38706559.62,4.472,1.872
BGD,188,2005,12396054.47,0.434,-0.338
BGD,39,2005,54409911.84,0.715,0.256
BGD,260,2005,72770114.47,1.023,0.209
BGD,201,2005,2970368689.57,1.253,-0.586
BGD,209,2005,667253660.0,0.329,-0.271
BGD,107,2005,3237739209.33,2.334,-0.684
BGD,145,2005,1356600.6,0.46,0.921
BGD,251,2005,19712167.27,2.878,-0.656
BGD,105,2005,8834943.62,0.287,-0.856
BGD,96,2005,341183115.44,0.66,0.882
BGD,226,2005,84561422.34,1.486,-0.213
BGD,156,2005,175665493.99,0.547,0.133
BGD,146,2005,103178560.73,7.151,-0.27
BGD,117,2005,9870533.73,0.323,0.074
BGD,4,2005,4876512.03,0.771,1.242
BGD,466,2005,646465117.55,0.219,-0.814
BGD,79,2005,37267814.83,2.387,-0.972
BGD,288,2005,113344753.05,1.166,-2.498
BGD,356,2005,30716095.17,2.79,0.236
BGD,325,2005,44455094.53,5.206,-1.37
BGD,82,2005,539468393.5,2.774,1.082
BGD,144,2005,35057003.23,0.389,0.044
BGD,237,2005,1461113953.01,0.886,-0.856
BGD,133,2005,14427902.85,0.591,-1.077
BGD,365,2005,103889676.01,0.755,-0.503
BGD,391,2005,3536427.26,0.785,-2.556
BGD,171,2005,83044923.13,1.192,-2.124
BGD,384,2005,76353075.13,0.412,0.772
BGD,470,2005,8110900.1,0.797,-1.012
BGD,463,2005,15362845.41,1.215,1.539
BGD,35,2005,129607150.88,0.745,0.487
BGD,5,2005,766107.54,0.19,1.705
BGD,9,2005,10661209.32,0.218,0.779
BGD,374,2005,181430805.86,1.895,0.127
BGD,420,2005,105109710.81,1.731,-2.324
BGD,416,2005,49064413.5,0.384,-0.84
BGD,278,2005,2198951.61,0.454,-0.196
BGD,480,2005,173896372.81,2.131,-1.251
BGD,206,2005,295061490.62,0.725,0.681
BGD,224,2005,74617239.01,1.503,-0.048
BGD,220,2005,87473190.9,1.19,-1.175
BGD,452,2015,26642651.69,0.772,-0.108
BGD,413,2015,5443172.44,0.23,0.015
BGD,236,2015,14093553.2,0.614,0.585
BGD,6,2015,107215416.27,0.385,0.941
BGD,123,2015,8453071.0,3.26,-1.904
BGD,419,2015,44889332.41,1.59,1.943
BGD,153,2015,2298775858.89,1.726,-0.62
BGD,388,2015,127720313.13,0.295,-0.93
BGD,480,2015,772894987.43,0.197,0.604
BGD,12,2015,387960716.23,1.56,0.965
BGD,331,2015,4054866.52,1.494,-0.942
BGD,301,2015,38700646.72,0.506,1.333
BGD,293,2015,21877726.86,1.262,-0.378
BGD,336,2015,46024107.99,1.885,-1.701
BGD,305,2015,116321919.73,3.111,0.61
BGD,284,2015,57788391.44,0.266,0.022
BGD,86,2015,1328074931.57,1.504,-0.24
BGD,450,2015,1535528.78,0.78,-1.151
BGD,434,2015,47443107.82,1.155,0.356
BGD,373,2015,37827993.36,0.112,-1.233
BGD,329,2015,13023864.2,1.507,-0.699
BGD,404,2015,330199413.38,0.926,0.425
BGD,178,2015,70637150.69,0.121,1.215
BGD,438,2015,48842488.97,0.512,-0.079
BGD,324,2015,2719092.5,0.849,1.196
BGD,29,2015,12668924.46,0.208,0.061
BGD,464,2015,109208752.98,0.745,0.891
BGD,13,2015,20746716.16,2.865,1.733
BGD,152,2015,32536149.95,0.539,0.3
BGD,241,2015,270195786.45,0.357,-0.691
BGD,255,2015,3986504.61,1.101,1.076
BGD,415,2015,32208019.71,1.393,1.208
BGD,242,2015,505344934.11,0.459,-1.284
BGD,168,2015,1276281.47,0.169,-0.243
BGD,213,2015,36249749.05,1.875,-0.342
BGD,199,2015,8735066.8,3.58,0.042
BGD,252,2015,44027770.82,0.824,0.716
BGD,340,2015,280991262.4,0.763,-0.596
BGD,18,2015,74941864.53,0.621,0.125
BGD,427,2015,10465963.15,1.529,-0.046
BGD,224,2015,130271405.4,0.938,0.902
BGD,42,2015,160283853.98,40.728,0.647
BGD,432,2015,17243756.03,3.334,0.279
BGD,223,2015,108331950.01,1.441,-1.027
BGD,237,2015,85746413.89,0.056,-1.072
BGD,115,2015,33606923.43,0.789,0.177
BGD,297,2015,10849640.19,1.104,-0.883
BGD,146,2015,11352493.2,0.833,0.136
BGD,379,2015,53642242.22,0.623,-1.342
BGD,460,2015,324521068.1,0.654,-0.93
BGD,439,2015,83592063.97,0.459,-1.446
BGD,263,2015,2555204.58,1.023,0.52
BGD,411,2015,348574695.93,0.28,-0.125
BGD,361,2015,64362753.94,1.846,2.454
BGD,409,2015,42042894.77,2.832,0.354
BGD,175,2015,12979510.66,0.778,-1.148
BGD,274,2015,107819106.2,4.665,0.27
BGD,30,2015,13661024.26,0.61,1.322
BGD,435,2015,369096504.15,0.347,-0.885
BGD,444,2015,10067724.81,0.878,-1.464
BGD,214,2023,23695534.59,0.52,-0.577
BGD,321,2023,5491647.91,1.09,0.689
BGD,241,2023,844971373.71,0.19,1.499
BGD,305,2023,1537305098.62,0.348,0.715
BGD,336,2023,285315921.94,0.581,-1.091
BGD,426,2023,1547984.05,0.218,0.193
BGD,378,2023,171614143.85,0.398,-0.514
BGD,48,2023,7953223.91,0.402,-1.421
BGD,109,2023,7580507.56,1.291,-0.979
BGD,397,2023,3417428.06,1.706,0.429
BGD,354,2023,158590378.34,0.637,-1.122
BGD,337,2023,83901805.35,0.274,0.376
BGD,322,2023,6448080.55,6.049,0.632
BGD,49,2023,392021.93,0.388,0.955
BGD,196,2023,2860363.22,1.144,0.983
BGD,249,2023,327212219.5,1.157,-0.839
BGD,288,2023,52005256.73,0.509,1.356
BGD,86,2023,45851168.14,0.46,-0.843
BGD,72,2023,9161385.09,3.793,-1.178
BGD,398,2023,15874730.49,1.223,0.34
BGD,226,2023,197650208.45,0.236,0.451
BGD,468,2023,15681790.71,2.684,-1.425
BGD,127,2023,113967929.49,1.78,-0.876
BGD,189,2023,11682282.62,1.239,-1.217
BGD,28,2023,18890165.92,1.44,-0.783
BGD,113,2023,9139759.25,0.188,-0.335
BGD,396,2023,144355169.67,1.024,-1.183
BGD,474,2023,64364262.63,2.359,-2.618
BGD,221,2023,110496479.22,0.297,-1.387
BGD,213,2023,61979368.34,3.897,0.612
BGD,290,2023,20675539.67,0.278,0.997
BGD,35,2023,3177852541.04,4.668,-0.223
BGD,300,2023,65977057.55,0.586,-1.028
BGD,355,2023,20300539.68,0.176,1.958
BGD,262,2023,37211245.39,11.904,-0.63
BGD,220,2023,26034209.89,0.951,-0.961
BGD,29,2023,175040861.3,0.279,1.39
BGD,96,2023,19426984.37,0.558,1.668
BGD,215,2023,1915072.81,0.732,-0.601
BGD,194,2023,31438639.67,1.713,-0.307
BGD,487,2023,219177200.69,0.337,-0.201
BGD,358,2023,5589005.43,1.169,-0.446
BGD,180,2023,48521911.37,0.05,-0.148
BGD,456,2023,80046031.56,0.348,1.574
BGD,238,2023,553763617.0,1.128,-0.333
BGD,116,2023,3204606.95,2.279,0.049
BGD,362,2023,10804472.32,0.67,-0.322
BGD,158,2023,132681848.79,2.485,-1.389
BGD,483,2023,252469917.93,0.839,0.889
BGD,263,2023,73154620.7,1.239,-0.796
BGD,71,2023,41031836.27,0.965,0.721
BGD,56,2023,37007794.4,3.925,0.279
BGD,24,2023,145093538.03,0.847,1.066
BGD,119,2023,7070788.01,0.556,-0.453
BGD,10,2023,31436358.33,1.584,0.681
BGD,181,2023,30122301.25,3.424,-0.925
BGD,27,2023,48809062.3,6.323,1.131
BGD,154,2023,20228155.53,0.998,0.687
BGD,459,2023,204714.37,0.18,-0.163
BGD,141,2023,143580467.79,3.115,0.537
PAK,137,1995,327892329.02,2.224,0.181
PAK,423,1995,17680200.29,2.713,1.303
PAK,353,1995,355805827.53,5.689,0.733
PAK,299,1995,205931156.88,0.169,-0.607
PAK,386,1995,77931607.75,3.508,-1.398
PAK,91,1995,2661885.81,0.719,1.332
PAK,416,1995,199940163.08,0.768,0.558
PAK,354,1995,24416119.04,0.169,0.915
PAK,454,1995,5419278.45,0.831,-0.436
PAK,65,1995,1014661798.03,4.14,0.57
PAK,360,1995,27687544.47,0.999,-2.363
PAK,196,1995,52931500.28,0.386,0.152
PAK,184,1995,2533147.56,1.904,-0.124
PAK,361,1995,46962441.58,6.184,0.166
PAK,86,1995,85422638.15,0.12,-0.646
PAK,16,1995,26351332.77,0.435,-0.214
PAK,398,1995,724382037.32,0.259,-0.39
PAK,372,1995,90282650.85,0.916,0.113
PAK,165,1995,88804081.66,0.443,0.56
PAK,82,1995,23892325.11,0.776,-0.931
PAK,324,1995,5325002.48,1.458,0.498
PAK,465,1995,6125428.51,1.71,-0.159
PAK,254,1995,7372175.93,0.949,0.58
PAK,245,1995,3772753.12,1.231,-0.012
PAK,183,1995,82419706.42,0.585,2.12
PAK,415,1995,22702014.64,0.394,0.488
PAK,371,1995,9629655.95,2.852,-0.068
PAK,435,1995,62548982.77,0.093,0.339
PAK,428,1995,104826327.15,1.016,1.837
PAK,68,1995,41439992.16,0.318,-0.105
PAK,104,1995,2610282.25,1.836,-0.739
PAK,307,1995,136366906.86,1.419,-0.946
PAK,347,1995,460474164.69,0.711,-0.575
PAK,194,1995,606478.39,0.67,1.894
PAK,278,1995,33512250.06,1.152,1.653
PAK,180,1995,74073807.59,1.078,0.543
PAK,385,1995,6952051.35,1.257,-0.458
PAK,239,1995,68428285.28,1.848,-0.329
PAK,174,1995,870129669.16,0.303,-0.15
PAK,74,1995,69815105.63,4.086,1.026
PAK,352,1995,1116831573.03,1.201,-0.75
PAK,260,1995,154598234.46,2.019,-0.648
PAK,377,1995,29615468.61,0.59,-0.26
PAK,76,1995,8640384.17,0.535,1.347
PAK,417,1995,206355626.01,0.141,-0.876
PAK,17,1995,210139453.09,0.807,1.004
PAK,243,1995,123830799.61,22.877,-1.12
PAK,176,1995,151337082.81,0.497,0.635
PAK,309,1995,123764423.98,1.447,0.788
PAK,286,1995,18497570.0,0.765,0.739
PAK,31,1995,2201088.58,0.685,-1.173
PAK,73,1995,8031554.13,3.85,-1.169
PAK,131,1995,1751820538.47,0.396,0.026
PAK,310,1995,34534122.12,0.162,0.636
PAK,425,1995,43140859.21,3.729,1.49
PAK,154,1995,173464439.58,3.124,-0.722
PAK,315,1995,198444344.09,3.961,-1.306
PAK,34,1995,35594051.76,1.346,-1.568
PAK,152,1995,1358687.01,2.611,0.109
PAK,175,1995,104558201.17,3.507,0.76
PAK,178,2005,94136142.03,0.255,0.322
PAK,398,2005,4792401.18,0.375,-0.52
PAK,350,2005,105820.05,0.556,0.265
PAK,19,2005,119229258.1,4.807,-0.995
PAK,58,2005,27395570.83,3.753,-0.43
PAK,376,2005,11059943.85,0.96,0.235
PAK,131,2005,9210253.32,0.911,1.437
PAK,434,2005,127118244.26,0.876,0.569
PAK,347,2005,5870910.3,1.701,-0.106
PAK,397,2005,697614404.52,10.906,-0.443
PAK,366,2005,19456852.36,1.099,-0.346
PAK,92,2005,68407089.69,0.677,-0.856
PAK,166,2005,2600166324.76,1.328,-1.411
PAK,238,2005,211148914.08,0.586,-0.182
PAK,82,2005,16358428.5,0.18,0.491
PAK,458,2005,16152603.28,3.719,-0.958
PAK,378,2005,13040105.6,0.953,-0.364
PAK,465,2005,23851259.38,3.761,0.965
PAK,315,2005,8699062.39,1.01,-0.503
PAK,28,2005,46367701.1,1.844,0.765
PAK,291,2005,44132461.41,0.45,-2.386
PAK,360,2005,19643592.14,7.675,-0.536
PAK,41,2005,4012881.72,7.373,0.53
PAK,168,2005,17794872.21,0.697,1.421
PAK,472,2005,218946159.28,10.983,-0.095
PAK,202,2005,552274033.77,0.734,0.281
PAK,359,2005,401004584.12,0.337,-0.035
PAK,469,2005,21676789.79,4.198,-0.026
PAK,104,2005,20889320.77,1.138,-0.606
PAK,384,2005,161116007.69,2.136,-0.896
PAK,395,2005,215639830.39,1.893,0.463
PAK,284,2005,404877543.27,2.391,0.891
PAK,139,2005,2185705.27,0.073,0.064
PAK,128,2005,25060880.66,5.17,2.1
PAK,297,2005,270187897.9,0.63,0.48
PAK,45,2005,245020073.83,0.799,-0.2
PAK,91,2005,15756677.16,1.3,0.803
PAK,177,2005,48906975.84,5.115,-1.024
PAK,243,2005,29193707.89,0.469,-0.394
PAK,481,2005,44200575.53,0.382,-0.768
PAK,307,2005,619125427.32,3.438,0.265
PAK,121,2005,61458183.44,1.135,2.103
PAK,84,2005,101262668.93,1.158,0.295
PAK,7,2005,2943826.36,3.68,0.486
PAK,97,2005,43115430.28,3.723,-0.173
PAK,76,2005,5791797.42,3.281,1.132
PAK,482,2005,52815525.56,0.602,-0.184
PAK,108,2005,5845350.71,0.279,0.281
PAK,42,2005,74547607.4,6.751,-0.975
PAK,176,2005,27447009.62,0.9,1.371
PAK,423,2005,18864705.3,0.729,-0.516
PAK,452,2005,211297287.53,0.378,-1.29
PAK,203,2005,1286548992.84,1.592,-1.387
PAK,25,2005,31680263.14,0.092,-1.502
PAK,190,2005,75794877.29,0.251,-0.189
PAK,470,2005,6066189.01,1.071,-0.651
PAK,4,2005,26431926.11,0.425,0.726
PAK,409,2005,1689485305.48,1.081,1.046
PAK,220,2005,123313636.99,0.989,-0.18
PAK,188,2005,10473170.95,0.977,0.088
PAK,211,2015,58902364.54,0.516,1.123
PAK,361,2015,73426449.74,0.464,0.772
PAK,446,2015,1027393456.12,0.676,0.961
PAK,358,2015,20603950.21,1.309,-0.765
PAK,131,2015,36137677.1,0.119,-0.314
PAK,426,2015,4844826.81,0.37,-0.967
PAK,249,2015,9905950.48,1.882,-0.976
PAK,396,2015,28408990.05,0.234,-2.235
PAK,254,2015,701984934.77,0.156,0.663
PAK,68,2015,560885604.95,5.297,-1.392
PAK,79,2015,111056124.14,0.363,-0.546
PAK,158,2015,53614798.34,0.096,1.205
PAK,65,2015,367763796.64,1.142,0.563
PAK,372,2015,159009432.18,0.842,-1.745
PAK,368,2015,80058948.16,0.333,-0.243
PAK,5,2015,30973408.49,1.285,0.134
PAK,261,2015,23628922.68,0.163,-2.149
PAK,133,2015,9675782.26,1.801,-0.477
PAK,294,2015,550812685.31,0.12,-0.291
PAK,483,2015,12932549.44,0.111,-0.725
PAK,371,2015,302932128.32,1.698,-0.954
PAK,354,2015,101111727.51,1.086,-1.538
PAK,480,2015,1345584.93,1.471,0.139
PAK,37,2015,16208176.97,0.395,1.999
PAK,439,2015,125122129.75,0.52,0.491
PAK,435,2015,3833920.05,0.274,1.032
PAK,230,2015,112230391.1,0.802,1.334
PAK,278,2015,26546556.81,1.475,-0.433
PAK,365,2015,3191020647.58,0.659,1.794
PAK,425,2015,12443852.89,0.661,0.47
PAK,189,2015,25993127.31,0.377,0.901
PAK,152,2015,15075830.99,5.125,0.399
PAK,218,2015,949995989.5,0.192,0.228
PAK,74,2015,3381136.29,0.515,-0.611
PAK,226,2015,78479701.72,2.512,0.28
PAK,196,2015,111945490.96,2.003,0.286
PAK,322,2015,8970734.03,3.917,2.071
PAK,397,2015,614769437.23,0.957,0.455
PAK,403,2015,48340302.98,0.249,-0.913
PAK,391,2015,29140678.3,0.605,1.058
PAK,70,2015,425262.79,0.794,0.016
PAK,413,2015,30900295.4,0.658,0.421
PAK,389,2015,433330394.82,0.602,-0.036
PAK,153,2015,16515206.02,0.999,-0.684
PAK,127,2015,162519428.81,4.214,1.294
PAK,348,2015,27023958.82,0.803,-0.673
PAK,199,2015,308460787.82,0.694,0.52
PAK,313,2015,103623060.97,1.125,1.269
PAK,221,2015,2252147.13,5.845,-0.22
PAK,214,2015,200358903.36,0.179,-0.516
PAK,264,2015,1209679220.25,2.916,1.725
PAK,31,2015,7425368.6,1.626,-0.299
PAK,333,2015,148077414.88,1.288,0.933
PAK,441,2015,62068156.78,0.316,-1.824
PAK,258,2015,175617667.94,0.262,-0.74
PAK,227,2015,2689419.35,0.361,-0.278
PAK,286,2015,35029050.51,0.588,-0.37
PAK,120,2015,316205610.13,0.334,0.216
PAK,104,2015,690248000.32,0.233,-0.566
PAK,225,2015,219217493.5,0.97,1.18
PAK,183,2023,26614546.79,7.323,-0.724
PAK,194,2023,9360485.11,1.771,-1.049
PAK,439,2023,1408034100.8,0.443,-1.176
PAK,219,2023,2869748.26,2.871,0.121
PAK,13,2023,9753044.01,5.896,-0.556
PAK,478,2023,51493297.17,0.254,0.305
PAK,189,2023,123923732.54,0.589,0.212
PAK,94,2023,8981943.48,2.966,-0.552
PAK,76,2023,3546894.43,2.445,-0.832
PAK,331,2023,104853839.83,1.053,0.588
PAK,389,2023,5827914834.16,1.19,-0.005
PAK,408,2023,1663996.98,1.303,-0.529
PAK,423,2023,101956437.3,0.767,1.374
PAK,360,2023,14395063.93,1.527,-1.105
PAK,176,2023,28617707.7,0.812,-2.144
PAK,230,2023,35916000.3,0.785,0.82
PAK,158,2023,27513689.25,2.625,0.3
PAK,420,2023,6156239.92,1.209,-0.196
PAK,67,2023,53712407.14,0.372,-0.838
PAK,224,2023,3736451466.83,2.351,-1.149
PAK,193,2023,116825389.59,1.391,-0.415
PAK,152,2023,572137174.57,0.428,-1.882
PAK,7,2023,138192902.04,0.777,0.224
PAK,206,2023,759682783.0,1.304,0.083
PAK,138,2023,1246557450.45,1.838,-1.945
PAK,266,2023,191437430.32,0.404,0.974
PAK,365,2023,4829638.68,0.249,0.122
PAK,355,2023,38138219.14,2.389,-0.475
PAK,250,2023,32001512.87,0.209,-0.86
PAK,232,2023,293103407.97,2.345,-1.926
PAK,168,2023,939172401.89,2.426,0.037
PAK,401,2023,62299777.31,0.907,0.636
PAK,34,2023,18395246.36,0.418,0.217
PAK,48,2023,48380340.5,1.396,0.74
PAK,192,2023,25784219.42,1.24,0.565
PAK,156,2023,153627375.21,0.306,-0.354
PAK,174,2023,6062155.15,2.649,0.493
PAK,80,2023,41703184.21,1.237,-0.138
PAK,239,2023,13410334.27,0.512,-0.681
PAK,238,2023,20913432.4,0.729,-1.453
PAK,96,2023,520607976.51,0.493,0.956
PAK,323,2023,17673790.37,0.685,0.893
PAK,475,2023,1375610435.99,0.377,-1.185
PAK,180,2023,3910094.23,0.584,0.184
PAK,147,2023,12698718.03,1.241,0.128
PAK,29,2023,163290265.79,0.396,-0.662
PAK,154,2023,3489285922.21,2.165,0.305
PAK,415,2023,31017717.47,0.613,-0.827
PAK,220,2023,51676729.26,0.651,0.271
PAK,378,2023,6999801.19,7.047,0.613
PAK,217,2023,39642997.91,0.337,0.078
PAK,477,2023,766011726.9,0.432,0.215
PAK,307,2023,13966411.51,0.164,-0.726
PAK,421,2023,26952594.12,0.376,0.96
PAK,21,2023,137389716.48,1.04,-0.584
PAK,364,2023,12596460.83,1.267,-1.291
PAK,53,2023,99213939.15,1.418,-1.169
PAK,77,2023,7449457.85,4.188,-1.049
PAK,315,2023,62475760.54,9.489,0.089
PAK,97,2023,11221003.41,0.425,-0.087
NGA,346,1995,32843806.14,1.644,-0.168
NGA,374,1995,79877701.5,0.43,0.409
NGA,25,1995,32914651.83,0.205,1.255
NGA,450,1995,19952098.9,0.72,0.316
NGA,328,1995,380572249.3,0.559,0.013
NGA,278,1995,35696364.49,1.213,0.487
NGA,17,1995,25799400.03,0.715,0.153
NGA,133,1995,94210561.47,0.694,0.231
NGA,183,1995,16509801.29,1.674,-0.075
NGA,439,1995,6911697.99,1.904,-0.316
NGA,123,1995,618957693.68,1.122,0.371
NGA,122,1995,80666160.15,0.533,0.516
NGA,465,1995,20101085.66,1.652,-0.412
NGA,77,1995,92548987.95,0.516,-0.849
NGA,211,1995,105928111.09,0.329,-0.913
NGA,422,1995,2627536819.74,0.886,-0.262
NGA,47,1995,7777520704.03,7.007,0.69
NGA,263,1995,87632819.44,1.318,-0.7
NGA,7,1995,5152175599.49,0.506,-0.662
NGA,140,1995,2092585.59,0.456,0.729
NGA,165,1995,449072.9,1.71,0.812
NGA,478,1995,18524981.65,0.708,-1.242
NGA,171,1995,20964705.03,0.255,1.197
NGA,115,1995,84133862.21,0.46,0.121
NGA,316,1995,25274986.46,1.07,0.332
NGA,241,1995,29654588.95,0.356,-0.634
NGA,49,1995,191413392.49,1.781,0.188
NGA,33,1995,69777837.44,2.677,0.452
NGA,144,1995,36369649.97,0.907,1.481
NGA,116,1995,29834723.61,0.312,0.501
NGA,318,1995,936177715.62,9.445,0.384
NGA,227,1995,54674382.82,3.211,-1.738
NGA,315,1995,166902356.0,1.603,-0.331
NGA,159,1995,1221383786.05,1.327,0.686
NGA,109,1995,3905238.66,0.252,3.044
NGA,379,1995,92702169.0,5.42,-0.365
NGA,292,1995,9887133.07,0.42,-1.829
NGA,146,1995,63478174.27,0.088,-0.367
NGA,434,1995,34636188.2,0.234,-1.129
NGA,261,1995,66833802.47,1.434,-0.252
NGA,177,1995,2042755096.48,1.237,-0.658
NGA,448,1995,183503377.02,0.942,0.213
NGA,427,1995,64430400.41,1.027,1.089
NGA,260,1995,44901304.83,6.693,-0.656
NGA,262,1995,1573537009.7,1.037,0.46
NGA,266,1995,4106918.21,0.608,-1.559
NGA,46,1995,22832567.32,0.385,-1.674
NGA,281,1995,83820582.65,1.984,1.006
NGA,382,1995,11118164.63,0.849,-0.133
NGA,128,1995,92973253.3,0.413,0.19
NGA,193,1995,6339887.87,0.189,-0.501
NGA,156,1995,121671061.56,1.477,0.28
NGA,134,1995,1606317693.57,10.58,-1.228
NGA,70,1995,649445241.98,0.405,0.579
NGA,89,1995,14342134.55,0.578,-2.376
NGA,403,1995,5291154.06,0.57,1.152
NGA,273,1995,71918651.63,1.864,-0.533
NGA,199,1995,179447265.48,0.148,-0.82
NGA,343,1995,397904388.9,0.231,-1.154
NGA,385,1995,7098822.57,7.329,0.615
NGA,188,2005,402627392.33,9.618,-1.201
NGA,200,2005,157342170.5,0.527,0.849
NGA,143,2005,153765640.94,0.286,-0.142
NGA,323,2005,182352935.66,1.552,1.133
NGA,39,2005,131019984.1,0.947,-2.592
NGA,423,2005,7992577.46,0.534,0.292
NGA,250,2005,65951642.16,0.261,0.482
NGA,377,2005,111435734.38,0.206,0.374
NGA,235,2005,452586629.34,1.486,-1.186
NGA,282,2005,41053314.81,0.929,1.414
NGA,370,2005,24209719.29,2.603,0.956
NGA,480,2005,190399156.63,1.066,-0.514
NGA,212,2005,100354812.84,0.629,0.363
NGA,144,2005,67347785.06,0.294,-1.218
NGA,481,2005,1137740.66,0.178,0.055
NGA,458,2005,5843182.19,1.455,0.775
NGA,262,2005,1520639.66,0.521,-0.133
NGA,254,2005,77312113.3,1.588,-0.52
NGA,483,2005,18633383.89,0.858,-0.149
NGA,437,2005,82130978.02,0.463,-0.193
NGA,292,2005,130044343.55,0.236,1.418
NGA,435,2005,36517680.66,0.965,1.092
NGA,310,2005,7348142.28,2.21,1.069
NGA,61,2005,394254530.47,0.806,0.233
NGA,243,2005,50741918.51,4.422,-1.323
NGA,231,2005,29825093.39,0.78,2.637
NGA,330,2005,1346226.17,12.038,-2.21
NGA,335,2005,93436443.77,4.039,-0.276
NGA,52,2005,960879.38,4.361,0.673
NGA,413,2005,252495282.22,2.596,0.328
NGA,27,2005,7592834.72,4.244,-0.462
NGA,457,2005,33816689.8,3.097,0.603
NGA,166,2005,71745800.41,2.011,0.965
NGA,322,2005,8682452.97,1.851,-2.029
NGA,372,2005,2126050.04,1.803,-0.665
NGA,206,2005,62808202.13,0.472,-0.274
NGA,192,2005,408028343.73,1.86,-0.054
NGA,325,2005,118951.99,1.319,-0.275
NGA,15,2005,128022609.77,0.304,0.203
NGA,333,2005,419244790.72,0.691,0.407
NGA,101,2005,162401215.39,2.221,-0.476
NGA,163,2005,69013274.74,0.529,0.157
NGA,452,2005,25652042.93,0.42,1.065
NGA,238,2005,12533515.5,4.662,1.29
NGA,5,2005,28849733.17,0.531,-0.978
NGA,225,2005,28666002.61,1.159,0.272
NGA,7,2005,282562644.79,2.93,-0.476
NGA,488,2005,4756293.04,0.682,0.109
NGA,478,2005,114440257.16,2.39,-1.997
NGA,465,2005,74918481.36,0.521,0.194
NGA,359,2005,154128566.85,1.023,0.586
NGA,194,2005,26846625.44,3.009,0.496
NGA,261,2005,3905842.4,1.848,-0.542
NGA,237,2005,90625837.51,2.927,0.17
NGA,72,2005,2024076.41,0.431,0.146
NGA,218,2005,79510856.78,1.313,-0.629
NGA,462,2005,449472099.85,0.307,0.173
NGA,362,2005,7797368.54,0.822,-0.317
NGA,385,2005,27331336.9,0.968,-1.152
NGA,350,2005,3489940.64,2.403,-0.098
NGA,256,2015,27142185.87,0.448,1.141
NGA,28,2015,94901520.21,2.788,1.258
NGA,27,2015,144033103.34,0.913,0.593
NGA,307,2015,106153820.58,0.445,-0.099
NGA,189,2015,489707.96,11.31,0.263
NGA,337,2015,1649118.08,1.56,0.569
NGA,423,2015,136851654.3,0.558,-0.707
NGA,349,2015,9975692.6,0.868,0.168
NGA,174,2015,50638610.31,1.141,-0.133
NGA,433,2015,633788863.23,2.068,-0.973
NGA,226,2015,5036663.26,0.556,1.978
NGA,12,2015,44042457.71,0.37,-0.525
NGA,184,2015,89018846.91,0.08,-0.994
NGA,462,2015,2164717.68,1.454,-0.276
NGA,133,2015,5163305.95,1.886,-0.584
NGA,413,2015,33659168.19,1.717,0.565
NGA,82,2015,21584650.92,0.447,0.173
NGA,115,2015,43552083.69,0.869,1.496
NGA,65,2015,200941525.76,3.763,0.709
NGA,390,2015,3574490.27,5.571,0.288
NGA,261,2015,35368259.07,0.217,-1.498
NGA,41,2015,37525599.87,0.957,1.171
NGA,396,2015,33454154.67,2.518,-1.601
NGA,98,2015,13353901.29,0.799,1.105
NGA,457,2015,1711362.99,24.727,1.49
NGA,414,2015,23564739.95,0.848,-0.275
NGA,484,2015,8641957.91,0.58,2.976
NGA,128,2015,228156459.86,3.778,-0.213
NGA,297,2015,42312192.71,0.977,0.45
NGA,150,2015,5990997.4,0.286,0.992
NGA,31,2015,7453343.82,0.664,-0.098
NGA,342,2015,133853869.54,1.72,-0.81
NGA,415,2015,26542880.56,2.164,-0.114
NGA,460,2015,2044232897.39,0.265,0.554
NGA,409,2015,59827402.95,0.317,-0.88
NGA,486,2015,36447345.73,1.65,-0.78
NGA,217,2015,482194311.77,1.299,0.167
NGA,431,2015,109466426.39,0.388,-1.927
NGA,83,2015,8524079340.93,0.227,1.095
NGA,366,2015,2622947.39,10.619,1.112
NGA,34,2015,62071003.27,0.595,1.606
NGA,101,2015,198950609.28,0.256,0.283
NGA,398,2015,41746515.97,0.262,1.017
NGA,209,2015,14661646.7,0.531,-1.656
NGA,215,2015,256544269.11,0.799,0.961
NGA,139,2015,801604373.22,0.334,1.622
NGA,451,2015,476996347.23,1.256,0.657
NGA,237,2015,18834827.06,1.774,-0.903
NGA,42,2015,212573571.73,1.285,-1.671
NGA,304,2015,62275702.63,3.457,0.494
NGA,145,2015,67883599.44,2.358,-1.167
NGA,454,2015,4427551.73,0.688,-0.373
NGA,107,2015,188118701.55,2.658,-0.235
NGA,21,2015,3026461.74,0.876,0.796
NGA,367,2015,47424440.27,1.555,1.489
NGA,421,2015,6213159.96,1.256,0.494
NGA,489,2015,173069343.59,0.063,-0.63
NGA,152,2015,23710114.7,2.226,-0.848
NGA,213,2015,65793476.51,1.83,-1.219
NGA,239,2015,44465570.36,1.028,0.283
NGA,268,2023,16960963.19,0.116,-1.61
NGA,27,2023,128069047.35,0.305,-0.698
NGA,252,2023,4698370.84,0.347,0.68
NGA,405,2023,16827326.28,0.821,0.351
NGA,313,2023,625802798.58,1.242,-0.253
NGA,276,2023,707863571.58,1.611,-0.653
NGA,169,2023,21080244.15,0.333,0.643
NGA,224,2023,134904339.53,1.022,0.998
NGA,481,2023,1957924.29,0.615,0.093
NGA,227,2023,13049192.6,2.239,2.264
NGA,483,2023,125239439.45,2.491,-0.295
NGA,76,2023,8874238.45,2.217,0.425
NGA,388,2023,152660095.58,1.81,0.242
NGA,317,2023,54893900.75,3.38,1.573
NGA,11,2023,184242803.68,1.802,1.965
NGA,176,2023,309757529.38,1.682,1.12
NGA,70,2023,2695877.91,4.513,-0.714
NGA,329,2023,346536268.99,0.431,-0.916
NGA,459,2023,114167053.45,1.723,0.937
NGA,80,2023,63314886.4,2.224,-0.406
NGA,431,2023,56513737.12,0.253,0.385
NGA,398,2023,35421342.83,7.64,0.144
NGA,348,2023,7827792.97,0.141,0.827
NGA,151,2023,100678166.59,0.53,0.375
NGA,480,2023,790297252.43,1.11,-0.768
NGA,200,2023,56266809.7,0.582,-0.487
NGA,413,2023,19863223.06,0.48,-0.864
NGA,211,2023,189558769.7,0.644,0.914
NGA,220,2023,5062092.57,0.697,-0.582
NGA,163,2023,58378347.84,8.829,1.297
NGA,132,2023,130672458.0,0.862,-0.756
NGA,37,2023,185788507.5,0.507,0.0
NGA,140,2023,195925462.12,0.948,1.26
NGA,49,2023,125673302.96,0.186,-0.084
NGA,181,2023,5595222.54,4.197,0.497
NGA,284,2023,110943783.26,0.93,0.344
NGA,127,2023,15643537.02,0.403,-0.982
NGA,71,2023,144554600.94,1.093,1.128
NGA,397,2023,6761167.11,0.998,1.533
NGA,367,2023,71399398.44,5.975,1.002
NGA,299,2023,61092149.04,0.535,0.374
NGA,144,2023,114898352.66,0.232,0.324
NGA,487,2023,187373790.63,1.187,-0.437
NGA,95,2023,96468511.62,1.979,0.537
NGA,67,2023,307872355.67,1.138,0.989
NGA,31,2023,127277372.95,2.782,-0.973
NGA,395,2023,109024129.79,1.984,0.777
NGA,311,2023,15151765.29,3.046,-0.335
NGA,464,2023,9351099.06,0.661,0.159
NGA,90,2023,21054688.98,0.171,1.594
NGA,286,2023,397019723.29,1.119,0.832
NGA,3,2023,9561269.64,1.763,-0.679
NGA,229,2023,181002298.47,1.681,-0.595
NGA,450,2023,28310928.68,0.738,-0.261
NGA,24,2023,1112245097.59,0.538,-0.954
NGA,285,2023,12621303.53,0.147,0.497
NGA,116,2023,14419726.47,1.462,-0.78
NGA,219,2023,13124215.82,2.022,0.396
NGA,415,2023,34233632.39,1.961,-1.523
NGA,203,2023,1092627869.95,1.174,-1.433
EGY,483,1995,19319120.57,0.546,0.054
EGY,196,1995,32736442.75,0.656,1.021
EGY,434,1995,1773770.38,1.154,-0.539
EGY,274,1995,31584935.47,3.756,-0.285
EGY,199,1995,3419988.67,2.012,0.263
EGY,232,1995,13293035.83,9.764,0.676
EGY,250,1995,222640571.56,1.117,1.168
EGY,233,1995,369904513.88,0.398,0.885
EGY,279,1995,8522105.4,0.653,-0.057
EGY,24,1995,22219003.88,0.439,-0.609
EGY,43,1995,96033550.34,0.597,0.67
EGY,478,1995,27721467.68,0.444,-1.514
EGY,127,1995,17803191.86,5.211,-0.548
EGY,484,1995,2627365.6,0.567,1.376
EGY,420,1995,15628475.37,1.399,-0.667
EGY,325,1995,15204584.64,1.482,-0.925
EGY,230,1995,379771109.22,1.165,-1.239
EGY,163,1995,3245469.51,0.258,1.584
EGY,74,1995,8563247.5,1.244,-0.155
EGY,309,1995,110196197.69,0.558,0.534
EGY,318,1995,105333985.79,0.195,1.4
EGY,243,1995,3789862.13,0.136,1.393
EGY,401,1995,10665614.37,0.476,-0.183
EGY,66,1995,35649803.76,1.025,0.053
EGY,192,1995,138794927.99,0.636,0.102
EGY,447,1995,372779745.18,1.482,-0.569
EGY,337,1995,2000278.31,1.011,-0.265
EGY,205,1995,27058673.61,0.384,-0.115
EGY,194,1995,201960815.8,0.447,-0.385
EGY,407,1995,10411526.22,2.684,0.116
EGY,262,1995,58382840.89,7.256,0.936
EGY,174,1995,25401159.85,1.096,-0.447
EGY,23,1995,49558436.99,0.735,0.084
EGY,101,1995,234809178.14,0.975,0.855
EGY,34,1995,1796978.5,3.265,0.197
EGY,82,1995,123061158.29,1.383,1.09
EGY,72,1995,81781410.82,0.897,0.072
EGY,182,1995,11969229.4,1.942,0.246
EGY,336,1995,63316603.22,0.386,-1.95
EGY,52,1995,38794750.9,1.268,0.209
EGY,77,1995,50260612.99,0.332,-0.023
EGY,267,1995,716596167.13,0.935,0.815
EGY,128,1995,340617265.87,0.154,-1.059
EGY,147,1995,2739159.5,0.126,-1.292
EGY,25,1995,23490107.63,0.377,-0.436
EGY,319,1995,101898451.44,6.948,-1.018
EGY,90,1995,80253364.5,1.582,0.646
EGY,151,1995,313853780.14,1.738,0.329
EGY,446,1995,33023324.72,2.296,1.562
EGY,307,1995,159935886.14,2.019,0.249
EGY,486,1995,30719004.1,1.465,-1.205
EGY,470,1995,62482011.62,2.375,-0.067
EGY,12,1995,146343179.52,0.438,-0.669
EGY,169,1995,9579189.28,0.245,1.771
EGY,37,1995,20653864.97,0.906,0.447
EGY,402,1995,230196131.97,5.931,1.599
EGY,472,1995,192414021.21,1.429,0.667
EGY,143,1995,57499649.28,0.461,1.409
EGY,487,1995,114867440.79,3.794,-1.831
EGY,291,1995,76098794.45,0.27,-0.209
EGY,323,2005,312709066.03,3.986,-0.153
EGY,273,2005,467167504.76,1.782,-0.531
EGY,483,2005,63511313.05,0.29,-0.133
EGY,152,2005,51972543.78,0.35,-0.317
EGY,122,2005,1051171.26,7.279,-1.719
EGY,101,2005,12081020.71,3.741,0.915
EGY,340,2005,211965867.21,0.323,-0.119
EGY,303,2005,59003823.64,1.108,-1.456
EGY,223,2005,657217024.67,0.567,0.825
EGY,383,2005,12541444.04,0.397,2.142
EGY,349,2005,20765984.01,2.365,0.302
EGY,91,2005,2525851.26,0.495,1.177
EGY,125,2005,32686545.45,0.496,-1.982
EGY,29,2005,98743999.95,1.13,0.339
EGY,334,2005,12365251.58,0.53,1.409
EGY,95,2005,211697935.84,1.755,-2.195
EGY,284,2005,1524446746.13,0.197,-0.975
EGY,7,2005,584453214.44,1.189,0.315
EGY,88,2005,17736287.28,0.616,1.217
EGY,342,2005,192506657.9,0.382,-0.827
EGY,3,2005,171245544.4,2.071,-0.569
EGY,181,2005,5164256.89,1.503,1.789
EGY,54,2005,378544405.47,4.032,-1.207
EGY,212,2005,136496103.76,0.396,0.071
EGY,64,2005,188224767.96,1.755,0.92
EGY,464,2005,40971298.5,2.744,0.635
EGY,384,2005,17509141.05,1.315,0.616
EGY,158,2005,23286430.36,4.894,-0.985
EGY,315,2005,24376960.62,0.451,-0.222
EGY,310,2005,31643033.77,1.642,2.38
EGY,431,2005,171658498.57,0.883,-1.054
EGY,117,2005,303815022.06,1.412,-0.2
EGY,474,2005,249758844.29,0.76,0.363
EGY,476,2005,1345307.2,2.181,0.709
EGY,416,2005,5256595.16,0.815,-0.178
EGY,23,2005,519757301.17,0.47,-2.285
EGY,361,2005,35136984.0,0.598,-1.003
EGY,471,2005,48461986.41,0.843,-0.0
EGY,248,2005,1161644.34,0.707,-0.158
EGY,105,2005,87630235.45,2.096,1.477
EGY,4,2005,50267182.09,0.315,0.257
EGY,287,2005,546906224.67,0.923,0.936
EGY,153,2005,107774279.5,0.748,0.265
EGY,245,2005,25153781.74,3.09,-2.282
EGY,368,2005,75650414.13,0.436,0.092
EGY,178,2005,419694874.6,0.891,-1.011
EGY,19,2005,114194215.33,0.303,1.506
EGY,200,2005,112043198.79,2.229,-1.048
EGY,392,2005,79840346.38,0.322,-0.222
EGY,411,2005,61041597.29,0.268,0.445
EGY,25,2005,4761574.43,0.564,-0.065
EGY,150,2005,25845840.32,0.783,0.808
EGY,422,2005,204928694.96,1.032,-0.241
EGY,160,2005,3970189.97,0.488,-1.537
EGY,120,2005,14447952.74,0.959,-1.325
EGY,164,2005,9314254.56,0.075,0.06
EGY,192,2005,55374584.63,0.163,0.494
EGY,281,2005,140702887.13,1.009,0.091
EGY,9,2005,135820028.76,0.891,-0.203
EGY,80,2005,214712270.08,1.087,-0.17
EGY,438,2015,663652978.11,4.212,-1.953
EGY,378,2015,121921123.78,0.811,-0.543
EGY,5,2015,143755718.62,0.48,0.927
EGY,10,2015,36304628.58,1.354,-0.696
EGY,439,2015,4189400.39,1.64,0.242
EGY,292,2015,40214181.33,0.19,-0.203
EGY,77,2015,439242012.71,0.206,0.855
EGY,270,2015,31518362.13,5.501,1.759
EGY,432,2015,26673232.74,0.499,-0.793
EGY,74,2015,164926343.78,3.538,-1.064
EGY,34,2015,144718227.2,0.961,2.219
EGY,189,2015,10375388.15,0.516,-0.131
EGY,285,2015,359527117.07,1.168,2.3
EGY,25,2015,13774472.09,0.213,-0.513
EGY,484,2015,7384347.6,2.284,0.395
EGY,76,2015,50557410.06,2.154,1.374
EGY,475,2015,158067899.28,2.124,0.004
EGY,330,2015,40756076.53,0.34,0.398
EGY,391,2015,103624121.53,0.227,2.027
EGY,104,2015,13789806.2,2.849,0.892
EGY,3,2015,24271304.05,9.537,0.246
EGY,407,2015,274832855.98,3.03,-0.182
EGY,371,2015,161921400.18,0.852,-0.227
EGY,171,2015,23658968.11,1.025,1.541
EGY,301,2015,45961229.87,0.813,0.439
EGY,33,2015,15709875.36,4.001,-1.081
EGY,353,2015,51653499.87,0.557,0.146
EGY,448,2015,623159806.36,3.199,2.463
EGY,70,2015,104646044.3,2.797,1.269
EGY,163,2015,609576838.52,0.398,0.964
EGY,304,2015,21718850.99,1.596,0.351
EGY,372,2015,14901234.32,0.1,-1.315
EGY,122,2015,421597483.86,0.182,2.553
EGY,410,2015,45930684.9,1.683,-0.413
EGY,18,2015,24435855.54,0.275,2.681
EGY,182,2015,113601294.16,2.106,1.365
EGY,370,2015,2087940.49,1.134,-2.715
EGY,90,2015,46444877.3,2.188,0.344
EGY,472,2015,10246660.2,0.478,0.207
EGY,373,2015,342653932.28,2.148,-0.085
EGY,358,2015,7815529.2,2.827,-0.641
EGY,396,2015,51278944.75,1.117,1.028
EGY,65,2015,6041543.62,7.932,-2.335
EGY,71,2015,56485764.8,1.35,0.616
EGY,268,2015,27601633.05,0.122,-0.851
EGY,73,2015,134223377.96,0.541,0.434
EGY,379,2015,54835105.34,1.068,0.466
EGY,95,2015,24343286.85,3.885,1.794
EGY,425,2015,56341393.21,0.398,-1.964
EGY,428,2015,1848905998.5,0.512,0.94
EGY,36,2015,10824826.89,0.52,-0.367
EGY,463,2015,83332474.91,3.393,-2.1
EGY,159,2015,2880692.81,49.35,-2.696
EGY,415,2015,463979538.66,4.895,-1.222
EGY,102,2015,305787921.55,1.652,-2.305
EGY,307,2015,14565581.99,0.162,-0.73
EGY,429,2015,27516393.79,1.001,-0.284
EGY,24,2015,55190418.74,1.994,1.452
EGY,201,2015,49989165.05,1.994,0.803
EGY,346,2015,122827030.62,0.342,0.803
EGY,409,2023,190839067.25,0.867,-0.173
EGY,432,2023,246264788.59,0.767,1.379
EGY,451,2023,34939405.74,0.604,0.352
EGY,156,2023,331397000.69,6.601,0.492
EGY,217,2023,22722102.53,0.684,-0.333
EGY,398,2023,2202985.63,1.013,-0.78
EGY,242,2023,91579109.95,3.393,-0.463
EGY,232,2023,20316232.96,1.707,0.655
EGY,448,2023,14405089.82,1.811,0.205
EGY,346,2023,31302587.9,0.309,-0.328
EGY,86,2023,2470767.47,0.154,-0.472
EGY,65,2023,8425373.9,1.129,1.107
EGY,34,2023,61567935.09,0.92,0.678
EGY,180,2023,157519413.98,0.874,0.107
EGY,435,2023,1071089232.52,0.282,1.596
EGY,140,2023,187294743.9,1.103,-0.038
EGY,236,2023,116921512.01,0.325,0.109
EGY,230,2023,69186183.25,0.737,0.207
EGY,434,2023,350933288.29,0.42,-0.779
EGY,71,2023,7518456.16,0.266,-1.828
EGY,196,2023,15500919.07,0.221,-0.573
EGY,371,2023,70944271.24,2.584,-0.855
EGY,27,2023,215166216.85,4.465,-0.02
EGY,408,2023,16057170.75,1.532,0.107
EGY,278,2023,4889146.58,0.281,-0.897
EGY,347,2023,48263986.8,3.861,1.867
EGY,127,2023,1951828.15,2.708,0.904
EGY,211,2023,27620411.34,3.174,-1.21
EGY,111,2023,17055672.28,0.162,-1.163
EGY,177,2023,9380581.95,1.802,-0.809
EGY,256,2023,32754880.54,0.528,0.585
EGY,426,2023,14469350.92,1.037,-0.722
EGY,186,2023,135272197.36,0.974,0.997
EGY,368,2023,958460627.24,0.625,0.008
EGY,110,2023,46665913.35,1.42,0.541
EGY,361,2023,505480853.1,9.378,-0.162
EGY,335,2023,7887978.4,2.906,0.275
EGY,170,2023,199437517.15,1.158,-0.584
EGY,128,2023,22131371.9,3.731,-0.457
EGY,450,2023,143673309.34,1.97,-2.171
EGY,324,2023,89038910.03,1.574,0.155
EGY,489,2023,14470560.26,2.384,0.589
EGY,340,2023,399194129.32,0.252,0.171
EGY,309,2023,24266880.98,1.75,-0.668
EGY,229,2023,641958194.36,0.355,-1.45
EGY,165,2023,415117952.91,0.401,0.32
EGY,423,2023,1487209206.4,0.354,0.163
EGY,95,2023,22168972.88,0.555,-2.258
EGY,281,2023,554327146.41,0.538,0.22
EGY,235,2023,19775431.57,2.611,-0.157
EGY,4,2023,22117768.83,2.218,-0.157
EGY,181,2023,129743323.33,0.095,0.261
EGY,274,2023,503264980.07,1.477,0.791
EGY,96,2023,26427848.12,0.25,0.361
EGY,250,2023,71503305.24,0.469,-0.727
EGY,139,2023,49235161.31,1.007,0.04
EGY,54,2023,358470790.05,1.433,0.826
EGY,225,2023,444222754.39,2.074,-1.077
EGY,268,2023,23579952.19,1.532,0.805
EGY,249,2023,115171392.04,1.178,-0.128
CHL,366,1995,3042298.55,3.509,-1.354
CHL,159,1995,44822402.57,0.768,0.644
CHL,201,1995,237342105.94,0.086,-2.482
CHL,434,1995,24582472.84,1.004,-0.024
CHL,151,1995,45216162.16,2.535,0.353
CHL,189,1995,43662411.5,0.286,0.124
CHL,180,1995,34163310.31,0.318,0.117
CHL,276,1995,41600092.15,4.006,-0.843
CHL,482,1995,176060990.32,0.472,1.104
CHL,285,1995,34974535.72,3.531,-1.189
CHL,113,1995,940099524.26,1.669,0.397
CHL,446,1995,18831327.32,1.625,0.244
CHL,269,1995,22419278.7,1.167,-0.094
CHL,447,1995,441082439.57,0.388,1.194
CHL,255,1995,8738124.24,1.0,0.76
CHL,160,1995,23276359.19,3.072,1.668
CHL,11,1995,36604807.93,0.708,1.341
CHL,18,1995,16046386.34,8.738,0.088
CHL,7,1995,56902152.44,0.846,-0.669
CHL,205,1995,300062460.51,2.94,0.453
CHL,6,1995,21743541.99,0.862,-0.502
CHL,297,1995,24384749.74,35.747,-1.041
CHL,304,1995,138822130.34,7.756,1.214
CHL,386,1995,111976586.11,0.195,0.214
CHL,41,1995,729853739.62,0.225,-1.301
CHL,186,1995,8642405023.07,0.219,1.932
CHL,214,1995,23665357.55,2.221,0.48
CHL,184,1995,887883024.02,0.275,-0.092
CHL,370,1995,14305050.24,1.631,-0.576
CHL,68,1995,29695257.18,1.505,1.436
CHL,334,1995,46845489.08,0.264,0.804
CHL,301,1995,89230834.3,0.201,0.359
CHL,162,1995,3455018.73,4.042,-0.368
CHL,274,1995,737796980.93,0.209,-0.76
CHL,66,1995,244259090.72,0.506,0.067
CHL,459,1995,31556813.52,5.264,3.19
CHL,77,1995,467723998.17,1.594,0.526
CHL,266,1995,6719667.35,1.21,1.107
CHL,254,1995,16298166.74,0.968,1.135
CHL,62,1995,13619283.98,0.577,0.218
CHL,141,1995,7110783.05,2.289,0.887
CHL,460,1995,2669108.61,3.688,0.535
CHL,98,1995,3486992.37,0.995,1.435
CHL,119,1995,5494970.03,0.696,-0.053
CHL,425,1995,52998153.83,1.882,-0.34
CHL,328,1995,106492337.55,3.598,0.567
CHL,10,1995,180069835.01,2.037,-0.651
CHL,411,1995,13510877.38,0.513,-0.389
CHL,157,1995,596062289.35,2.721,0.444
CHL,392,1995,74428724.59,0.508,0.8
CHL,395,1995,102588390.36,0.463,0.591
CHL,126,1995,133510924.01,0.783,0.851
CHL,238,1995,73537401.74,0.826,0.039
CHL,72,1995,81514259.64,0.626,-1.88
CHL,445,1995,223768664.23,1.454,1.296
CHL,74,1995,225146143.3,3.036,1.481
CHL,312,1995,9513088.83,0.388,1.753
CHL,368,1995,454092517.58,2.5,-0.917
CHL,261,1995,513597890.05,0.909,1.356
CHL,373,1995,15784319.3,0.879,0.571
CHL,261,2005,6179916.17,0.479,0.504
CHL,54,2005,372141071.42,0.121,1.054
CHL,129,2005,209223717.34,1.426,-0.302
CHL,304,2005,285206813.25,0.51,-0.589
CHL,249,2005,21043452.3,1.28,0.568
CHL,287,2005,615989402.38,0.608,-0.082
CHL,212,2005,4832830.11,0.228,-0.637
CHL,466,2005,224887046.27,1.694,-0.836
CHL,322,2005,156594596.3,0.464,0.545
CHL,45,2005,180878711.04,4.689,0.324
CHL,9,2005,15499252.61,1.232,0.971
CHL,211,2005,51399112.38,2.319,0.156
CHL,262,2005,402189278.33,0.268,0.64
CHL,239,2005,3542421.98,0.832,1.258
CHL,463,2005,536032682.24,0.312,-0.536
CHL,414,2005,18050894.02,0.79,-0.98
CHL,243,2005,6881893.94,2.46,-0.155
CHL,214,2005,477162679.08,0.432,0.252
CHL,413,2005,20999619.4,3.426,0.666
CHL,303,2005,38816803.04,0.901,-0.876
CHL,281,2005,1253149112.13,0.638,-0.039
CHL,103,2005,7933767.91,1.087,1.259
CHL,209,2005,14006480.15,0.687,-1.3
CHL,293,2005,9973748.17,0.486,0.597
CHL,416,2005,64864751.11,0.23,0.908
CHL,444,2005,688989.14,0.412,0.678
CHL,10,2005,293569970.84,0.855,1.537
CHL,235,2005,30587980.96,0.375,-0.61
CHL,110,2005,308849212.8,1.707,0.59
CHL,70,2005,94283842.0,2.533,-0.066
CHL,370,2005,24018594.73,14.181,0.098
CHL,229,2005,164077032.05,0.744,-1.614
CHL,5,2005,189193247.42,0.799,1.101
CHL,16,2005,1299179838.71,0.316,-0.061
CHL,373,2005,96833876.99,0.606,0.792
CHL,143,2005,66796762.42,0.553,0.07
CHL,306,2005,3764504.26,0.334,0.399
CHL,286,2005,6811033.04,0.355,1.315
CHL,311,2005,3296406.75,0.147,1.276
CHL,21,2005,9005283.68,2.799,0.017
CHL,250,2005,34293140.69,5.705,-0.075
CHL,94,2005,759509887.99,1.624,0.312
CHL,316,2005,68626416.23,1.809,-1.098
CHL,77,2005,4570294.54,1.187,-0.026
CHL,252,2005,34505644.03,1.01,-0.274
CHL,263,2005,81694040.27,0.497,0.601
CHL,450,2005,50095801.0,17.998,-0.22
CHL,11,2005,697331010.29,1.278,-0.475
CHL,218,2005,30600629.9,0.273,-0.271
CHL,47,2005,16167607.8,1.758,-1.819
CHL,350,2005,8586019.81,6.414,0.964
CHL,392,2005,1112022984.66,1.046,1.754
CHL,244,2005,1393021.3,1.102,1.008
CHL,331,2005,15297408.07,1.545,-0.564
CHL,382,2005,1362200.28,0.355,0.314
CHL,95,2005,54385618.87,0.628,0.868
CHL,169,2005,71605387.77,0.53,-0.192
CHL,176,2005,13401643.66,2.809,0.837
CHL,40,2005,136214873.07,2.453,0.28
CHL,168,2005,5587192.49,0.424,-0.737
CHL,196,2015,212672402.36,0.178,-1.023
CHL,471,2015,13022014.39,1.494,-0.71
CHL,385,2015,82129606.96,0.281,0.851
CHL,281,2015,10234325.91,0.292,-0.356
CHL,347,2015,138730585.48,5.885,-0.565
CHL,27,2015,5990586.11,0.128,-0.086
CHL,94,2015,84099273.6,2.605,-3.249
CHL,158,2015,251139324.02,0.602,0.56
CHL,154,2015,49347211.68,15.842,0.274
CHL,364,2015,2656430.49,1.498,-0.422
CHL,29,2015,110228079.51,4.26,-0.86
CHL,431,2015,197785399.56,0.417,-0.826
CHL,313,2015,1140027.46,2.522,1.75
CHL,56,2015,328518222.16,1.051,0.323
CHL,317,2015,66218166.92,0.551,-0.951
CHL,71,2015,17909102.57,1.126,-0.738
CHL,398,2015,34930124.31,0.191,0.731
CHL,488,2015,86953632.06,3.588,1.174
CHL,298,2015,177273246.78,0.861,0.204
CHL,3,2015,31016751.83,0.426,-1.941
CHL,206,2015,16880963.76,2.025,-1.486
CHL,409,2015,27951510.51,1.043,2.003
CHL,405,2015,72786914.19,0.672,0.417
CHL,31,2015,951825769.14,0.764,1.064
CHL,42,2015,70297043.98,0.28,0.241
CHL,82,2015,7365803.31,0.562,1.25
CHL,402,2015,29867281.19,1.993,-1.454
CHL,460,2015,82253738.65,10.235,-0.845
CHL,396,2015,38633627.97,0.408,-1.085
CHL,62,2015,12661125.59,1.153,0.922
CHL,434,2015,47765526.06,0.831,-2.256
CHL,309,2015,12355085.56,0.57,0.839
CHL,319,2015,7797574.46,0.535,-0.848
CHL,151,2015,28019887.42,4.369,0.583
CHL,16,2015,113860846.06,0.665,-1.124
CHL,200,2015,103743268.92,0.256,-0.365
CHL,105,2015,20025962.15,0.958,-0.648
CHL,325,2015,447771910.3,0.411,0.366
CHL,410,2015,27116070.0,0.505,-0.968
CHL,199,2015,744415.28,1.643,-0.453
CHL,377,2015,58516536.68,2.73,-0.222
CHL,22,2015,35111626.43,0.684,-0.587
CHL,327,2015,164360661.71,0.381,0.788
CHL,203,2015,427913002.69,2.925,0.718
CHL,251,2015,74147552.29,0.907,1.547
CHL,316,2015,296340793.08,1.588,-1.8
CHL,408,2015,68042381.83,1.047,1.513
CHL,438,2015,36281714.87,1.356,-0.844
CHL,205,2015,54898245.92,3.916,0.307
CHL,68,2015,11198093.59,0.517,-0.623
CHL,110,2015,536130213.37,0.857,0.309
CHL,145,2015,85986522.36,7.609,-0.218
CHL,177,2015,754881170.53,2.176,0.63
CHL,458,2015,91673079.28,0.863,2.043
CHL,139,2015,3395487526.9,0.435,-0.106
CHL,365,2015,336886324.88,3.186,-0.861
CHL,341,2015,25933780.21,0.866,-1.021
CHL,73,2015,16904516.2,0.275,-0.347
CHL,175,2015,5356107.83,2.636,-2.105
CHL,255,2015,554129541.23,1.607,0.045
CHL,476,2023,1906271264.97,0.92,2.631
CHL,163,2023,61336359.96,0.254,-0.997
CHL,224,2023,5014655.59,0.636,0.421
CHL,468,2023,200913624.89,0.381,0.425
CHL,279,2023,83541852.43,0.271,-0.242
CHL,54,2023,32900756.84,0.572,-0.562
CHL,84,2023,17653487.29,0.23,-0.232
CHL,205,2023,40580811.27,1.935,-1.035
CHL,379,2023,39881780.64,0.556,-1.617
CHL,217,2023,42617285.43,2.513,-0.24
CHL,154,2023,8647627.94,8.104,-1.223
CHL,89,2023,124264112.28,0.972,-0.37
CHL,146,2023,57481471.6,1.691,-0.739
CHL,409,2023,12125566.06,0.255,0.805
CHL,212,2023,40898867.74,0.199,-1.106
CHL,61,2023,13968965.56,3.15,-0.015
CHL,158,2023,20172118.14,7.286,1.408
CHL,355,2023,46713364.84,1.835,-1.342
CHL,463,2023,73235223.32,1.868,0.116
CHL,417,2023,39775395.68,0.285,-0.501
CHL,90,2023,1358602423.0,0.582,-1.225
CHL,322,2023,80710987.16,1.945,-2.368
CHL,299,2023,6026324.36,5.362,-0.308
CHL,411,2023,149531040.93,2.485,-0.543
CHL,264,2023,23921547.35,0.588,-0.351
CHL,59,2023,195592989.99,0.346,1.54
CHL,444,2023,7970998.73,3.904,-0.526
CHL,220,2023,28168280.49,0.321,0.137
CHL,340,2023,82665942.64,0.44,-0.057
CHL,122,2023,3848052.46,0.663,0.992
CHL,232,2023,36079150.08,2.025,-1.987
CHL,284,2023,234098328.48,0.741,-1.719
CHL,300,2023,142159346.24,0.832,0.422
CHL,475,2023,3199751.9,1.132,-0.978
CHL,194,2023,176912244.49,0.374,-1.408
CHL,11,2023,390113007.31,2.832,0.452
CHL,225,2023,30622406.82,0.193,-2.166
CHL,12,2023,8630594.18,1.09,-0.791
CHL,22,2023,99509817.84,1.06,0.416
CHL,25,2023,6574720.05,3.309,1.014
CHL,147,2023,297104771.65,4.154,-0.171
CHL,196,2023,13158171.5,1.387,1.079
CHL,486,2023,87351979.97,0.459,0.768
CHL,193,2023,7241515.21,0.911,0.253
CHL,490,2023,22067466949.05,0.953,-1.038
CHL,121,2023,9517828.03,0.324,1.267
CHL,291,2023,2753393.66,1.137,-1.219
CHL,288,2023,6881355.67,4.443,1.072
CHL,97,2023,58313235.1,0.793,0.177
CHL,143,2023,4775722.37,0.38,0.465
CHL,420,2023,1186230016.36,0.669,-1.276
CHL,85,2023,284778106.88,1.71,1.49
CHL,218,2023,83501915.94,5.609,-0.606
CHL,396,2023,550926.9,1.057,0.915
CHL,370,2023,48034907.68,1.454,1.178
CHL,294,2023,159587599.0,1.471,-3.695
CHL,139,2023,4879609.52,0.765,-0.417
CHL,447,2023,1344051876.53,0.219,-0.814
CHL,257,2023,12379703.97,2.219,-0.073
CHL,465,2023,15837271.07,0.523,-0.082
ARG,325,1995,825968208.61,0.447,1.533
ARG,238,1995,20315009.15,1.646,-0.815
ARG,116,1995,11399950.14,0.663,-0.697
ARG,353,1995,1408736878.76,1.427,-0.483
ARG,158,1995,7824279.89,0.722,-0.019
ARG,227,1995,11370885.75,0.187,0.293
ARG,354,1995,70618472.02,1.398,-0.325
ARG,359,1995,11288139.89,2.296,-1.84
ARG,47,1995,17306472.67,0.211,-0.476
ARG,287,1995,51900719.86,0.467,0.054
ARG,480,1995,12529299.85,0.579,-0.701
ARG,360,1995,65149079.76,1.619,-0.335
ARG,220,1995,28687579.71,1.271,-0.907
ARG,147,1995,183151707.14,0.466,-0.61
ARG,225,1995,527140578.96,0.353,-0.039
ARG,233,1995,145925987.5,2.927,0.242
ARG,13,1995,3034975.13,0.238,0.591
ARG,80,1995,482893571.68,20.045,-0.349
ARG,470,1995,5893900.6,5.759,0.598
ARG,214,1995,4134519100.27,0.437,-0.784
ARG,426,1995,23547400.14,2.813,-0.824
ARG,366,1995,5538996.93,1.746,-0.217
ARG,199,1995,471539771.06,0.163,-1.251
ARG,405,1995,41563821.19,0.352,-0.384
ARG,120,1995,60301958.78,0.995,1.346
ARG,450,1995,10275067.72,0.362,1.789
ARG,11,1995,338800120.84,0.836,-2.705
ARG,390,1995,47550682.21,1.0,1.704
ARG,119,1995,70036878.29,3.679,0.532
ARG,67,1995,23968123.03,0.731,0.771
ARG,244,1995,27426272.73,2.271,-0.074
ARG,226,1995,14715503.3,5.549,-0.383
ARG,46,1995,12768862.9,1.336,-0.205
ARG,180,1995,205876109.49,0.121,-0.856
ARG,317,1995,95013542.39,3.015,0.174
ARG,170,1995,3901907.73,1.894,-0.998
ARG,416,1995,44702062.49,1.95,-1.594
ARG,370,1995,8483797.28,0.777,0.33
ARG,68,1995,68118115.59,1.714,-0.319
ARG,358,1995,683038841.73,0.327,0.488
ARG,72,1995,6015033.73,0.664,-0.267
ARG,127,1995,51806672.25,0.809,-0.629
ARG,89,1995,189430429.93,4.851,0.73
ARG,382,1995,12032266.27,2.055,0.361
ARG,66,1995,50880954.35,0.749,-0.021
ARG,49,1995,13913171.78,0.271,-0.454
ARG,431,1995,39906789.83,0.881,-0.023
ARG,330,1995,129952887.44,3.445,0.974
ARG,414,1995,17396908.25,1.314,-0.982
ARG,62,1995,80431356.33,0.483,1.138
ARG,444,1995,9378758896.97,0.506,-0.133
ARG,413,1995,7943511.48,0.724,0.425
ARG,348,1995,9360729015.73,0.941,-0.042
ARG,474,1995,90637777.97,1.345,-1.837
ARG,293,1995,223456081.94,6.885,-1.19
ARG,129,1995,19190232.57,2.388,-0.052
ARG,280,1995,380099324.73,0.401,0.641
ARG,187,1995,34282643.56,3.468,-0.827
ARG,190,1995,5111583.27,2.175,0.899
ARG,297,1995,68631082.33,4.264,-2.522
ARG,30,2005,73387144.12,0.132,2.174
ARG,172,2005,207488867.43,1.594,-0.317
ARG,169,2005,247095728.16,2.46,0.979
ARG,23,2005,100360779.01,1.377,0.721
ARG,17,2005,123730492.6,1.044,0.461
ARG,49,2005,22752831.88,0.448,1.465
ARG,447,2005,194968176.04,3.063,-0.506
ARG,254,2005,7023149.67,2.706,1.754
ARG,72,2005,8256470.43,4.044,-0.78
ARG,419,2005,53296611.55,2.606,1.702
ARG,40,2005,75900628.06,1.769,0.831
ARG,463,2005,136938490.39,2.048,0.93
ARG,278,2005,39110891.72,1.696,-1.461
ARG,469,2005,245932943.2,0.985,-0.409
ARG,207,2005,3116842.05,1.981,0.765
ARG,24,2005,340470046.93,2.874,-0.025
ARG,236,2005,2695130.51,0.835,0.722
ARG,65,2005,3499491000.82,4.779,-0.514
ARG,114,2005,130788648.56,2.277,0.421
ARG,438,2005,340973516.89,0.424,-0.503
ARG,374,2005,6935436.77,0.437,-0.207
ARG,4,2005,24139775.17,0.257,0.183
ARG,46,2005,5274174.65,0.264,-0.312
ARG,115,2005,198583027.06,0.857,0.119
ARG,132,2005,4602790.21,0.175,1.077
ARG,337,2005,2697526.28,0.687,-0.346
ARG,427,2005,10538073.06,1.213,-0.493
ARG,486,2005,176912917.45,2.344,1.004
ARG,141,2005,14354038.51,0.611,0.494
ARG,313,2005,434693007.95,0.789,1.008
ARG,273,2005,1401088776.91,0.962,0.36
ARG,341,2005,1612298.75,8.653,0.055
ARG,146,2005,2593046.05,1.006,1.07
ARG,298,2005,45122498.41,3.335,0.275
ARG,307,2005,1662810.7,0.285,-1.287
ARG,27,2005,758087.05,0.51,-0.796
ARG,39,2005,100653659.82,2.399,0.247
ARG,391,2005,28451754.65,0.34,0.845
ARG,385,2005,29312200.92,0.282,-0.068
ARG,52,2005,176012903.57,1.215,0.735
ARG,306,2005,598825122.46,0.542,0.56
ARG,133,2005,59584379.35,3.84,-0.706
ARG,206,2005,5842207.88,1.993,0.738
ARG,111,2005,35672288.43,2.454,2.394
ARG,101,2005,9917659.92,1.231,-0.02
ARG,7,2005,111305213.24,0.187,-1.226
ARG,58,2005,6889798.3,0.596,-1.769
ARG,60,2005,11221805.56,1.494,-2.721
ARG,266,2005,20235319.5,1.333,-0.887
ARG,376,2005,1077232986.28,1.546,0.03
ARG,342,2005,113665397.22,1.586,0.293
ARG,19,2005,23075944.38,0.729,0.016
ARG,71,2005,3828452.6,0.185,-0.061
ARG,260,2005,151615816.84,0.423,0.631
ARG,282,2005,400289908.79,4.203,-1.916
ARG,121,2005,18649213.98,0.681,-0.125
ARG,258,2005,109123979.15,1.994,-0.503
ARG,67,2005,96903931.44,1.819,-0.007
ARG,144,2005,981296112.36,1.934,0.204
ARG,250,2005,40677097.5,4.796,-0.289
ARG,275,2015,1074548051.16,3.703,-0.283
ARG,312,2015,54635664.4,1.047,-0.387
ARG,205,2015,13590712.56,1.265,-0.595
ARG,71,2015,123684819.26,1.161,-1.242
ARG,70,2015,117805349.64,2.672,-0.767
ARG,183,2015,9439323.99,0.291,0.498
ARG,350,2015,500926932.96,2.43,0.483
ARG,25,2015,26516165.09,6.504,-0.849
ARG,39,2015,230163156.26,0.37,3.111
ARG,78,2015,153660685.93,1.076,1.764
ARG,471,2015,196597027.53,2.819,0.161
ARG,489,2015,575159062.27,0.717,0.06
ARG,451,2015,12698093.9,1.187,1.496
ARG,463,2015,67375089.17,0.348,-0.417
ARG,229,2015,8588173.78,1.396,0.055
ARG,405,2015,142464297.26,2.656,-1.525
ARG,445,2015,3853310.72,0.28,-0.328
ARG,90,2015,271340925.05,2.416,1.145
ARG,372,2015,135200340.69,0.09,-0.847
ARG,434,2015,461458732.07,3.9,-2.325
ARG,249,2015,6916894.87,0.47,-2.48
ARG,22,2015,17129028.48,1.413,0.711
ARG,423,2015,961055080.93,0.324,-0.48
ARG,220,2015,73663179.29,0.213,-0.282
ARG,139,2015,19333883.03,0.749,-0.502
ARG,377,2015,940515761.63,0.345,-0.184
ARG,355,2015,16731211.67,0.623,-1.422
ARG,170,2015,334072377.93,0.617,0.995
ARG,243,2015,13742029.5,1.696,-0.614
ARG,440,2015,2515901.92,2.67,1.044
ARG,359,2015,391818972.11,0.132,0.094
ARG,299,2015,319112747.98,0.223,0.871
ARG,144,2015,36838426.34,0.425,-2.051
ARG,476,2015,1682056.74,0.702,-0.161
ARG,270,2015,12320831.75,1.046,-1.284
ARG,422,2015,230745366.78,1.623,-0.095
ARG,384,2015,225192505.8,0.241,0.662
ARG,86,2015,187018514.49,1.847,0.721
ARG,66,2015,4446198.19,2.672,-0.704
ARG,315,2015,396946879.4,0.83,-0.652
ARG,23,2015,164739385.77,0.762,1.319
ARG,138,2015,2228690.08,1.799,-0.378
ARG,273,2015,43313078.9,0.254,1.473
ARG,53,2015,99700047.1,0.152,2.429
ARG,245,2015,2803911.11,0.441,-0.049
ARG,361,2015,239724.68,1.434,-0.157
ARG,321,2015,65879657.14,0.963,-0.799
ARG,420,2015,488710619.0,7.375,1.588
ARG,409,2015,69208043.58,0.381,-1.84
ARG,462,2015,361568465.86,0.65,0.237
ARG,490,2015,81633327.8,1.837,-0.201
ARG,95,2015,108430577.83,1.418,0.702
ARG,56,2015,45483737.69,1.413,-1.026
ARG,151,2015,4025202.14,0.879,-1.24
ARG,386,2015,36093153.49,0.98,0.059
ARG,364,2015,1814294.56,1.28,0.315
ARG,268,2015,7213120.6,0.601,2.172
ARG,475,2015,120542404.9,3.836,0.181
ARG,171,2015,28147224.09,2.924,0.105
ARG,152,2015,2784899.9,1.01,0.623
ARG,120,2023,6892468.93,0.181,-1.083
ARG,151,2023,34116810.89,0.628,-2.32
ARG,261,2023,160651297.86,0.263,0.364
ARG,126,2023,68928855.07,0.536,0.23
ARG,276,2023,209932291.43,1.254,0.995
ARG,371,2023,15813545.63,2.985,-0.408
ARG,483,2023,3226762.01,0.236,-0.184
ARG,195,2023,447974876.07,0.584,-1.046
ARG,330,2023,28609777.28,0.543,-0.046
ARG,257,2023,23909384.14,0.872,0.804
ARG,336,2023,30449273.44,0.639,-0.063
ARG,459,2023,29950277.27,1.526,-0.183
ARG,236,2023,771588.22,0.735,-0.774
ARG,150,2023,12711920.99,0.133,1.0
ARG,162,2023,12030973.45,0.22,1.486
ARG,66,2023,7508310.97,0.591,0.967
ARG,488,2023,41150484.24,1.182,1.602
ARG,263,2023,23780595.37,1.074,-0.009
ARG,366,2023,13496962.17,0.304,0.405
ARG,172,2023,37046094.55,0.253,1.326
ARG,127,2023,16745239.98,0.559,-0.716
ARG,135,2023,965269759.01,3.309,-1.677
ARG,200,2023,125066860.63,0.383,-0.202
ARG,73,2023,353936547.54,0.916,-1.283
ARG,64,2023,908285016.23,0.606,0.73
ARG,391,2023,11355906.49,12.411,0.646
ARG,404,2023,26083117.62,1.213,0.562
ARG,453,2023,26164615.59,0.516,1.077
ARG,312,2023,182201140.72,0.341,-1.4
ARG,434,2023,109163810.51,1.671,-0.358
ARG,229,2023,53807712.53,3.647,0.275
ARG,144,2023,10495456.44,1.147,-0.998
ARG,22,2023,2630773.83,1.858,0.073
ARG,92,2023,4379299.25,0.398,0.652
ARG,415,2023,53684864.81,4.007,0.697
ARG,96,2023,38625847.84,7.833,0.088
ARG,34,2023,95898247.26,0.844,-0.064
ARG,21,2023,104180821.32,0.924,-0.921
ARG,417,2023,11389801.06,2.375,0.624
ARG,361,2023,1353271585.37,0.275,-0.448
ARG,426,2023,18341975.04,1.483,-1.214
ARG,40,2023,301365597.81,0.249,0.068
ARG,23,2023,11128266.17,9.235,-0.858
ARG,224,2023,3626708.39,2.794,-1.041
ARG,190,2023,29066321.6,0.514,0.014
ARG,41,2023,22830221.63,1.293,-1.127
ARG,232,2023,97495485.82,0.416,0.648
ARG,407,2023,3233494.72,4.373,0.79
ARG,134,2023,294090257.27,0.647,0.155
ARG,180,2023,71948123.68,2.658,-1.198
ARG,329,2023,323776684.64,0.173,-0.154
ARG,239,2023,576898409.78,1.876,1.001
ARG,54,2023,20667690.03,1.36,1.794
ARG,262,2023,22062215.23,1.091,0.15
ARG,132,2023,553651645.76,0.247,-0.924
ARG,405,2023,72475351.68,0.399,-3.312
ARG,147,2023,11743515.4,2.804,0.688
ARG,178,2023,31956726.19,0.156,0.748
ARG,298,2023,615702668.64,0.169,-0.701
ARG,255,2023,2357561.76,0.917,0.456
