source_iso3,target_iso3,year,export_value,import_value,log_value,above_threshold
BRN,LAO,1995,898441078.51,850375228.06,8.9535,TRUE
BRN,MYS,1995,68063541.43,58429774.67,7.8329,FALSE
BRN,PHL,1995,2179483.87,2608245.3,6.3384,FALSE
BRN,SGP,1995,467165767.19,432149927.6,8.6695,TRUE
BRN,THA,1995,460122765.11,479038069.94,8.6629,TRUE
BRN,CHN,1995,1372781329.78,1525889152.55,9.1376,TRUE
BRN,USA,1995,26565450.7,28397593.49,7.4243,FALSE
BRN,KOR,1995,200300396.25,198855849.54,8.3017,FALSE
BRN,IND,1995,23726102.83,22709412.41,7.3752,FALSE
BRN,HKG,1995,38401146.71,37162294.35,7.5843,FALSE
BRN,FRA,1995,515024681.77,493122517.73,8.7118,TRUE
BRN,BRA,1995,26115263035.98,22282730074.57,10.4169,TRUE
BRN,ZAF,1995,97431049.7,109510159.14,7.9887,FALSE
BRN,MEX,1995,254299893.97,281130593.29,8.4053,FALSE
BRN,CAN,1995,169703231.9,193902575.77,8.2297,FALSE
BRN,NLD,1995,106333696.86,123588733.42,8.0267,FALSE
BRN,ITA,1995,28691359.74,31466341.17,7.4578,FALSE
BRN,ESP,1995,207684624.06,246827246.76,8.3174,FALSE
BRN,SAU,1995,14616001.09,12918535.68,7.1648,FALSE
BRN,ARE,1995,15467130.61,15072365.02,7.1894,FALSE
BRN,PAK,1995,13719822537.72,12834177098.11,10.1373,TRUE
BRN,NGA,1995,2404888751.87,2483652616.87,9.3811,TRUE
BRN,EGY,1995,12157553.75,14796888.03,7.0848,FALSE
KHM,BRN,1995,4312009638.99,4759073708.99,9.6347,TRUE
KHM,IDN,1995,3139543734.75,3073014146.46,9.4969,TRUE
KHM,LAO,1995,252041632.73,222038304.2,8.4015,FALSE
KHM,MYS,1995,266719827.2,284854492.79,8.4261,FALSE
KHM,PHL,1995,233572982.26,230113894.56,8.3684,FALSE
KHM,SGP,1995,392450558.9,373949969.26,8.5938,TRUE
KHM,THA,1995,3597737810.25,3653637764.05,9.556,TRUE
KHM,USA,1995,22074491.97,19228979.53,7.3439,FALSE
KHM,JPN,1995,141590196.77,157176684.28,8.151,FALSE
KHM,IND,1995,343428104.15,319141486.62,8.5358,FALSE
KHM,FRA,1995,69896173.95,66466800.99,7.8445,FALSE
KHM,BRA,1995,1042639240.88,1268891820.84,9.0181,TRUE
KHM,ZAF,1995,34192168.38,35073620.08,7.5339,FALSE
KHM,RUS,1995,75408143.23,65264580.56,7.8774,FALSE
KHM,CAN,1995,79931819.15,93565856.83,7.9027,FALSE
KHM,NLD,1995,44693768.5,42837614.29,7.6502,FALSE
KHM,ESP,1995,61200932.07,60609139.84,7.7868,FALSE
KHM,BGD,1995,496503278.1,481794535.45,8.6959,TRUE
KHM,CHL,1995,16430400.97,17576144.89,7.2156,FALSE
KHM,ARG,1995,367767747.26,357228934.69,8.5656,TRUE
IDN,KHM,1995,1802878027.71,1558457393.46,9.256,TRUE
IDN,SGP,1995,868620162.31,805237671.66,8.9388,TRUE
IDN,VNM,1995,5161192637.52,5561736877.1,9.7128,TRUE
IDN,USA,1995,771176300.85,944483283.51,8.8872,TRUE
IDN,JPN,1995,696221858.64,742523315.83,8.8427,TRUE
IDN,KOR,1995,370422514.52,380867876.19,8.5687,TRUE
IDN,DEU,1995,498492392.45,543297278.88,8.6977,TRUE
IDN,IND,1995,465142451.79,406350483.66,8.6676,TRUE
IDN,RUS,1995,400525663.32,341448731.56,8.6026,TRUE
IDN,MEX,1995,370013900.34,397845494.79,8.5682,TRUE
IDN,ITA,1995,392624040.58,344391705.23,8.594,TRUE
IDN,ESP,1995,469408610.81,502035441.56,8.6716,TRUE
IDN,TUR,1995,125927205.24,144108612.76,8.1001,FALSE
IDN,PAK,1995,4499440910.17,4672602505.54,9.6532,TRUE
IDN,CHL,1995,3500640.95,4008126.31,6.5441,FALSE
LAO,BRN,1995,62836167.92,78456074.77,7.7982,FALSE
LAO,KHM,1995,151170256.77,166903890.27,8.1795,FALSE
LAO,MMR,1995,31392413.22,36363149.34,7.4968,FALSE
LAO,PHL,1995,459629388.08,455751836.41,8.6624,TRUE
LAO,SGP,1995,4133710.11,3720750.82,6.6163,FALSE
LAO,VNM,1995,366130629.07,425821241.35,8.5636,TRUE
LAO,CHN,1995,173431700.61,150800246.74,8.2391,FALSE
LAO,USA,1995,4610706847.49,4250693031.74,9.6638,TRUE
LAO,JPN,1995,32346606.92,39299685.9,7.5098,FALSE
LAO,DEU,1995,91228980.29,78272072.93,7.9601,FALSE
LAO,TWN,1995,135890690.78,150125900.12,8.1332,FALSE
LAO,BRA,1995,254311062.54,261754186.99,8.4054,FALSE
LAO,ZAF,1995,30070802.13,32999131.7,7.4781,FALSE
LAO,RUS,1995,1064811814.16,950866586.92,9.0273,TRUE
LAO,NLD,1995,3490238655.18,3028729137.9,9.5429,TRUE
LAO,ITA,1995,18483442.12,15876818.53,7.2668,FALSE
LAO,ESP,1995,205280122.24,249408303.2,8.3123,FALSE
LAO,TUR,1995,905038283.43,823741846.4,8.9567,TRUE
LAO,SAU,1995,26608543.01,24227582.85,7.425,FALSE
LAO,ARE,1995,386029909.58,334891027.98,8.5866,TRUE
LAO,BGD,1995,472236136.85,447889044.22,8.6742,TRUE
LAO,PAK,1995,98660334.44,102681644.04,7.9941,FALSE
LAO,ARG,1995,85413445.94,74091272.5,7.9315,FALSE
MYS,BRN,1995,76567353.63,69987772.56,7.884,FALSE
MYS,SGP,1995,250109029.06,312198944.02,8.3981,FALSE
MYS,THA,1995,927259188.69,1105982867.01,8.9672,TRUE
MYS,VNM,1995,42590898.8,41865989.8,7.6293,FALSE
MYS,USA,1995,252558989.7,257630672.75,8.4024,FALSE
MYS,JPN,1995,487672667.24,470609200.14,8.6881,TRUE
MYS,KOR,1995,507426410.38,457880782.33,8.7054,TRUE
MYS,DEU,1995,119048745.22,142093609.53,8.0757,FALSE
MYS,HKG,1995,650930140.26,812282692.73,8.8135,TRUE
MYS,GBR,1995,25749416.8,29606822.0,7.4108,FALSE
MYS,AUS,1995,2427578293.51,2130033209.73,9.3852,TRUE
MYS,BRA,1995,12236022176.09,12710956392.42,10.0876,TRUE
MYS,MEX,1995,28011256.01,28251247.48,7.4473,FALSE
MYS,NLD,1995,16267993.79,19303051.63,7.2113,FALSE
MYS,ITA,1995,4798432.29,5961112.67,6.6811,FALSE
MYS,ESP,1995,982666452.51,1075702306.8,8.9924,TRUE
MYS,SAU,1995,509762321.4,596102932.68,8.7074,TRUE
MYS,ARE,1995,40093731.54,39697532.59,7.6031,FALSE
MYS,BGD,1995,1452769899.0,1333385531.78,9.1622,TRUE
MYS,PAK,1995,136597066.64,138461360.29,8.1354,FALSE
MYS,ARG,1995,3211260.86,2846697.03,6.5067,FALSE
MMR,KHM,1995,1008183448.67,901945862.06,9.0035,TRUE
MMR,IDN,1995,413563942.62,423938790.98,8.6165,TRUE
MMR,LAO,1995,467183481.86,525754913.16,8.6695,TRUE
MMR,MYS,1995,34901585.54,37251616.86,7.5428,FALSE
MMR,PHL,1995,2004538469.27,2051720384.26,9.302,TRUE
MMR,THA,1995,9049173.99,10525651.86,6.9566,FALSE
MMR,VNM,1995,930726473.73,1093255278.24,8.9688,TRUE
MMR,CHN,1995,588461321.36,615016137.72,8.7697,TRUE
MMR,USA,1995,304940677.38,264503054.1,8.4842,FALSE
MMR,JPN,1995,159886000.6,195286997.07,8.2038,FALSE
MMR,KOR,1995,331090486.87,382048485.06,8.5199,FALSE
MMR,DEU,1995,1621704454.08,1548842884.35,9.21,TRUE
MMR,TWN,1995,58894254.42,67861778.8,7.7701,FALSE
MMR,FRA,1995,1742662419.03,1685538908.82,9.2412,TRUE
MMR,GBR,1995,583021707.0,626093565.51,8.7657,TRUE
MMR,RUS,1995,115986791.37,139243347.03,8.0644,FALSE
MMR,CAN,1995,33383651.85,33752934.06,7.5235,FALSE
MMR,ARE,1995,4040908690.37,3570839491.16,9.6065,TRUE
MMR,NGA,1995,6115977851.46,5896734273.57,9.7865,TRUE
MMR,EGY,1995,6516268166.63,5861815179.18,9.814,TRUE
MMR,CHL,1995,279248604.58,339130662.25,8.446,FALSE
PHL,KHM,1995,47413145.94,43496324.96,7.6759,FALSE
PHL,IDN,1995,541149640.14,653070381.25,8.7333,TRUE
PHL,LAO,1995,325490025.61,342419730.3,8.5125,FALSE
PHL,MYS,1995,1841220080.5,1669808680.07,9.2651,TRUE
PHL,MMR,1995,452491921.49,528807217.09,8.6556,TRUE
PHL,SGP,1995,1372389306.14,1495312239.55,9.1375,TRUE
PHL,THA,1995,1352563575.32,1390568712.57,9.1312,TRUE
PHL,VNM,1995,2991940884.19,2803017344.7,9.476,TRUE
PHL,USA,1995,9897902016.03,10540620754.72,9.9955,TRUE
PHL,HKG,1995,77228256.59,65895347.18,7.8878,FALSE
PHL,GBR,1995,22629902.46,26228188.14,7.3547,FALSE
PHL,ZAF,1995,59606725.84,70123715.48,7.7753,FALSE
PHL,RUS,1995,329303086.47,325002313.54,8.5176,FALSE
PHL,MEX,1995,106859359.9,122715272.29,8.0288,FALSE
PHL,CAN,1995,77466744.93,74290889.72,7.8891,FALSE
PHL,ITA,1995,59498516.99,74322864.33,7.7745,FALSE
PHL,ESP,1995,1106486562.63,1058173390.27,9.0439,TRUE
PHL,TUR,1995,3784303871.18,4386839815.62,9.578,TRUE
PHL,SAU,1995,290356533.65,347101243.52,8.4629,FALSE
PHL,ARE,1995,306503667.51,358953607.93,8.4864,FALSE
PHL,BGD,1995,47226514.22,45916747.99,7.6742,FALSE
PHL,NGA,1995,1014769849.86,1111033775.16,9.0064,TRUE
PHL,EGY,1995,71191980.06,74150072.7,7.8524,FALSE
SGP,KHM,1995,32529445.32,32559264.26,7.5123,FALSE
SGP,LAO,1995,155907803.11,145928837.11,8.1929,FALSE
SGP,MYS,1995,801717289.34,917695330.33,8.904,TRUE
SGP,MMR,1995,282255657.88,259423340.95,8.4506,FALSE
SGP,PHL,1995,427317863.16,521516242.53,8.6308,TRUE
SGP,THA,1995,260623567.57,267377981.76,8.416,FALSE
SGP,VNM,1995,202572893.2,174540082.76,8.3066,FALSE
SGP,CHN,1995,160542047.34,177282017.11,8.2056,FALSE
SGP,USA,1995,1638973455.74,1896172653.65,9.2146,TRUE
SGP,JPN,1995,369934625.1,346744142.46,8.5681,TRUE
SGP,KOR,1995,93602515.59,83379178.7,7.9713,FALSE
SGP,DEU,1995,560518382.36,521253509.19,8.7486,TRUE
SGP,HKG,1995,578136548.69,532245965.42,8.762,TRUE
SGP,TWN,1995,41673096.92,45592687.45,7.6199,FALSE
SGP,FRA,1995,81579515.94,83541202.88,7.9116,FALSE
SGP,GBR,1995,474200571.31,512147696.03,8.676,TRUE
SGP,AUS,1995,141193856.04,161083436.68,8.1498,FALSE
SGP,ZAF,1995,281276863.8,284293317.75,8.4491,FALSE
SGP,RUS,1995,53956565.5,48538437.04,7.732,FALSE
SGP,NLD,1995,47919699.67,58370577.43,7.6805,FALSE
SGP,ITA,1995,130991189.0,160151655.66,8.1172,FALSE
SGP,ESP,1995,2227577461.71,2413135532.44,9.3478,TRUE
SGP,TUR,1995,172959265.57,172709408.28,8.2379,FALSE
SGP,SAU,1995,4727280995.92,4517506831.71,9.6746,TRUE
SGP,BGD,1995,3927897384.26,4075825292.0,9.5942,TRUE
SGP,PAK,1995,49006804.88,58636209.14,7.6903,FALSE
SGP,NGA,1995,7427953344.89,8472350937.5,9.8709,TRUE
SGP,CHL,1995,66299361.41,64990818.1,7.8215,FALSE
THA,BRN,1995,36701477.43,39211478.96,7.5647,FALSE
THA,KHM,1995,42920934.43,50486872.75,7.6327,FALSE
THA,LAO,1995,288420890.75,333508748.22,8.46,FALSE
THA,MMR,1995,70055449.82,79987455.52,7.8454,FALSE
THA,PHL,1995,256308139.62,291061555.56,8.4088,FALSE
THA,SGP,1995,1144549971.92,1230571997.28,9.0586,TRUE
THA,CHN,1995,389805008.3,392358917.09,8.5908,TRUE
THA,USA,1995,72020386.51,71224546.65,7.8575,FALSE
THA,IND,1995,1150432670.88,1123513203.49,9.0609,TRUE
THA,TWN,1995,5570762.81,5573942.19,6.7459,FALSE
THA,FRA,1995,811800997.66,1008593540.23,8.9094,TRUE
THA,GBR,1995,131127610.01,137178214.03,8.1177,FALSE
THA,ZAF,1995,748506103.1,889219003.24,8.8742,TRUE
THA,MEX,1995,1293253638.99,1317053767.44,9.1117,TRUE
THA,CAN,1995,1240175222.75,1348644693.66,9.0935,TRUE
THA,ESP,1995,65840805.5,59519859.01,7.8185,FALSE
THA,PAK,1995,75139461.09,84656742.15,7.8759,FALSE
THA,CHL,1995,1102800728.02,1086005002.58,9.0425,TRUE
THA,ARG,1995,170040983.08,152501603.06,8.2306,FALSE
VNM,BRN,1995,332197554.47,379112088.62,8.5214,FALSE
VNM,KHM,1995,3487306.34,3689535.32,6.5425,FALSE
VNM,IDN,1995,101430324.34,89834156.91,8.0062,FALSE
VNM,MMR,1995,202545449.65,185871751.32,8.3065,FALSE
VNM,PHL,1995,469613208.55,464760782.18,8.6717,TRUE
VNM,SGP,1995,1255644420.47,1202417350.54,9.0989,TRUE
VNM,THA,1995,71068898.2,65829850.73,7.8517,FALSE
VNM,CHN,1995,61801826.89,66262274.12,7.791,FALSE
VNM,USA,1995,477460956.7,418847749.3,8.6789,TRUE
VNM,JPN,1995,31839567.84,29985440.82,7.503,FALSE
VNM,KOR,1995,97847733.33,116467081.79,7.9906,FALSE
VNM,HKG,1995,7941385892.49,8275808078.09,9.8999,TRUE
VNM,TWN,1995,2365485872.05,2388211072.72,9.3739,TRUE
VNM,FRA,1995,27337541.41,33815229.87,7.4368,FALSE
VNM,GBR,1995,40814675.77,46828018.45,7.6108,FALSE
VNM,AUS,1995,212566927.14,241188922.33,8.3275,FALSE
VNM,MEX,1995,41818535.5,38528626.18,7.6214,FALSE
VNM,NLD,1995,197334273.6,175972819.18,8.2952,FALSE
VNM,ITA,1995,404794261.97,351802726.52,8.6072,TRUE
VNM,PAK,1995,204949353.01,196883791.5,8.3116,FALSE
VNM,EGY,1995,74153430.34,68726935.46,7.8701,FALSE
VNM,ARG,1995,57312103.39,50008215.4,7.7582,FALSE
CHN,KHM,1995,204995024.98,199702514.99,8.3117,FALSE
CHN,MYS,1995,85404780.69,99796362.93,7.9315,FALSE
CHN,MMR,1995,126914922.95,138022297.15,8.1035,FALSE
CHN,PHL,1995,35969137.2,31775190.35,7.5559,FALSE
CHN,SGP,1995,3130833429.61,2889526127.2,9.4957,TRUE
CHN,VNM,1995,118642831.23,106854529.84,8.0742,FALSE
CHN,KOR,1995,333135335.49,353161352.59,8.5226,FALSE
CHN,GBR,1995,469046397.81,449893327.35,8.6712,TRUE
CHN,AUS,1995,138212709.16,151823098.75,8.1405,FALSE
CHN,BRA,1995,928875806.98,861344688.64,8.968,TRUE
CHN,ZAF,1995,332444649.65,304474169.83,8.5217,FALSE
CHN,MEX,1995,710592.48,877620.54,5.8516,FALSE
CHN,ITA,1995,80580593.91,91484998.85,7.9062,FALSE
CHN,ESP,1995,186939401.6,187813295.31,8.2717,FALSE
CHN,ARE,1995,219274602.46,222062382.62,8.341,FALSE
CHN,PAK,1995,1453353186.32,1745103586.19,9.1624,TRUE
CHN,ARG,1995,612827752.06,646481223.16,8.7873,TRUE
USA,KHM,1995,282059983.81,334179972.49,8.4503,FALSE
USA,IDN,1995,66255116.63,64845529.39,7.8212,FALSE
USA,LAO,1995,548482736.76,521122411.9,8.7392,TRUE
USA,MYS,1995,231160032.59,288400981.33,8.3639,FALSE
USA,MMR,1995,90654839.66,99359459.35,7.9574,FALSE
USA,SGP,1995,271439831.77,274732549.8,8.4337,FALSE
USA,CHN,1995,11466352.74,9916606.86,7.0594,FALSE
USA,JPN,1995,813318960.6,994312809.6,8.9103,TRUE
USA,KOR,1995,1150970065.12,1292097329.54,9.0611,TRUE
USA,HKG,1995,18565831.5,17133845.77,7.2687,FALSE
USA,TWN,1995,284702510.21,246476245.31,8.4544,FALSE
USA,FRA,1995,37313535.97,35035473.03,7.5719,FALSE
USA,AUS,1995,809083534.25,908002197.98,8.908,TRUE
USA,BRA,1995,10426651.42,12632358.89,7.0181,FALSE
USA,MEX,1995,51384460.13,43742185.14,7.7108,FALSE
USA,ITA,1995,159521151.18,173950815.36,8.2028,FALSE
USA,ESP,1995,30703212.57,37053935.42,7.4872,FALSE
USA,TUR,1995,6269853128.56,7453942715.72,9.7973,TRUE
USA,SAU,1995,288928624.02,304028995.38,8.4608,FALSE
USA,PAK,1995,35774538.62,33855449.73,7.5536,FALSE
USA,NGA,1995,506306595.84,608048889.04,8.7044,TRUE
USA,EGY,1995,528963593.91,474117114.05,8.7234,TRUE
USA,ARG,1995,173089925.92,156546561.15,8.2383,FALSE
JPN,IDN,1995,3400065290.9,2941560721.81,9.5315,TRUE
JPN,LAO,1995,703312972.5,637578399.82,8.8471,TRUE
JPN,MMR,1995,328935026.65,285649042.57,8.5171,FALSE
JPN,PHL,1995,133319124.44,158821869.56,8.1249,FALSE
JPN,SGP,1995,441873859.97,407076038.48,8.6453,TRUE
JPN,DEU,1995,150046492.61,150605615.53,8.1762,FALSE
JPN,IND,1995,72950146.33,73520840.41,7.863,FALSE
JPN,TWN,1995,193681728.14,184723178.6,8.2871,FALSE
JPN,FRA,1995,597779620.27,605876224.14,8.7765,TRUE
JPN,CAN,1995,14376959.19,15324385.8,7.1577,FALSE
JPN,NLD,1995,406805539.13,386524371.08,8.6094,TRUE
JPN,ITA,1995,1138632372.14,1198789796.94,9.0564,TRUE
JPN,SAU,1995,211276946.92,204420836.63,8.3249,FALSE
JPN,ARE,1995,88071460.56,100351894.68,7.9448,FALSE
JPN,PAK,1995,770379112.77,868463270.34,8.8867,TRUE
JPN,NGA,1995,1009808929.96,1261334015.74,9.0042,TRUE
JPN,EGY,1995,41297307.05,44105246.59,7.6159,FALSE
KOR,BRN,1995,4177037.67,3801783.0,6.6209,FALSE
KOR,KHM,1995,1190035052.31,1306859170.45,9.0756,TRUE
KOR,LAO,1995,159558938.6,185566279.72,8.2029,FALSE
KOR,MMR,1995,15457506.88,14112660.55,7.1891,FALSE
KOR,PHL,1995,1871227956.73,1978876634.47,9.2721,TRUE
KOR,SGP,1995,512815178.74,526531410.53,8.71,TRUE
KOR,THA,1995,395973752.95,378517056.72,8.5977,TRUE
KOR,IND,1995,367651184.04,446304743.8,8.5654,TRUE
KOR,HKG,1995,406286694.49,353347463.22,8.6088,TRUE
KOR,FRA,1995,3623146189.85,3490756713.33,9.5591,TRUE
KOR,GBR,1995,711977716.69,672999526.8,8.8525,TRUE
KOR,AUS,1995,264010564.2,267405433.69,8.4216,FALSE
KOR,NLD,1995,10907260.79,12237804.27,7.0377,FALSE
KOR,ITA,1995,134020159.65,125388136.64,8.1272,FALSE
KOR,ESP,1995,276741965.29,311003677.71,8.4421,FALSE
KOR,TUR,1995,577471470.01,707733961.79,8.7615,TRUE
KOR,SAU,1995,591323524.61,543175010.6,8.7718,TRUE
KOR,ARE,1995,222125108.28,258257394.99,8.3466,FALSE
KOR,PAK,1995,205036560.47,249032585.22,8.3118,FALSE
KOR,EGY,1995,131960418.47,164714228.58,8.1204,FALSE
KOR,CHL,1995,443275630.0,434736306.36,8.6467,TRUE
DEU,IDN,1995,797271873.8,859676466.0,8.9016,TRUE
DEU,LAO,1995,393884549.74,442340400.53,8.5954,TRUE
DEU,MMR,1995,103737965.52,104766017.49,8.0159,FALSE
DEU,THA,1995,60439415.54,65201721.8,7.7813,FALSE
DEU,VNM,1995,186295883.53,181558233.3,8.2702,FALSE
DEU,USA,1995,1046499314.37,1212500868.74,9.0197,TRUE
DEU,KOR,1995,1694881311.05,1808769226.15,9.2291,TRUE
DEU,IND,1995,129482638.49,115095169.32,8.1122,FALSE
DEU,TWN,1995,58970527.4,66501992.13,7.7706,FALSE
DEU,GBR,1995,32970109.45,40431814.98,7.5181,FALSE
DEU,AUS,1995,181141301.98,191846841.59,8.258,FALSE
DEU,BRA,1995,53219707.25,55280018.77,7.7261,FALSE
DEU,RUS,1995,134094363.81,120538653.95,8.1274,FALSE
DEU,NLD,1995,34775605.08,30533502.19,7.5413,FALSE
DEU,ITA,1995,959102161.69,895431060.53,8.9819,TRUE
DEU,ESP,1995,1364284804.39,1659676704.51,9.1349,TRUE
DEU,BGD,1995,1347927800.28,1566061193.08,9.1297,TRUE
DEU,PAK,1995,56343598.9,50350307.56,7.7508,FALSE
DEU,NGA,1995,2778511697.93,2831779530.38,9.4438,TRUE
DEU,ARG,1995,16581706576.36,16233453913.14,10.2196,TRUE
IND,KHM,1995,309173682.23,269119848.03,8.4902,FALSE
IND,IDN,1995,76783420.89,68524148.34,7.8853,FALSE
IND,MYS,1995,17786161.88,16076097.56,7.2501,FALSE
IND,MMR,1995,92068639.55,102414848.99,7.9641,FALSE
IND,PHL,1995,223081465.48,201044205.54,8.3485,FALSE
IND,SGP,1995,202295799.2,202891914.5,8.306,FALSE
IND,THA,1995,37704729.03,40779512.81,7.5764,FALSE
IND,VNM,1995,26184718423.1,24359298068.78,10.418,TRUE
IND,USA,1995,481274465.42,420846007.07,8.6824,TRUE
IND,JPN,1995,446739913.65,460877827.45,8.6501,TRUE
IND,DEU,1995,18333196.5,17354936.72,7.2632,FALSE
IND,TWN,1995,128208596.95,122520378.82,8.1079,FALSE
IND,FRA,1995,501027376.95,438923418.89,8.6999,TRUE
IND,GBR,1995,105202772.35,119155025.42,8.022,FALSE
IND,AUS,1995,28944030.55,26713662.29,7.4616,FALSE
IND,BRA,1995,1356223475.8,1631518384.82,9.1323,TRUE
IND,ZAF,1995,266610599.71,249891754.42,8.4259,FALSE
IND,RUS,1995,192237585.12,193158255.49,8.2838,FALSE
IND,CAN,1995,10679785.09,12391073.48,7.0286,FALSE
IND,ITA,1995,74430242.9,82911960.25,7.8717,FALSE
IND,SAU,1995,25465345136.44,30409777140.02,10.4059,TRUE
IND,BGD,1995,373431617.3,327822740.18,8.5722,TRUE
IND,PAK,1995,8887006.66,9433889.67,6.9488,FALSE
IND,NGA,1995,43354589.57,43196183.07,7.637,FALSE
HKG,BRN,1995,236820236.54,288739798.37,8.3744,FALSE
HKG,KHM,1995,330637917.22,286141710.73,8.5194,FALSE
HKG,THA,1995,6313180780.84,6398134940.8,9.8002,TRUE
HKG,CHN,1995,40621585.22,42200701.42,7.6088,FALSE
HKG,USA,1995,48142523.49,58554182.91,7.6825,FALSE
HKG,KOR,1995,150094636.11,132051793.44,8.1764,FALSE
HKG,DEU,1995,18788727.29,18067027.99,7.2739,FALSE
HKG,TWN,1995,412077655.91,398782667.84,8.615,TRUE
HKG,GBR,1995,157717742.67,145145129.33,8.1979,FALSE
HKG,AUS,1995,623135240.19,651073710.67,8.7946,TRUE
HKG,BRA,1995,39335903.61,36130886.39,7.5948,FALSE
HKG,ZAF,1995,12283481.49,14703378.57,7.0893,FALSE
HKG,RUS,1995,2897817073.13,3583248141.22,9.4621,TRUE
HKG,NLD,1995,33218494.58,37837089.28,7.5214,FALSE
HKG,ESP,1995,23840868.4,29126799.89,7.3773,FALSE
HKG,SAU,1995,9985410.87,11991392.08,6.9994,FALSE
HKG,BGD,1995,218460776.27,216916475.81,8.3394,FALSE
HKG,PAK,1995,273053470.16,337372772.45,8.4362,FALSE
HKG,EGY,1995,666593649.38,802063690.76,8.8239,TRUE
HKG,CHL,1995,532669103.5,584516076.83,8.7265,TRUE
TWN,BRN,1995,123549788.99,113280852.14,8.0918,FALSE
TWN,KHM,1995,51703604.53,62097928.83,7.7135,FALSE
TWN,MMR,1995,965904184.43,955989049.12,8.9849,TRUE
TWN,SGP,1995,2730430.51,2786812.99,6.4362,FALSE
TWN,VNM,1995,136041184.95,124546335.12,8.1337,FALSE
TWN,JPN,1995,17698906.7,15177607.36,7.2479,FALSE
TWN,KOR,1995,99269905.73,107503829.29,7.9968,FALSE
TWN,HKG,1995,324684531.34,308387766.2,8.5115,FALSE
TWN,GBR,1995,710180313.68,801220762.1,8.8514,TRUE
TWN,RUS,1995,5875673637.86,5732201823.34,9.7691,TRUE
TWN,CAN,1995,1643241589.46,2026984363.5,9.2157,TRUE
TWN,NLD,1995,315674639.05,353057332.95,8.4992,FALSE
TWN,ITA,1995,186510435.1,189430995.47,8.2707,FALSE
TWN,ESP,1995,89723354.92,84859807.52,7.9529,FALSE
TWN,SAU,1995,372985168.52,346306778.48,8.5717,TRUE
TWN,ARE,1995,13563957.88,16700712.79,7.1324,FALSE
TWN,PAK,1995,27505567.96,24292824.35,7.4394,FALSE
TWN,NGA,1995,173243260.69,179793012.95,8.2387,FALSE
TWN,EGY,1995,710965637.64,810953226.86,8.8518,TRUE
TWN,CHL,1995,49047728.84,52568318.61,7.6906,FALSE
FRA,KHM,1995,765101545.86,874670964.69,8.8837,TRUE
FRA,LAO,1995,71013060.25,61663646.37,7.8513,FALSE
FRA,MYS,1995,2412305708.69,2435310821.37,9.3824,TRUE
FRA,PHL,1995,1571080246.83,1398663166.99,9.1962,TRUE
FRA,SGP,1995,112801403.0,118940590.19,8.0523,FALSE
FRA,VNM,1995,3745031366.03,4324530758.04,9.5735,TRUE
FRA,DEU,1995,769719557.77,906505436.1,8.8863,TRUE
FRA,IND,1995,414687574.51,501584944.59,8.6177,TRUE
FRA,HKG,1995,17859166.25,19594797.54,7.2519,FALSE
FRA,TWN,1995,74104314.61,91437464.61,7.8698,FALSE
FRA,GBR,1995,1294987392.71,1586297993.79,9.1123,TRUE
FRA,AUS,1995,225355073.21,245779965.61,8.3529,FALSE
FRA,BRA,1995,31689332273.12,38561175940.65,10.5009,TRUE
FRA,ZAF,1995,15769314566.56,15466747716.3,10.1978,TRUE
FRA,MEX,1995,501773414.58,605017837.09,8.7005,TRUE
FRA,CAN,1995,180083577.09,212609647.18,8.2555,FALSE
FRA,TUR,1995,369406872.31,417190040.62,8.5675,TRUE
FRA,SAU,1995,303261293.31,355479078.33,8.4818,FALSE
FRA,BGD,1995,139253437.97,142777599.72,8.1438,FALSE
FRA,NGA,1995,309987960.27,314931872.17,8.4913,FALSE
FRA,CHL,1995,2957212783.48,2957741693.58,9.4709,TRUE
GBR,IDN,1995,28492558.37,34273493.4,7.4547,FALSE
GBR,MYS,1995,772973157.39,905630754.0,8.8882,TRUE
GBR,MMR,1995,262642201.53,290641842.81,8.4194,FALSE
GBR,USA,1995,131995869.28,128123787.26,8.1206,FALSE
GBR,KOR,1995,70167090.22,68379047.45,7.8461,FALSE
GBR,DEU,1995,24003832.59,28753264.38,7.3803,FALSE
GBR,IND,1995,18272201080.77,21003301109.42,10.2618,TRUE
GBR,HKG,1995,15816823.13,15266423.55,7.1991,FALSE
GBR,TWN,1995,433619249.99,508269245.08,8.6371,TRUE
GBR,FRA,1995,3823482071.36,3662205069.43,9.5825,TRUE
GBR,BRA,1995,4070361.66,4985609.52,6.6096,FALSE
GBR,MEX,1995,15687200.84,15062506.37,7.1955,FALSE
GBR,CAN,1995,147226870.32,183863778.43,8.168,FALSE
GBR,NLD,1995,383305975.94,445902729.95,8.5835,TRUE
GBR,ESP,1995,2743853.98,3062259.39,6.4384,FALSE
GBR,TUR,1995,1713182359.17,1797182256.09,9.2338,TRUE
GBR,SAU,1995,36032060.29,42107882.35,7.5567,FALSE
GBR,PAK,1995,111041251.44,104562401.71,8.0455,FALSE
GBR,NGA,1995,20519504.55,22018757.46,7.3122,FALSE
GBR,EGY,1995,2006075686.71,1764994550.81,9.3023,TRUE
GBR,ARG,1995,105226140.25,102118644.45,8.0221,FALSE
AUS,BRN,1995,203926829.83,178701190.37,8.3095,FALSE
AUS,KHM,1995,2829989174.37,3094316746.96,9.4518,TRUE
AUS,LAO,1995,26662776.7,26019079.66,7.4259,FALSE
AUS,MYS,1995,3281501271.86,3995139883.46,9.5161,TRUE
AUS,MMR,1995,58231302.31,67725812.52,7.7652,FALSE
AUS,SGP,1995,231804575.38,254943827.75,8.3651,FALSE
AUS,THA,1995,1187500185.66,1425198886.02,9.0746,TRUE
AUS,VNM,1995,107224204.36,102357836.61,8.0303,FALSE
AUS,CHN,1995,156023822.67,172504380.88,8.1932,FALSE
AUS,USA,1995,21016281.43,18065366.88,7.3226,FALSE
AUS,KOR,1995,82736467.15,83194645.12,7.9177,FALSE
AUS,DEU,1995,188326857.76,216963587.25,8.2749,FALSE
AUS,IND,1995,2144596379.18,2130587210.04,9.3313,TRUE
AUS,FRA,1995,1601791248.15,1886305320.54,9.2046,TRUE
AUS,ZAF,1995,57617744.88,71419100.06,7.7606,FALSE
AUS,RUS,1995,3409375715.07,3886093484.18,9.5327,TRUE
AUS,TUR,1995,208844066.08,215362024.3,8.3198,FALSE
AUS,PAK,1995,15127140.81,16661877.37,7.1798,FALSE
AUS,EGY,1995,153635555.32,164724010.91,8.1865,FALSE
AUS,CHL,1995,14300113.91,16803266.07,7.1553,FALSE
AUS,ARG,1995,86035151.94,77578534.67,7.9347,FALSE
BRA,BRN,1995,148762593.3,144281155.19,8.1725,FALSE
BRA,KHM,1995,49944283.27,54080568.05,7.6985,FALSE
BRA,IDN,1995,785691416.69,923496135.96,8.8953,TRUE
BRA,LAO,1995,2330235057.36,2910019500.32,9.3674,TRUE
BRA,PHL,1995,119889652.23,125682138.47,8.0788,FALSE
BRA,VNM,1995,81035107.43,100978534.0,7.9087,FALSE
BRA,USA,1995,8333416.47,9988873.5,6.9208,FALSE
BRA,DEU,1995,22519305.42,27910221.21,7.3526,FALSE
BRA,HKG,1995,916063746.59,1051597375.57,8.9619,TRUE
BRA,FRA,1995,14716165.86,12764951.47,7.1678,FALSE
BRA,GBR,1995,15372281.18,18168595.08,7.1867,FALSE
BRA,ZAF,1995,3353320903.75,3127156073.78,9.5255,TRUE
BRA,RUS,1995,283651854.37,263541217.75,8.4528,FALSE
BRA,MEX,1995,1187421128.79,1098217322.61,9.0746,TRUE
BRA,CAN,1995,42826187.8,43902344.06,7.6317,FALSE
BRA,ITA,1995,7515725.26,8426008.14,6.876,FALSE
BRA,TUR,1995,1940673019.83,2187928245.34,9.288,TRUE
BRA,SAU,1995,152100362.52,154922845.23,8.1821,FALSE
BRA,ARE,1995,1529498544.0,1655112238.39,9.1845,TRUE
BRA,BGD,1995,398939793.57,401813914.15,8.6009,TRUE
BRA,PAK,1995,144057942.48,166445417.62,8.1585,FALSE
BRA,NGA,1995,511239238.94,619450403.38,8.7086,TRUE
BRA,EGY,1995,61358736.25,65395492.35,7.7879,FALSE
ZAF,BRN,1995,209357380.83,223257319.55,8.3209,FALSE
ZAF,LAO,1995,19110237.69,22235073.93,7.2813,FALSE
ZAF,MMR,1995,1144295189.32,988424300.93,9.0585,TRUE
ZAF,PHL,1995,95358206.98,95205853.05,7.9794,FALSE
ZAF,SGP,1995,561285726.32,681361439.75,8.7492,TRUE
ZAF,THA,1995,385424410.06,363043906.77,8.5859,TRUE
ZAF,VNM,1995,331424272.28,299447545.54,8.5204,FALSE
ZAF,CHN,1995,54801268.15,58992651.38,7.7388,FALSE
ZAF,USA,1995,12688690.8,14579444.92,7.1034,FALSE
ZAF,KOR,1995,24395201.84,23521540.95,7.3873,FALSE
ZAF,DEU,1995,27791600.13,24931801.69,7.4439,FALSE
ZAF,TWN,1995,1061506108.04,1314110176.59,9.0259,TRUE
ZAF,GBR,1995,352091958.05,333647559.34,8.5467,FALSE
ZAF,BRA,1995,2665711924.83,3194596933.81,9.4258,TRUE
ZAF,RUS,1995,20771211.05,22923514.3,7.3175,FALSE
ZAF,CAN,1995,60256262.29,61971069.76,7.78,FALSE
ZAF,ITA,1995,581567893.3,673242995.24,8.7646,TRUE
ZAF,ESP,1995,339470320.31,290508035.36,8.5308,FALSE
ZAF,SAU,1995,1490345265.7,1616047412.88,9.1733,TRUE
ZAF,BGD,1995,980469085.28,1096097466.3,8.9914,TRUE
ZAF,PAK,1995,1055765344.16,945129145.42,9.0236,TRUE
ZAF,EGY,1995,161286277.75,197250178.92,8.2076,FALSE
ZAF,CHL,1995,168950300.03,210065955.51,8.2278,FALSE
ZAF,ARG,1995,68782194.36,72096067.04,7.8375,FALSE
RUS,BRN,1995,108398060.04,108408452.15,8.035,FALSE
RUS,LAO,1995,35986049.65,35126759.01,7.5561,FALSE
RUS,MMR,1995,354651542.34,321068594.25,8.5498,FALSE
RUS,VNM,1995,6393177.17,5705786.44,6.8057,FALSE
RUS,CHN,1995,321315016.44,327598480.61,8.5069,FALSE
RUS,JPN,1995,15016759.59,18419539.94,7.1766,FALSE
RUS,FRA,1995,133210077.75,135148464.28,8.1245,FALSE
RUS,AUS,1995,827017995.38,1033596543.56,8.9175,TRUE
RUS,BRA,1995,144817225.94,178137442.95,8.1608,FALSE
RUS,MEX,1995,4916871.6,5496370.16,6.6917,FALSE
RUS,ITA,1995,2025757243.82,1789833257.63,9.3066,TRUE
RUS,ESP,1995,193083166.81,175106535.88,8.2857,FALSE
RUS,TUR,1995,17458336.34,15037459.4,7.242,FALSE
RUS,SAU,1995,76957520.03,85312261.88,7.8863,FALSE
RUS,ARE,1995,141255147.05,144671348.88,8.15,FALSE
RUS,EGY,1995,280204124.21,345844386.5,8.4475,FALSE
RUS,CHL,1995,9942573714.51,11371070858.92,9.9975,TRUE
MEX,KHM,1995,348881228.14,354109028.08,8.5427,FALSE
MEX,IDN,1995,34133204.94,33984912.09,7.5332,FALSE
MEX,MMR,1995,21060424268.53,24380540315.02,10.3235,TRUE
MEX,THA,1995,16541462.22,16345431.9,7.2186,FALSE
MEX,USA,1995,3964524878.61,4078689462.69,9.5982,TRUE
MEX,KOR,1995,2539643.62,3164577.91,6.4048,FALSE
MEX,DEU,1995,600037386.86,690184483.28,8.7782,TRUE
MEX,IND,1995,30624245.48,38192974.58,7.4861,FALSE
MEX,HKG,1995,212191559.49,208656345.85,8.3267,FALSE
MEX,TWN,1995,321977282.55,383913251.3,8.5078,FALSE
MEX,GBR,1995,594730670.02,624571667.06,8.7743,TRUE
MEX,AUS,1995,142986842.8,154673353.66,8.1553,FALSE
MEX,BRA,1995,263813143.51,313516973.51,8.4213,FALSE
MEX,ZAF,1995,44531858.86,54774217.48,7.6487,FALSE
MEX,NLD,1995,5610645.37,4890955.99,6.749,FALSE
MEX,ITA,1995,457667119.09,530033635.26,8.6605,TRUE
MEX,ESP,1995,79640916.75,92475354.64,7.9011,FALSE
MEX,TUR,1995,213784347.41,208040343.28,8.33,FALSE
MEX,SAU,1995,492883574.04,449366362.93,8.6927,TRUE
MEX,ARE,1995,759035724.24,884376785.6,8.8803,TRUE
MEX,BGD,1995,347509130.08,349196867.7,8.541,FALSE
CAN,BRN,1995,2183333649.64,2290481722.53,9.3391,TRUE
CAN,KHM,1995,175949920.32,206634551.08,8.2454,FALSE
CAN,IDN,1995,10752050.15,10564054.02,7.0315,FALSE
CAN,LAO,1995,66820296.56,61470919.7,7.8249,FALSE
CAN,MMR,1995,3672572906.99,3771942066.16,9.565,TRUE
CAN,SGP,1995,689361910.78,821299914.6,8.8384,TRUE
CAN,THA,1995,219786479.31,265052874.18,8.342,FALSE
CAN,CHN,1995,91881412.39,104399441.67,7.9632,FALSE
CAN,USA,1995,215070732.27,197485617.65,8.3326,FALSE
CAN,KOR,1995,50962697.78,48299938.17,7.7073,FALSE
CAN,DEU,1995,30986783.7,32580562.77,7.4912,FALSE
CAN,HKG,1995,851252589.54,1040292513.39,8.9301,TRUE
CAN,TWN,1995,490114395.7,424110880.13,8.6903,TRUE
CAN,BRA,1995,84135242.99,97395073.17,7.925,FALSE
CAN,ITA,1995,1336604506.08,1487376017.03,9.126,TRUE
CAN,ESP,1995,44443243.66,47655199.82,7.6478,FALSE
CAN,ARE,1995,253830877.1,223466463.76,8.4045,FALSE
CAN,NGA,1995,356403045.93,370743219.88,8.5519,FALSE
CAN,CHL,1995,119963462.01,130285740.59,8.079,FALSE
NLD,MYS,1995,119623830.55,137727719.2,8.0778,FALSE
NLD,VNM,1995,64761493.12,67627300.16,7.8113,FALSE
NLD,CHN,1995,114727221.32,121074578.43,8.0597,FALSE
NLD,FRA,1995,5418795.12,4801047.79,6.7339,FALSE
NLD,BRA,1995,2852218.94,3079861.35,6.4552,FALSE
NLD,ZAF,1995,423681325.35,440532950.2,8.627,TRUE
NLD,RUS,1995,472121836.16,517896212.36,8.6741,TRUE
NLD,MEX,1995,182619195.14,162796324.64,8.2615,FALSE
NLD,CAN,1995,7057325.56,7419446.75,6.8486,FALSE
NLD,TUR,1995,1623964312.72,1549467382.37,9.2106,TRUE
NLD,SAU,1995,180385892.03,164990987.85,8.2562,FALSE
NLD,ARE,1995,560448238.22,569897370.01,8.7485,TRUE
NLD,BGD,1995,283991070.03,305354618.31,8.4533,FALSE
NLD,PAK,1995,327106607.82,280516900.23,8.5147,FALSE
NLD,NGA,1995,1373534018.85,1533844328.08,9.1378,TRUE
NLD,EGY,1995,46021094.84,49971358.31,7.663,FALSE
NLD,CHL,1995,85845582.34,95602398.45,7.9337,FALSE
NLD,ARG,1995,3143224893.87,3158800386.54,9.4974,TRUE
ITA,MMR,1995,178356582.07,217161087.65,8.2513,FALSE
ITA,PHL,1995,76565085.2,86410033.64,7.884,FALSE
ITA,SGP,1995,245456083.74,259298738.97,8.39,FALSE
ITA,VNM,1995,5011047313.23,4421876523.67,9.6999,TRUE
ITA,CHN,1995,10946727989.43,12665550642.59,10.0393,TRUE
ITA,KOR,1995,6142195624.94,6566649910.29,9.7883,TRUE
ITA,IND,1995,1463362737.95,1784540756.67,9.1654,TRUE
ITA,TWN,1995,331370776.93,365338453.02,8.5203,FALSE
ITA,FRA,1995,1280353952.4,1561669116.85,9.1073,TRUE
ITA,GBR,1995,593273518.58,515227237.75,8.7733,TRUE
ITA,AUS,1995,12028610.83,11754393.66,7.0802,FALSE
ITA,ZAF,1995,26366805286.67,27113844227.2,10.4211,TRUE
ITA,MEX,1995,2699770721.3,2554521683.08,9.4313,TRUE
ITA,ESP,1995,423644966.28,472127649.19,8.627,TRUE
ITA,SAU,1995,60716398.83,72738604.62,7.7833,FALSE
ITA,NGA,1995,103583271.05,90355131.74,8.0153,FALSE
ITA,CHL,1995,139596896.71,148468900.25,8.1449,FALSE
ESP,KHM,1995,81660632.64,94412803.53,7.912,FALSE
ESP,IDN,1995,16967512.28,16494713.56,7.2296,FALSE
ESP,LAO,1995,310868819.14,338533594.56,8.4926,FALSE
ESP,PHL,1995,10549670.17,10867451.66,7.0232,FALSE
ESP,SGP,1995,458149359.37,465500237.67,8.661,TRUE
ESP,THA,1995,122055355.78,143652857.82,8.0866,FALSE
ESP,VNM,1995,10267190.78,11136904.11,7.0115,FALSE
ESP,USA,1995,751176727.23,938953723.28,8.8757,TRUE
ESP,KOR,1995,3002171643.78,3350461976.32,9.4774,TRUE
ESP,IND,1995,107501964.18,101832849.13,8.0314,FALSE
ESP,HKG,1995,135376842.94,120282746.01,8.1315,FALSE
ESP,TWN,1995,103563904.61,97692902.61,8.0152,FALSE
ESP,FRA,1995,5921793.06,7162047.96,6.7725,FALSE
ESP,GBR,1995,139922125.53,126602588.84,8.1459,FALSE
ESP,BRA,1995,114247111.05,110590693.4,8.0578,FALSE
ESP,ZAF,1995,210243835.23,192871129.42,8.3227,FALSE
ESP,RUS,1995,154142176.52,136250377.84,8.1879,FALSE
ESP,MEX,1995,108020971.81,119959949.9,8.0335,FALSE
ESP,ITA,1995,684725881.91,592981111.92,8.8355,TRUE
ESP,ARE,1995,14641265.36,14173103.08,7.1656,FALSE
ESP,BGD,1995,157287395.59,168731076.18,8.1967,FALSE
ESP,EGY,1995,968800099.97,980678277.06,8.9862,TRUE
ESP,ARG,1995,1012793481.93,1004863168.49,9.0055,TRUE
TUR,KHM,1995,35706292.12,38956884.06,7.5527,FALSE
TUR,IDN,1995,365684007.32,347175764.03,8.5631,TRUE
TUR,LAO,1995,1558198.65,1915871.73,6.1926,FALSE
TUR,MYS,1995,170695947.38,200460248.14,8.2322,FALSE
TUR,MMR,1995,119132554.51,140657529.65,8.076,FALSE
TUR,THA,1995,23052209513.35,21465271896.6,10.3627,TRUE
TUR,KOR,1995,10335785.05,8894278.88,7.0143,FALSE
TUR,DEU,1995,1027398729.45,995358852.25,9.0117,TRUE
TUR,IND,1995,142900734.63,178266282.92,8.155,FALSE
TUR,TWN,1995,190218693.21,232632118.37,8.2793,FALSE
TUR,FRA,1995,257294514.22,300285932.14,8.4104,FALSE
TUR,GBR,1995,21515208.21,25015318.53,7.3327,FALSE
TUR,AUS,1995,552719227.41,565123588.63,8.7425,TRUE
TUR,RUS,1995,440553264.7,530968137.41,8.644,TRUE
TUR,CAN,1995,129100890.91,120877854.84,8.1109,FALSE
TUR,NLD,1995,1641009442.92,1939645133.96,9.2151,TRUE
TUR,ESP,1995,13985536.4,13206253.21,7.1457,FALSE
TUR,BGD,1995,225441781.65,199519898.27,8.353,FALSE
TUR,NGA,1995,2588686634.93,2800088400.97,9.4131,TRUE
SAU,KHM,1995,554932658.0,653842608.59,8.7442,TRUE
SAU,MYS,1995,60094079.47,61087102.92,7.7788,FALSE
SAU,PHL,1995,29499240.53,28483194.94,7.4698,FALSE
SAU,VNM,1995,464229627.46,502485177.62,8.6667,TRUE
SAU,USA,1995,846275692.02,846400868.54,8.9275,TRUE
SAU,KOR,1995,10447378.32,10861188.07,7.019,FALSE
SAU,IND,1995,94371303.41,82760368.67,7.9748,FALSE
SAU,HKG,1995,2046438971.42,2283208969.38,9.311,TRUE
SAU,FRA,1995,184015834.28,229284095.89,8.2649,FALSE
SAU,GBR,1995,25000320.85,29724276.67,7.3979,FALSE
SAU,AUS,1995,130444404.39,120987015.81,8.1154,FALSE
SAU,MEX,1995,13394316.11,16476527.3,7.1269,FALSE
SAU,CAN,1995,36518844.19,36184432.37,7.5625,FALSE
SAU,ITA,1995,981781566.18,1029787840.54,8.992,TRUE
SAU,TUR,1995,15923884.7,14920267.74,7.202,FALSE
SAU,BGD,1995,213026025.65,187496967.72,8.3284,FALSE
SAU,NGA,1995,830860423.29,764149997.51,8.9195,TRUE
ARE,BRN,1995,203659846.52,239252399.86,8.3089,FALSE
ARE,KHM,1995,67758229.06,78318613.15,7.831,FALSE
ARE,LAO,1995,26301245.87,25572743.96,7.42,FALSE
ARE,MYS,1995,427391087.38,508328510.12,8.6308,TRUE
ARE,PHL,1995,293889229.64,300335227.1,8.4682,FALSE
ARE,SGP,1995,2882496.32,2459705.9,6.4598,FALSE
ARE,VNM,1995,804023492.8,967938206.78,8.9053,TRUE
ARE,CHN,1995,1613458259.95,1438295588.14,9.2078,TRUE
ARE,USA,1995,918457147.39,1124364740.1,8.9631,TRUE
ARE,IND,1995,522464959.55,631652031.12,8.7181,TRUE
ARE,TWN,1995,479248563.5,414346538.87,8.6806,TRUE
ARE,FRA,1995,227360661.52,263554330.63,8.3567,FALSE
ARE,GBR,1995,734594063.07,648376776.7,8.866,TRUE
ARE,AUS,1995,65218958.35,66018467.52,7.8144,FALSE
ARE,RUS,1995,116264130.78,131664163.59,8.0654,FALSE
ARE,MEX,1995,198485388.69,199117909.52,8.2977,FALSE
ARE,BGD,1995,380381861.73,454120746.92,8.5802,TRUE
ARE,PAK,1995,496480815.71,451947765.65,8.6959,TRUE
ARE,NGA,1995,26140416.41,32426935.71,7.4173,FALSE
ARE,EGY,1995,34101609.4,32571682.89,7.5328,FALSE
ARE,CHL,1995,1291838626.9,1173994157.77,9.1112,TRUE
ARE,ARG,1995,1420737613.15,1773442713.81,9.1525,TRUE
BGD,IDN,1995,4223090723.56,3908172854.07,9.6256,TRUE
BGD,MYS,1995,792398414.4,953027156.99,8.8989,TRUE
BGD,MMR,1995,63626362.68,55799770.18,7.8036,FALSE
BGD,VNM,1995,236931610.85,239110274.02,8.3746,FALSE
BGD,USA,1995,100353420.65,90659217.6,8.0015,FALSE
BGD,IND,1995,283735590.39,275682300.09,8.4529,FALSE
BGD,TWN,1995,1612914344.01,1478372048.95,9.2076,TRUE
BGD,RUS,1995,88680865.07,75966161.97,7.9478,FALSE
BGD,MEX,1995,150086222.64,130080294.61,8.1763,FALSE
BGD,CAN,1995,463503019.76,503379536.6,8.6661,TRUE
BGD,NLD,1995,163177125.37,166364582.5,8.2127,FALSE
BGD,ESP,1995,3066466612.73,3415345745.69,9.4866,TRUE
BGD,TUR,1995,28776853.94,27944791.71,7.459,FALSE
BGD,ARE,1995,66670362.6,62953937.58,7.8239,FALSE
BGD,NGA,1995,119389949.87,134368158.02,8.077,FALSE
BGD,CHL,1995,310713380.44,306214254.21,8.4924,FALSE
BGD,ARG,1995,9567029.27,9172439.72,6.9808,FALSE
PAK,KHM,1995,749678104.65,703091997.45,8.8749,TRUE
PAK,IDN,1995,238084119.78,269721831.14,8.3767,FALSE
PAK,LAO,1995,66444406.0,76155504.67,7.8225,FALSE
PAK,SGP,1995,114655981.32,98278258.44,8.0594,FALSE
PAK,VNM,1995,388028420.54,407532641.73,8.5889,TRUE
PAK,CHN,1995,1068560039.59,926646323.47,9.0288,TRUE
PAK,KOR,1995,234799017.14,232516856.19,8.3707,FALSE
PAK,DEU,1995,259013390.33,261214282.49,8.4133,FALSE
PAK,HKG,1995,143980669.2,148390134.43,8.1583,FALSE
PAK,GBR,1995,248787719.34,289596523.35,8.3958,FALSE
PAK,AUS,1995,230269861.19,207152123.77,8.3622,FALSE
PAK,ZAF,1995,22501108.41,27355180.67,7.3522,FALSE
PAK,CAN,1995,563273402.51,631497134.61,8.7507,TRUE
PAK,ITA,1995,237145374.01,248859100.45,8.375,FALSE
PAK,TUR,1995,8689808146.14,9131045289.49,9.939,TRUE
PAK,NGA,1995,316217652.78,298107791.21,8.5,FALSE
PAK,CHL,1995,165735783.35,198529433.8,8.2194,FALSE
NGA,LAO,1995,85904479.56,96438867.92,7.934,FALSE
NGA,MYS,1995,2029787259.78,1763191719.71,9.3075,TRUE
NGA,SGP,1995,134731750.68,133318461.52,8.1295,FALSE
NGA,THA,1995,1345067613.69,1615720949.8,9.1287,TRUE
NGA,CHN,1995,233405999.57,269499331.34,8.3681,FALSE
NGA,USA,1995,127056352.13,158340225.39,8.104,FALSE
NGA,DEU,1995,669865600.08,620597249.16,8.826,TRUE
NGA,TWN,1995,562228193.49,698348971.76,8.7499,TRUE
NGA,FRA,1995,5966429.55,7217802.85,6.7757,FALSE
NGA,BRA,1995,152651713.02,159629386.92,8.1837,FALSE
NGA,MEX,1995,71205303.66,68958383.3,7.8525,FALSE
NGA,NLD,1995,60216331.09,75235168.3,7.7797,FALSE
NGA,ITA,1995,2820423406.59,3322472237.85,9.4503,TRUE
NGA,ESP,1995,30733100.68,34261802.74,7.4876,FALSE
NGA,BGD,1995,31068658.83,35663663.13,7.4923,FALSE
NGA,EGY,1995,515145946.61,635278679.3,8.7119,TRUE
EGY,BRN,1995,2013944711.13,2083629610.36,9.304,TRUE
EGY,KHM,1995,27721924841.03,25303574211.4,10.4428,TRUE
EGY,MYS,1995,835846019.3,1043815655.63,8.9221,TRUE
EGY,USA,1995,4677571557.34,4687986694.74,9.67,TRUE
EGY,JPN,1995,238129713.79,262145291.67,8.3768,FALSE
EGY,DEU,1995,237011938.09,288924436.44,8.3748,FALSE
EGY,IND,1995,62075133.34,54607421.41,7.7929,FALSE
EGY,TWN,1995,97386218.28,114196676.05,7.9885,FALSE
EGY,FRA,1995,2302197479.18,1980825813.04,9.3621,TRUE
EGY,ZAF,1995,2450413114.66,2448001459.4,9.3892,TRUE
EGY,RUS,1995,214153448.47,205961237.22,8.3307,FALSE
EGY,CAN,1995,89320418.74,101989325.63,7.951,FALSE
EGY,ITA,1995,587398515.96,617343915.28,8.7689,TRUE
EGY,TUR,1995,213551773.16,238208260.26,8.3295,FALSE
EGY,SAU,1995,209803108.5,250825183.47,8.3218,FALSE
EGY,ARE,1995,370156204.24,435621058.78,8.5684,TRUE
EGY,PAK,1995,17361900.04,14852088.8,7.2396,FALSE
EGY,NGA,1995,1374419141.41,1274845252.29,9.1381,TRUE
EGY,CHL,1995,155075004.94,188557723.1,8.1905,FALSE
CHL,BRN,1995,326299592.1,305730925.66,8.5136,FALSE
CHL,KHM,1995,1720308678.68,1812476278.3,9.2356,TRUE
CHL,IDN,1995,5995854.36,6999762.53,6.7779,FALSE
CHL,MYS,1995,176388315.83,216525566.27,8.2465,FALSE
CHL,MMR,1995,31116265.37,35639452.8,7.493,FALSE
CHL,VNM,1995,927748577.64,993659445.48,8.9674,TRUE
CHL,CHN,1995,4389556.11,4450518.17,6.6424,FALSE
CHL,USA,1995,609004320.65,637764839.88,8.7846,TRUE
CHL,IND,1995,1077026337.58,1217353778.17,9.0322,TRUE
CHL,HKG,1995,31201014.26,36142608.59,7.4942,FALSE
CHL,TWN,1995,53863200.36,52005176.87,7.7313,FALSE
CHL,FRA,1995,1133205054.65,1189437967.4,9.0543,TRUE
CHL,ZAF,1995,43053096.44,52701788.34,7.634,FALSE
CHL,RUS,1995,1462660586.55,1508738730.6,9.1651,TRUE
CHL,CAN,1995,28345349.58,26193743.5,7.4525,FALSE
CHL,ITA,1995,274203039.71,239628410.22,8.4381,FALSE
CHL,ESP,1995,128422205.95,135275560.41,8.1086,FALSE
CHL,TUR,1995,416274043.71,495941968.99,8.6194,TRUE
CHL,SAU,1995,119571531.65,103875875.42,8.0776,FALSE
CHL,ARE,1995,3989812.58,3509235.7,6.601,FALSE
CHL,PAK,1995,7487646887.98,8940471880.5,9.8743,TRUE
ARG,LAO,1995,2959215929.71,2620177218.46,9.4712,TRUE
ARG,USA,1995,211512709.18,251377554.83,8.3253,FALSE
ARG,KOR,1995,12459136.67,13883551.64,7.0955,FALSE
ARG,IND,1995,23290872.06,25998880.34,7.3672,FALSE
ARG,TWN,1995,69633089.84,71844279.75,7.8428,FALSE
ARG,FRA,1995,2178499770.22,1914145539.28,9.3382,TRUE
ARG,GBR,1995,181908161.25,222642988.36,8.2599,FALSE
ARG,AUS,1995,199318863.88,216521203.23,8.2995,FALSE
ARG,BRA,1995,61521526.32,68208060.25,7.789,FALSE
ARG,ZAF,1995,397933084.07,447652507.2,8.5998,TRUE
ARG,RUS,1995,81302135.24,97157805.3,7.9101,FALSE
ARG,MEX,1995,315762898.73,337791123.44,8.4994,FALSE
ARG,CAN,1995,2138453557.64,1944611285.07,9.3301,TRUE
ARG,NLD,1995,238785068.35,256737121.66,8.378,FALSE
ARG,SAU,1995,228360595.91,264484624.01,8.3586,FALSE
ARG,BGD,1995,184432624.43,199780408.92,8.2658,FALSE
ARG,PAK,1995,133402499.26,148182590.47,8.1252,FALSE
ARG,NGA,1995,82742057.31,81409947.73,7.9177,FALSE
ARG,EGY,1995,181363775.48,172571080.62,8.2586,FALSE
ARG,CHL,1995,325813164.75,351159350.17,8.513,FALSE
BRN,MYS,2005,14526109316.62,17957966158.43,10.1621,TRUE
BRN,THA,2005,268266939.64,243729185.63,8.4286,FALSE
BRN,VNM,2005,2026713095.12,2267181816.3,9.3068,TRUE
BRN,CHN,2005,518303887.46,605908198.06,8.7146,FALSE
BRN,USA,2005,412919827.53,512626178.25,8.6159,FALSE
BRN,KOR,2005,656266074.09,741724406.51,8.8171,TRUE
BRN,DEU,2005,110652119.92,137810610.7,8.044,FALSE
BRN,IND,2005,1380031500.77,1679978255.06,9.1399,TRUE
BRN,TWN,2005,574965118.42,669935271.18,8.7596,TRUE
BRN,FRA,2005,628302737.03,560832089.6,8.7982,TRUE
BRN,GBR,2005,91506528.02,99034211.31,7.9615,FALSE
BRN,RUS,2005,842834010.19,790875853.39,8.9257,TRUE
BRN,NLD,2005,4062608774.21,4083766428.82,9.6088,TRUE
BRN,TUR,2005,439289074.29,503150259.89,8.6428,FALSE
BRN,SAU,2005,427411482.97,421335718.25,8.6308,FALSE
BRN,ARE,2005,123124818.92,128641410.76,8.0903,FALSE
BRN,NGA,2005,28514634.25,33175878.97,7.4551,FALSE
BRN,EGY,2005,1015184946.83,1145565802.92,9.0065,TRUE
KHM,BRN,2005,32031503.79,33852693.29,7.5056,FALSE
KHM,IDN,2005,312575138.64,333947066.7,8.495,FALSE
KHM,MYS,2005,266360314.91,291833525.9,8.4255,FALSE
KHM,PHL,2005,11274100.24,12987566.29,7.0521,FALSE
KHM,VNM,2005,2498641241.12,3007058655.08,9.3977,TRUE
KHM,USA,2005,217658326.91,191440512.1,8.3378,FALSE
KHM,KOR,2005,1674168358.72,1649948791.78,9.2238,TRUE
KHM,DEU,2005,161109837.75,189011823.17,8.2071,FALSE
KHM,IND,2005,1234973921.64,1180787092.9,9.0917,TRUE
KHM,GBR,2005,8692203.53,9771320.05,6.9391,FALSE
KHM,ZAF,2005,253244588.23,273666875.89,8.4035,FALSE
KHM,MEX,2005,89113526.9,102809279.54,7.9499,FALSE
KHM,ESP,2005,560549588.33,488252242.77,8.7486,TRUE
KHM,BGD,2005,13703152.64,16925257.82,7.1368,FALSE
KHM,PAK,2005,259231913.95,257878208.98,8.4137,FALSE
IDN,BRN,2005,393787093.9,484018308.94,8.5953,FALSE
IDN,KHM,2005,72094079.08,62321952.55,7.8579,FALSE
IDN,LAO,2005,354048843.12,409723762.33,8.5491,FALSE
IDN,MYS,2005,575994419.78,490900080.05,8.7604,TRUE
IDN,PHL,2005,820490209.35,743422481.32,8.9141,TRUE
IDN,SGP,2005,3793204725.72,4509338913.15,9.579,TRUE
IDN,CHN,2005,3144441867.61,3490236096.64,9.4975,TRUE
IDN,JPN,2005,117786288.17,101397283.85,8.0711,FALSE
IDN,DEU,2005,403607678.93,498912009.61,8.606,FALSE
IDN,IND,2005,261778380.84,306522782.03,8.4179,FALSE
IDN,HKG,2005,3003635086.76,3330497204.57,9.4776,TRUE
IDN,FRA,2005,1166104607.52,1146724421.32,9.0667,TRUE
IDN,BRA,2005,238747100.17,234666405.36,8.3779,FALSE
IDN,RUS,2005,1365764658.47,1674538561.28,9.1354,TRUE
IDN,CAN,2005,196131190.94,207425802.09,8.2925,FALSE
IDN,ESP,2005,767042304.34,757309155.83,8.8848,TRUE
IDN,SAU,2005,4085056028.27,3941438814.83,9.6112,TRUE
IDN,PAK,2005,131477975.6,137222156.01,8.1189,FALSE
IDN,EGY,2005,376000240.18,385611676.19,8.5752,FALSE
LAO,KHM,2005,71613793.51,80044206.09,7.855,FALSE
LAO,IDN,2005,209253146.78,241306615.66,8.3207,FALSE
LAO,MYS,2005,1192302081.47,1488171887.93,9.0764,TRUE
LAO,PHL,2005,1296196502.93,1293540875.36,9.1127,TRUE
LAO,VNM,2005,2093240096.43,2165281525.86,9.3208,TRUE
LAO,CHN,2005,175675727.44,209868706.16,8.2447,FALSE
LAO,USA,2005,1852160645.87,1768390987.43,9.2677,TRUE
LAO,KOR,2005,209270259.04,181569095.92,8.3207,FALSE
LAO,DEU,2005,19914221.7,17073074.94,7.2992,FALSE
LAO,HKG,2005,1095830596.79,1307711192.42,9.0397,TRUE
LAO,TWN,2005,460175002.63,539554933.62,8.6629,FALSE
LAO,CAN,2005,13370686475.87,12788349817.54,10.1262,TRUE
LAO,NLD,2005,422036138.53,393804364.32,8.6253,FALSE
LAO,ESP,2005,554947465.55,605910491.53,8.7443,TRUE
LAO,TUR,2005,326371136.12,405032493.47,8.5137,FALSE
LAO,BGD,2005,15957174.71,16214658.29,7.203,FALSE
LAO,NGA,2005,498265839.46,463426592.1,8.6975,FALSE
LAO,EGY,2005,1853307381.93,1838339748.88,9.2679,TRUE
LAO,CHL,2005,162912022.42,160261186.38,8.212,FALSE
LAO,ARG,2005,1967643619.91,2254715994.79,9.2939,TRUE
MYS,BRN,2005,7069138846.59,6171705725.86,9.8494,TRUE
MYS,KHM,2005,320854072.07,387541827.92,8.5063,FALSE
MYS,IDN,2005,335798156.93,301981104.06,8.5261,FALSE
MYS,PHL,2005,1048770197.4,1228523298.56,9.0207,TRUE
MYS,THA,2005,19709713.64,24445730.13,7.2947,FALSE
MYS,USA,2005,9443968088.95,11208474491.6,9.9752,TRUE
MYS,JPN,2005,1501069357.73,1406699019.82,9.1764,TRUE
MYS,DEU,2005,399309448.61,404059858.91,8.6013,FALSE
MYS,IND,2005,45672742.32,47586744.53,7.6597,FALSE
MYS,HKG,2005,1338673433.92,1553225484.57,9.1267,TRUE
MYS,TWN,2005,137279112.39,158435363.01,8.1376,FALSE
MYS,GBR,2005,206605197.97,210619144.67,8.3151,FALSE
MYS,AUS,2005,14091672592.53,12811517865.26,10.149,TRUE
MYS,BRA,2005,1530821014.94,1839478327.5,9.1849,TRUE
MYS,ZAF,2005,84008761.22,76713348.2,7.9243,FALSE
MYS,RUS,2005,152411779.49,143537512.94,8.183,FALSE
MYS,MEX,2005,189032300.63,186056891.07,8.2765,FALSE
MYS,ITA,2005,496289736.01,477321652.73,8.6957,FALSE
MYS,TUR,2005,2109653524.13,2530537929.04,9.3242,TRUE
MYS,ARE,2005,57090125.71,48959287.16,7.7566,FALSE
MYS,BGD,2005,335854228.59,408024632.58,8.5262,FALSE
MYS,NGA,2005,204258741.69,217060148.1,8.3102,FALSE
MYS,EGY,2005,69761632.28,69214284.59,7.8436,FALSE
MYS,CHL,2005,110774855.39,131319671.89,8.0444,FALSE
MYS,ARG,2005,62502991.31,77542352.54,7.7959,FALSE
MMR,IDN,2005,9740477.29,9928491.53,6.9886,FALSE
MMR,LAO,2005,1723887808.62,1509972973.5,9.2365,TRUE
MMR,PHL,2005,485490059.53,593690263.81,8.6862,FALSE
MMR,SGP,2005,3212031287.73,2965927529.08,9.5068,TRUE
MMR,THA,2005,775509508.53,922641620.97,8.8896,TRUE
MMR,JPN,2005,201305277.89,203987373.73,8.3039,FALSE
MMR,IND,2005,115390059.14,107947227.44,8.0622,FALSE
MMR,AUS,2005,820574395.04,840446071.76,8.9141,TRUE
MMR,RUS,2005,1053329905.96,1243791755.15,9.0226,TRUE
MMR,CAN,2005,59774800.46,52889051.96,7.7765,FALSE
MMR,ESP,2005,319017741.56,391170267.72,8.5038,FALSE
MMR,SAU,2005,277214209.03,318589350.31,8.4428,FALSE
MMR,ARE,2005,117783931.65,122961373.79,8.0711,FALSE
MMR,BGD,2005,31256200.09,29685321.49,7.4949,FALSE
MMR,PAK,2005,2295586177.15,2143029260.4,9.3609,TRUE
MMR,NGA,2005,568994287.73,581746129.16,8.7551,TRUE
MMR,CHL,2005,12083181574.01,13609922214.59,10.0822,TRUE
PHL,KHM,2005,459361034.48,431744506.88,8.6622,FALSE
PHL,IDN,2005,1886227538.88,1981303951.94,9.2756,TRUE
PHL,MYS,2005,1672661789.51,1899830683.21,9.2234,TRUE
PHL,SGP,2005,40839648.61,35569468.16,7.6111,FALSE
PHL,VNM,2005,2829495925.55,2623909928.7,9.4517,TRUE
PHL,DEU,2005,578532852.52,710342361.85,8.7623,TRUE
PHL,IND,2005,278610207.3,268527624.81,8.445,FALSE
PHL,FRA,2005,948172425.06,969713651.43,8.9769,TRUE
PHL,RUS,2005,1027898281.61,971507267.75,9.012,TRUE
PHL,MEX,2005,2828615645.46,2818762316.3,9.4516,TRUE
PHL,CAN,2005,9455415237.74,9281244272.16,9.9757,TRUE
PHL,ITA,2005,718293478.31,626681702.58,8.8563,TRUE
PHL,ESP,2005,348602533.61,383267654.1,8.5423,FALSE
PHL,SAU,2005,332855186.95,365860948.45,8.5223,FALSE
PHL,ARE,2005,1082889495.25,1314246629.98,9.0346,TRUE
PHL,PAK,2005,174384792.54,164187213.59,8.2415,FALSE
PHL,NGA,2005,54803219.23,56564327.5,7.7388,FALSE
PHL,EGY,2005,94382395.73,106849743.86,7.9749,FALSE
SGP,LAO,2005,224002848.44,204439412.58,8.3503,FALSE
SGP,MYS,2005,169713653.87,174633338.29,8.2297,FALSE
SGP,PHL,2005,563838215.84,527715171.71,8.7512,TRUE
SGP,VNM,2005,33724560950.5,30139588847.2,10.5279,TRUE
SGP,USA,2005,7106465581.99,8456282092.15,9.8517,TRUE
SGP,TWN,2005,2968556.17,3341100.79,6.4725,FALSE
SGP,AUS,2005,1121388619.06,1274336261.01,9.0498,TRUE
SGP,BRA,2005,16931157.46,18755368.89,7.2287,FALSE
SGP,ZAF,2005,56327304.86,60295382.32,7.7507,FALSE
SGP,CAN,2005,41149625.73,39549426.16,7.6144,FALSE
SGP,NLD,2005,104028250.08,121840819.3,8.0172,FALSE
SGP,ESP,2005,360016151.35,429531337.03,8.5563,FALSE
SGP,PAK,2005,558581430.08,567656077.35,8.7471,TRUE
SGP,EGY,2005,8155273.48,7278643.7,6.9114,FALSE
THA,BRN,2005,25483054.64,23678534.32,7.4063,FALSE
THA,KHM,2005,39438366.19,43576139.5,7.5959,FALSE
THA,LAO,2005,1296112680.3,1412409682.65,9.1126,TRUE
THA,MYS,2005,1038244798.0,947070295.46,9.0163,TRUE
THA,MMR,2005,15365024.57,16132386.77,7.1865,FALSE
THA,PHL,2005,373443461.9,396737098.7,8.5722,FALSE
THA,VNM,2005,89019768.21,89543812.61,7.9495,FALSE
THA,USA,2005,862038600.08,988136982.34,8.9355,TRUE
THA,KOR,2005,1602609185.42,1942166450.93,9.2048,TRUE
THA,DEU,2005,3290374537.28,4089035294.08,9.5172,TRUE
THA,IND,2005,124584201.06,146108326.24,8.0955,FALSE
THA,HKG,2005,5128900572.64,5459221971.35,9.71,TRUE
THA,TWN,2005,5159674603.82,6310087331.78,9.7126,TRUE
THA,AUS,2005,48018901.05,50366160.6,7.6814,FALSE
THA,BRA,2005,1221261128.59,1462622427.94,9.0868,TRUE
THA,MEX,2005,458192685.74,542375276.27,8.661,FALSE
THA,ITA,2005,13273076.67,16133378.38,7.123,FALSE
THA,PAK,2005,452360542.98,510065423.98,8.6555,FALSE
THA,NGA,2005,894762144.22,843048632.54,8.9517,TRUE
THA,ARG,2005,145829273.57,167570747.46,8.1638,FALSE
VNM,IDN,2005,448130602.11,474228142.33,8.6514,FALSE
VNM,PHL,2005,1418848389.4,1338457670.41,9.1519,TRUE
VNM,SGP,2005,1240888897.9,1157754338.09,9.0937,TRUE
VNM,THA,2005,36088160.08,43822747.9,7.5574,FALSE
VNM,USA,2005,2159557533.64,2025195517.23,9.3344,TRUE
VNM,JPN,2005,28732371.44,35412259.43,7.4584,FALSE
VNM,KOR,2005,5213847571.61,5516190236.91,9.7172,TRUE
VNM,IND,2005,81192809.51,72266909.91,7.9095,FALSE
VNM,FRA,2005,45027506.31,49823832.6,7.6535,FALSE
VNM,GBR,2005,1444722360.75,1563765492.86,9.1598,TRUE
VNM,AUS,2005,3592624516.08,4022026228.49,9.5554,TRUE
VNM,ZAF,2005,718162547.66,813599284.87,8.8562,TRUE
VNM,RUS,2005,5554484702.55,4755361581.9,9.7446,TRUE
VNM,CAN,2005,11588182.38,12168196.66,7.064,FALSE
VNM,NLD,2005,1184412273.71,1094678685.96,9.0735,TRUE
VNM,ESP,2005,183123245.25,166480404.64,8.2627,FALSE
VNM,SAU,2005,1653470759.29,1754383049.15,9.2184,TRUE
VNM,ARE,2005,783832567.0,960375440.2,8.8942,TRUE
VNM,EGY,2005,30832240.78,26974284.03,7.489,FALSE
VNM,CHL,2005,22343474.25,20259020.91,7.3492,FALSE
VNM,ARG,2005,1728112551.41,1744641273.88,9.2376,TRUE
CHN,KHM,2005,71397037.72,74099995.32,7.8537,FALSE
CHN,IDN,2005,12505350.05,12962552.38,7.0971,FALSE
CHN,MYS,2005,228603824.09,232649144.04,8.3591,FALSE
CHN,MMR,2005,1663068591.66,1511803685.93,9.2209,TRUE
CHN,SGP,2005,455521759.13,559481833.66,8.6585,FALSE
CHN,THA,2005,203832719.57,199403490.67,8.3093,FALSE
CHN,USA,2005,785679038.23,951882254.85,8.8952,TRUE
CHN,JPN,2005,342355500.24,385982165.93,8.5345,FALSE
CHN,KOR,2005,3094906263.44,3788935060.75,9.4906,TRUE
CHN,HKG,2005,556151575.44,487850016.2,8.7452,TRUE
CHN,TWN,2005,1323651658.86,1154686406.88,9.1218,TRUE
CHN,GBR,2005,2519232298.38,2150969554.54,9.4013,TRUE
CHN,ZAF,2005,884082846.92,835605309.44,8.9465,TRUE
CHN,MEX,2005,345231698.2,321275269.25,8.5381,FALSE
CHN,CAN,2005,373468597.79,384722822.98,8.5723,FALSE
CHN,ESP,2005,11701592.32,10096425.55,7.0682,FALSE
CHN,ARE,2005,522721860.31,490894168.9,8.7183,FALSE
CHN,BGD,2005,100063253.07,114238823.07,8.0003,FALSE
CHN,PAK,2005,12281528166.76,10663156355.04,10.0893,TRUE
CHN,NGA,2005,385363567.51,348004107.58,8.5859,FALSE
USA,KHM,2005,7871301.91,7417189.13,6.896,FALSE
USA,LAO,2005,323039033.74,312990787.75,8.5093,FALSE
USA,MYS,2005,1364798697.59,1604388430.85,9.1351,TRUE
USA,CHN,2005,470624347.5,504514818.15,8.6727,FALSE
USA,JPN,2005,5595184.96,6322631.89,6.7478,FALSE
USA,KOR,2005,1743917751.49,2165786840.72,9.2415,TRUE
USA,DEU,2005,399583892.3,436360142.35,8.6016,FALSE
USA,TWN,2005,270870180.73,294760447.97,8.4328,FALSE
USA,GBR,2005,528013864.66,516299660.08,8.7226,TRUE
USA,AUS,2005,979686641.62,958937560.7,8.9911,TRUE
USA,ZAF,2005,2501311427.86,2242481520.25,9.3982,TRUE
USA,RUS,2005,989051926.94,1075244203.2,8.9952,TRUE
USA,CAN,2005,374435639.67,339744539.84,8.5734,FALSE
USA,TUR,2005,25752619.56,26030587.29,7.4108,FALSE
USA,BGD,2005,44529078.72,46358361.84,7.6486,FALSE
USA,EGY,2005,1007182901.38,1206132629.72,9.0031,TRUE
JPN,BRN,2005,43045413.7,37646620.07,7.6339,FALSE
JPN,KHM,2005,3922940912.05,4234366683.66,9.5936,TRUE
JPN,IDN,2005,259719954.46,224444824.23,8.4145,FALSE
JPN,LAO,2005,343030536.51,420783234.59,8.5353,FALSE
JPN,MMR,2005,119255850.53,148525374.84,8.0765,FALSE
JPN,PHL,2005,477595235.26,451372321.03,8.6791,FALSE
JPN,SGP,2005,1803059335.22,2101295412.47,9.256,TRUE
JPN,USA,2005,853165978.15,1019806082.46,8.931,TRUE
JPN,KOR,2005,261971741.94,299653814.81,8.4183,FALSE
JPN,DEU,2005,354706990.73,338413623.75,8.5499,FALSE
JPN,GBR,2005,697639690.29,669216460.33,8.8436,TRUE
JPN,ZAF,2005,65459528.32,78262036.6,7.816,FALSE
JPN,CAN,2005,258631582.36,283311230.76,8.4127,FALSE
JPN,NLD,2005,143487852.09,161890703.18,8.1568,FALSE
JPN,ITA,2005,85338559.8,72804414.89,7.9311,FALSE
JPN,ESP,2005,189447525.1,181406531.39,8.2775,FALSE
JPN,TUR,2005,1003206000.95,1201737233.13,9.0014,TRUE
JPN,SAU,2005,414506112.3,476591488.8,8.6175,FALSE
JPN,ARE,2005,626602424.29,535644228.99,8.797,TRUE
JPN,PAK,2005,1683610891.87,2029660346.76,9.2262,TRUE
JPN,NGA,2005,1548956377.7,1917803880.13,9.19,TRUE
JPN,CHL,2005,295298770.95,342944911.27,8.4703,FALSE
JPN,ARG,2005,214888381.16,210887832.13,8.3322,FALSE
KOR,KHM,2005,21770244.05,26479483.36,7.3379,FALSE
KOR,IDN,2005,187279354.22,183699639.55,8.2725,FALSE
KOR,LAO,2005,1030869530.29,1236264090.47,9.0132,TRUE
KOR,MYS,2005,967793584.31,1018093683.7,8.9858,TRUE
KOR,MMR,2005,54608620.99,67058406.64,7.7373,FALSE
KOR,PHL,2005,3023250344.33,3644278420.41,9.4805,TRUE
KOR,THA,2005,944943691.5,1099951073.46,8.9754,TRUE
KOR,VNM,2005,50527233.64,44508499.96,7.7035,FALSE
KOR,CHN,2005,3937611410.86,3424111124.59,9.5952,TRUE
KOR,USA,2005,126848553.44,109763366.19,8.1033,FALSE
KOR,DEU,2005,20136517.21,23179604.26,7.304,FALSE
KOR,IND,2005,122837978.21,149537164.15,8.0893,FALSE
KOR,HKG,2005,401138034.42,488612021.26,8.6033,FALSE
KOR,FRA,2005,2764386655.86,2579205432.1,9.4416,TRUE
KOR,AUS,2005,270367682.34,259524271.0,8.432,FALSE
KOR,BRA,2005,97213549.53,92951333.66,7.9877,FALSE
KOR,ZAF,2005,1498967913.65,1666122467.79,9.1758,TRUE
KOR,MEX,2005,226343052.51,266785851.65,8.3548,FALSE
KOR,CAN,2005,1200080592.87,1363547470.39,9.0792,TRUE
KOR,NLD,2005,11146616486.71,9568258342.82,10.0471,TRUE
KOR,ITA,2005,4927919160.18,4616477161.77,9.6927,TRUE
KOR,SAU,2005,461080086.41,395151912.23,8.6638,FALSE
DEU,KHM,2005,436443631.13,526906007.85,8.6399,FALSE
DEU,MMR,2005,14013591310.12,14030072586.29,10.1465,TRUE
DEU,PHL,2005,3808155908.26,3804171888.93,9.5807,TRUE
DEU,SGP,2005,305557279.43,344160616.91,8.4851,FALSE
DEU,VNM,2005,1378130021.83,1483145825.18,9.1393,TRUE
DEU,CHN,2005,163999609.66,178579993.43,8.2148,FALSE
DEU,USA,2005,36008524.96,43527862.54,7.5564,FALSE
DEU,KOR,2005,270731817.6,246995340.0,8.4325,FALSE
DEU,IND,2005,484312126.59,558710484.58,8.6851,FALSE
DEU,HKG,2005,1384262752.1,1641252524.02,9.1412,TRUE
DEU,FRA,2005,10363056698.24,9071289969.79,10.0155,TRUE
DEU,GBR,2005,1068488988.54,1275017448.05,9.0288,TRUE
DEU,AUS,2005,37375301.5,34879378.76,7.5726,FALSE
DEU,BRA,2005,968473892.89,1019548369.96,8.9861,TRUE
DEU,ITA,2005,677096847.58,672090427.97,8.8307,TRUE
DEU,ESP,2005,68162695.46,77124728.36,7.8335,FALSE
DEU,SAU,2005,1238222108.74,1381007185.66,9.0928,TRUE
DEU,ARE,2005,216336058.04,193359175.02,8.3351,FALSE
DEU,BGD,2005,656812076.76,814241167.6,8.8174,TRUE
DEU,NGA,2005,154969291.75,164751529.7,8.1902,FALSE
DEU,CHL,2005,41632193.03,51937364.96,7.6194,FALSE
DEU,ARG,2005,4539379.98,4112375.41,6.657,FALSE
IND,KHM,2005,720525829.5,791596599.33,8.8576,TRUE
IND,IDN,2005,304844159.14,300529084.74,8.4841,FALSE
IND,MMR,2005,35368506.77,38595417.24,7.5486,FALSE
IND,THA,2005,1419869832.21,1538911969.69,9.1522,TRUE
IND,CHN,2005,110111216.94,95638775.37,8.0418,FALSE
IND,USA,2005,10408140248.97,9042068550.48,10.0174,TRUE
IND,DEU,2005,642279642.68,545954048.45,8.8077,TRUE
IND,HKG,2005,63097574.17,68137383.57,7.8,FALSE
IND,GBR,2005,18836686.43,22237793.71,7.275,FALSE
IND,ZAF,2005,13914604728.98,12149552801.34,10.1435,TRUE
IND,RUS,2005,367789185.09,351276522.28,8.5656,FALSE
IND,MEX,2005,37392184.0,34523677.31,7.5728,FALSE
IND,CAN,2005,548559074.24,566209465.81,8.7392,TRUE
IND,NLD,2005,83717158.04,92041144.34,7.9228,FALSE
IND,ITA,2005,507007730.23,489705966.35,8.705,FALSE
IND,ARE,2005,797720191.97,695161574.45,8.9019,TRUE
IND,BGD,2005,479179467.55,429555056.48,8.6805,FALSE
IND,PAK,2005,1079350264.29,936241300.13,9.0332,TRUE
IND,NGA,2005,5885111612.05,6643687422.71,9.7698,TRUE
IND,EGY,2005,1089863531.36,1329440740.29,9.0374,TRUE
IND,CHL,2005,545647149.23,671970960.64,8.7369,TRUE
HKG,KHM,2005,803983827.84,991767113.31,8.9052,TRUE
HKG,IDN,2005,113004559.22,105060584.07,8.0531,FALSE
HKG,MYS,2005,46539033.08,44890125.47,7.6678,FALSE
HKG,MMR,2005,59691757.88,60049541.53,7.7759,FALSE
HKG,PHL,2005,5690145.09,5148363.55,6.7551,FALSE
HKG,TWN,2005,2370096205.57,2072707119.62,9.3748,TRUE
HKG,FRA,2005,2355217667.88,2481019429.32,9.372,TRUE
HKG,BRA,2005,1200607779.76,1468472811.54,9.0794,TRUE
HKG,RUS,2005,208112719.42,235750029.27,8.3183,FALSE
HKG,ITA,2005,125114750.9,139803271.96,8.0973,FALSE
HKG,ESP,2005,18641615.2,22690021.88,7.2705,FALSE
HKG,ARE,2005,2357148278.91,2049637774.65,9.3724,TRUE
HKG,BGD,2005,166463876.89,203312234.45,8.2213,FALSE
HKG,PAK,2005,1154468417.19,1342757604.87,9.0624,TRUE
HKG,NGA,2005,156097027.6,156107331.81,8.1934,FALSE
HKG,EGY,2005,298017404.58,365975557.91,8.4742,FALSE
HKG,CHL,2005,485050068.23,593296716.41,8.6858,FALSE
TWN,BRN,2005,168705967.26,149556991.41,8.2271,FALSE
TWN,KHM,2005,77139755.45,68418880.97,7.8873,FALSE
TWN,IDN,2005,1889277106.41,1839831231.74,9.2763,TRUE
TWN,LAO,2005,80398710.5,82851084.02,7.9052,FALSE
TWN,MYS,2005,54735196.55,57800091.63,7.7383,FALSE
TWN,PHL,2005,10345851542.22,9005753480.13,10.0148,TRUE
TWN,SGP,2005,733587331.87,893288407.75,8.8655,TRUE
TWN,KOR,2005,115109554.43,141699465.58,8.0611,FALSE
TWN,HKG,2005,48594638.07,46275044.86,7.6866,FALSE
TWN,GBR,2005,3091347028.75,3803321155.08,9.4901,TRUE
TWN,ZAF,2005,49523677.75,53441565.28,7.6948,FALSE
TWN,RUS,2005,698263663.67,675443871.65,8.844,TRUE
TWN,MEX,2005,380856571.47,395402856.75,8.5808,FALSE
TWN,NLD,2005,614242730.03,712254418.62,8.7883,TRUE
TWN,ITA,2005,2496021935.51,2468648806.07,9.3972,TRUE
TWN,ESP,2005,38271774.48,36209769.71,7.5829,FALSE
TWN,SAU,2005,322533167.48,315373435.48,8.5086,FALSE
TWN,ARE,2005,88198407.73,106364561.82,7.9455,FALSE
TWN,BGD,2005,344147028.73,425043865.51,8.5367,FALSE
TWN,PAK,2005,196396227.19,181034701.98,8.2931,FALSE
TWN,NGA,2005,1035242119.35,1293019041.6,9.015,TRUE
TWN,EGY,2005,117070979.59,112386324.04,8.0684,FALSE
TWN,ARG,2005,691751558.75,751280167.35,8.84,TRUE
FRA,IDN,2005,11088721.33,11475308.81,7.0449,FALSE
FRA,MYS,2005,2154295187.48,2200850266.36,9.3333,TRUE
FRA,MMR,2005,5912154.41,5326342.15,6.7717,FALSE
FRA,VNM,2005,29869891.06,25694897.83,7.4752,FALSE
FRA,USA,2005,88673528.83,82770908.78,7.9478,FALSE
FRA,KOR,2005,1674012324.69,1825740229.25,9.2238,TRUE
FRA,HKG,2005,158771599.61,167312366.83,8.2008,FALSE
FRA,GBR,2005,169449176.35,195399534.36,8.229,FALSE
FRA,MEX,2005,446919261.16,524780563.91,8.6502,FALSE
FRA,CAN,2005,195796388.89,222986610.34,8.2918,FALSE
FRA,NLD,2005,121763276.89,119890451.32,8.0855,FALSE
FRA,ESP,2005,33663378133.5,35162369633.06,10.5272,TRUE
FRA,TUR,2005,1863857316.58,1786718450.86,9.2704,TRUE
FRA,ARE,2005,1403412016.41,1583692285.31,9.1472,TRUE
FRA,CHL,2005,655387543.22,692847530.97,8.8165,TRUE
FRA,ARG,2005,24262679.62,23829539.4,7.3849,FALSE
GBR,LAO,2005,121544050.04,141220952.71,8.0847,FALSE
GBR,PHL,2005,1190335978.84,1028596567.62,9.0757,TRUE
GBR,THA,2005,10570779.94,10277728.13,7.0241,FALSE
GBR,VNM,2005,5490044359.46,6737565017.11,9.7396,TRUE
GBR,CHN,2005,10684584.92,10290797.13,7.0288,FALSE
GBR,KOR,2005,602464784.57,667133946.96,8.7799,TRUE
GBR,DEU,2005,89318823.51,100515657.57,7.9509,FALSE
GBR,IND,2005,123140481.95,152412936.67,8.0904,FALSE
GBR,FRA,2005,1140257256.17,1385847495.5,9.057,TRUE
GBR,BRA,2005,12163152.91,14651541.38,7.085,FALSE
GBR,ZAF,2005,192907267.94,239867695.17,8.2853,FALSE
GBR,RUS,2005,137067610.55,159768238.87,8.1369,FALSE
GBR,MEX,2005,43575191.22,47304401.4,7.6392,FALSE
GBR,ITA,2005,749455285.67,929380610.54,8.8747,TRUE
GBR,ESP,2005,78581328.96,87373400.8,7.8953,FALSE
GBR,TUR,2005,613847786.3,630935129.33,8.7881,TRUE
GBR,PAK,2005,152856343.52,149914172.47,8.1843,FALSE
GBR,NGA,2005,138383631.47,158940567.13,8.1411,FALSE
GBR,EGY,2005,12485016.98,13980223.42,7.0964,FALSE
GBR,ARG,2005,319946582.18,333611175.71,8.5051,FALSE
AUS,BRN,2005,54180888.81,53282585.65,7.7338,FALSE
AUS,KHM,2005,587999864.99,520049225.54,8.7694,TRUE
AUS,LAO,2005,1179012424.11,1285217800.02,9.0715,TRUE
AUS,THA,2005,392329536.38,380859612.04,8.5937,FALSE
AUS,VNM,2005,24992121.62,22713895.94,7.3978,FALSE
AUS,USA,2005,1909720258.81,2315098484.8,9.281,TRUE
AUS,DEU,2005,1838497660.95,1760426663.25,9.2645,TRUE
AUS,IND,2005,569179283.02,576688544.02,8.7552,TRUE
AUS,TWN,2005,22625574.78,24460969.18,7.3546,FALSE
AUS,FRA,2005,224114540.55,243122947.11,8.3505,FALSE
AUS,GBR,2005,601650938.39,527795754.58,8.7793,TRUE
AUS,BRA,2005,1149533976.0,1158476092.03,9.0605,TRUE
AUS,ZAF,2005,264418054.61,283248435.97,8.4223,FALSE
AUS,MEX,2005,6844058189.15,8262549544.92,9.8353,TRUE
AUS,CAN,2005,244600494.18,224070463.96,8.3885,FALSE
AUS,NLD,2005,183443698.05,158833835.51,8.2635,FALSE
AUS,ITA,2005,119853238.53,111313488.76,8.0786,FALSE
AUS,ESP,2005,30882027.15,31390524.49,7.4897,FALSE
AUS,SAU,2005,40612249.34,48901643.99,7.6087,FALSE
AUS,ARE,2005,105409065.85,96580977.93,8.0229,FALSE
AUS,BGD,2005,940544770.14,862644039.86,8.9734,TRUE
AUS,PAK,2005,26895508065.65,31070320048.9,10.4297,TRUE
AUS,EGY,2005,32624505.23,39784188.52,7.5135,FALSE
AUS,ARG,2005,235548770.92,246829723.95,8.3721,FALSE
BRA,BRN,2005,150422675.38,129120346.36,8.1773,FALSE
BRA,IDN,2005,107406433.14,109681050.02,8.031,FALSE
BRA,LAO,2005,8876654.96,8484007.41,6.9482,FALSE
BRA,SGP,2005,1436133313.47,1484538455.82,9.1572,TRUE
BRA,THA,2005,437621764.32,469906359.6,8.6411,FALSE
BRA,VNM,2005,763472461.73,874310737.7,8.8828,TRUE
BRA,USA,2005,717942164.07,642774553.66,8.8561,TRUE
BRA,KOR,2005,52272397.58,49664173.54,7.7183,FALSE
BRA,DEU,2005,172982893.58,181817797.2,8.238,FALSE
BRA,IND,2005,1254012256.08,1284223684.09,9.0983,TRUE
BRA,HKG,2005,915763636.53,1045835347.1,8.9618,TRUE
BRA,TWN,2005,504253441.1,468370714.8,8.7026,FALSE
BRA,AUS,2005,29295837.47,33770157.99,7.4668,FALSE
BRA,ZAF,2005,9534676064.88,11305963012.94,9.9793,TRUE
BRA,RUS,2005,1359049555.86,1418604388.87,9.1332,TRUE
BRA,MEX,2005,1488334332.72,1316120164.6,9.1727,TRUE
BRA,ITA,2005,1024458704.71,1094039165.5,9.0105,TRUE
BRA,ESP,2005,41366718293.06,45951782618.67,10.6167,TRUE
BRA,ARE,2005,1241839318.62,1479922610.17,9.0941,TRUE
BRA,PAK,2005,231339903.64,240579603.96,8.3643,FALSE
BRA,NGA,2005,106388893.57,113530802.7,8.0269,FALSE
ZAF,LAO,2005,419069353.95,357396799.66,8.6223,FALSE
ZAF,MYS,2005,844698399.97,984209326.27,8.9267,TRUE
ZAF,MMR,2005,69193364.65,77168832.43,7.8401,FALSE
ZAF,SGP,2005,922333803.71,958599056.03,8.9649,TRUE
ZAF,JPN,2005,62438440.39,60807389.63,7.7955,FALSE
ZAF,KOR,2005,441040993.01,473881807.27,8.6445,FALSE
ZAF,TWN,2005,586727415.85,553723980.98,8.7684,TRUE
ZAF,FRA,2005,120831254.83,148823416.74,8.0822,FALSE
ZAF,GBR,2005,307962806.99,335990534.42,8.4885,FALSE
ZAF,AUS,2005,403148823.58,354867835.87,8.6055,FALSE
ZAF,BRA,2005,26881179.01,26129053.76,7.4294,FALSE
ZAF,ITA,2005,3250972523.01,3741338570.86,9.512,TRUE
ZAF,NGA,2005,441559721.08,499103976.27,8.645,FALSE
ZAF,CHL,2005,983389507.21,1220268874.8,8.9927,TRUE
ZAF,ARG,2005,39420166.67,36904090.95,7.5957,FALSE
RUS,IDN,2005,2166763169.42,2642090079.9,9.3358,TRUE
RUS,MMR,2005,118395973.48,139268432.0,8.0733,FALSE
RUS,VNM,2005,39686040.61,39739794.05,7.5986,FALSE
RUS,CHN,2005,555292650.4,684172932.22,8.7445,TRUE
RUS,KOR,2005,96784378.4,90326818.58,7.9858,FALSE
RUS,IND,2005,278095227.61,330232211.35,8.4442,FALSE
RUS,TWN,2005,480214910.41,481331165.69,8.6814,FALSE
RUS,FRA,2005,45417871369.57,49469557010.01,10.6572,TRUE
RUS,AUS,2005,123278455.96,109137135.35,8.0909,FALSE
RUS,BRA,2005,2379730815.63,2306528952.83,9.3765,TRUE
RUS,MEX,2005,154542145.89,169141235.54,8.189,FALSE
RUS,ITA,2005,122606908.25,149222097.79,8.0885,FALSE
RUS,TUR,2005,3291348435.39,3631841354.42,9.5174,TRUE
RUS,ARE,2005,197058029.83,171051412.06,8.2946,FALSE
RUS,BGD,2005,25738527.41,31680777.17,7.4106,FALSE
RUS,NGA,2005,233064438.71,210128434.91,8.3675,FALSE
RUS,EGY,2005,796095529.35,918813199.4,8.901,TRUE
MEX,KHM,2005,2453042993.7,2339423080.49,9.3897,TRUE
MEX,MYS,2005,59029096.68,52661457.94,7.7711,FALSE
MEX,MMR,2005,481348428.77,411084004.74,8.6825,FALSE
MEX,PHL,2005,357864668.04,350347267.56,8.5537,FALSE
MEX,SGP,2005,4114239285.52,3946853834.32,9.6143,TRUE
MEX,THA,2005,316455112.06,359753220.81,8.5003,FALSE
MEX,VNM,2005,291075142.27,293851046.32,8.464,FALSE
MEX,CHN,2005,135657177.08,144520285.21,8.1324,FALSE
MEX,USA,2005,70536819.79,75006586.51,7.8484,FALSE
MEX,KOR,2005,393595588.53,429103350.14,8.5951,FALSE
MEX,DEU,2005,192909335.49,232161152.28,8.2854,FALSE
MEX,TWN,2005,14750280.1,13413578.63,7.1688,FALSE
MEX,GBR,2005,2001076980.5,1705442129.44,9.3013,TRUE
MEX,ZAF,2005,69680929.42,80349241.52,7.8431,FALSE
MEX,RUS,2005,601984981.06,521163574.23,8.7796,TRUE
MEX,CAN,2005,549232349.82,573463499.52,8.7398,TRUE
MEX,NLD,2005,1612381038.33,1461082261.4,9.2075,TRUE
MEX,ITA,2005,53076492.35,63620508.15,7.7249,FALSE
MEX,ESP,2005,78930944.81,86279706.58,7.8972,FALSE
MEX,TUR,2005,522044364.61,541270521.78,8.7177,FALSE
MEX,SAU,2005,68630368.44,84190502.62,7.8365,FALSE
MEX,PAK,2005,1511257514.28,1324655267.75,9.1793,TRUE
MEX,EGY,2005,465812839.74,567557568.52,8.6682,FALSE
MEX,CHL,2005,3329087433.79,4016902618.67,9.5223,TRUE
MEX,ARG,2005,910824026.64,1057845523.62,8.9594,TRUE
CAN,KHM,2005,39128189.22,40140497.32,7.5925,FALSE
CAN,IDN,2005,34098542.23,39188503.88,7.5327,FALSE
CAN,LAO,2005,35495109.7,38192487.25,7.5502,FALSE
CAN,MMR,2005,29450946.94,33644412.36,7.4691,FALSE
CAN,PHL,2005,700236004.75,724145964.01,8.8452,TRUE
CAN,SGP,2005,15368273.56,17247338.01,7.1866,FALSE
CAN,VNM,2005,174371825.7,211111089.22,8.2415,FALSE
CAN,USA,2005,22061264.69,25727743.82,7.3436,FALSE
CAN,IND,2005,25493474.01,24242174.14,7.4064,FALSE
CAN,HKG,2005,1162550853.74,1064201831.68,9.0654,TRUE
CAN,GBR,2005,556825814.27,600998029.22,8.7457,TRUE
CAN,AUS,2005,361759496.22,411537455.05,8.5584,FALSE
CAN,BRA,2005,876142421.06,870696508.54,8.9426,TRUE
CAN,ZAF,2005,123057476.21,112243104.66,8.0901,FALSE
CAN,NLD,2005,1784282009.72,1647854867.34,9.2515,TRUE
CAN,ESP,2005,299119831.15,256675575.19,8.4758,FALSE
CAN,SAU,2005,107456202.52,126230075.04,8.0312,FALSE
CAN,BGD,2005,320438121.45,340897375.21,8.5057,FALSE
CAN,PAK,2005,237018255.74,261074436.32,8.3748,FALSE
CAN,NGA,2005,93069744.05,96857195.4,7.9688,FALSE
CAN,EGY,2005,387712781.86,422329844.74,8.5885,FALSE
NLD,IDN,2005,2036179725.1,2141626712.45,9.3088,TRUE
NLD,LAO,2005,1646549755.9,1508918647.83,9.2166,TRUE
NLD,MMR,2005,1996796677.82,2322934133.31,9.3003,TRUE
NLD,SGP,2005,2650281201.57,2283481200.87,9.4233,TRUE
NLD,THA,2005,39173917.77,40129757.84,7.593,FALSE
NLD,VNM,2005,240564863.36,265882986.5,8.3812,FALSE
NLD,USA,2005,726268384.09,788558052.22,8.8611,TRUE
NLD,JPN,2005,338929352.88,367832252.15,8.5301,FALSE
NLD,DEU,2005,115440597.57,112006031.21,8.0624,FALSE
NLD,IND,2005,567612771.48,537860406.56,8.7541,TRUE
NLD,TWN,2005,755809114.91,708570752.71,8.8784,TRUE
NLD,FRA,2005,217994720.15,188646787.63,8.3384,FALSE
NLD,AUS,2005,2386165644.18,2665880531.55,9.3777,TRUE
NLD,BRA,2005,602886931.85,689035763.46,8.7802,TRUE
NLD,MEX,2005,142491191.22,127126339.77,8.1538,FALSE
NLD,CAN,2005,716014035.65,675393441.14,8.8549,TRUE
NLD,ITA,2005,758937720.82,661349800.7,8.8802,TRUE
NLD,ESP,2005,348053341.54,350039596.56,8.5416,FALSE
NLD,TUR,2005,648438494.65,802816535.37,8.8119,TRUE
NLD,SAU,2005,30159643604.77,30462307890.83,10.4794,TRUE
NLD,PAK,2005,33570030940.37,41218274770.6,10.526,TRUE
ITA,BRN,2005,1049709412.76,969897026.87,9.0211,TRUE
ITA,IDN,2005,646424347.84,661000110.47,8.8105,TRUE
ITA,MMR,2005,152825152.06,161051134.91,8.1842,FALSE
ITA,PHL,2005,9296066917.81,10886541831.58,9.9683,TRUE
ITA,SGP,2005,1950001383.61,1901183946.15,9.29,TRUE
ITA,VNM,2005,688134932.89,624169999.82,8.8377,TRUE
ITA,CHN,2005,112748373.01,128508629.62,8.0521,FALSE
ITA,USA,2005,2381961778.03,2439799207.48,9.3769,TRUE
ITA,KOR,2005,1457701696.9,1601944779.57,9.1637,TRUE
ITA,DEU,2005,587057605.1,601421526.7,8.7687,TRUE
ITA,HKG,2005,44587514.51,50197027.17,7.6492,FALSE
ITA,AUS,2005,131358546.46,141609195.22,8.1185,FALSE
ITA,BRA,2005,1311857017.28,1315070496.16,9.1179,TRUE
ITA,ZAF,2005,112803953.27,104593501.29,8.0523,FALSE
ITA,MEX,2005,25996230.85,26108284.18,7.4149,FALSE
ITA,CAN,2005,1248137074.55,1204289668.75,9.0963,TRUE
ITA,TUR,2005,1359366465.85,1589380535.23,9.1333,TRUE
ITA,SAU,2005,3572969062.76,3183214363.3,9.553,TRUE
ITA,ARE,2005,121328648.27,114512829.79,8.084,FALSE
ITA,BGD,2005,9011616374.01,7840726113.94,9.9548,TRUE
ITA,EGY,2005,77082783.38,86857719.43,7.887,FALSE
ITA,CHL,2005,363547977.41,385051433.07,8.5606,FALSE
ESP,KHM,2005,564792628.39,687191539.61,8.7519,TRUE
ESP,MYS,2005,78392289.13,90707661.58,7.8943,FALSE
ESP,VNM,2005,67943259.69,84495056.71,7.8321,FALSE
ESP,CHN,2005,145739632.63,181010456.71,8.1636,FALSE
ESP,USA,2005,5173782727.55,6449795658.34,9.7138,TRUE
ESP,JPN,2005,4167551031.85,3744176011.94,9.6199,TRUE
ESP,KOR,2005,114065654.79,141617383.02,8.0572,FALSE
ESP,DEU,2005,2096879403.89,2522843013.42,9.3216,TRUE
ESP,IND,2005,2604402426.18,2668458600.88,9.4157,TRUE
ESP,TWN,2005,314561801.93,290225140.31,8.4977,FALSE
ESP,FRA,2005,553160332.42,524994583.13,8.7429,TRUE
ESP,GBR,2005,35431525.15,34144223.62,7.5494,FALSE
ESP,AUS,2005,1587184315.76,1729907318.33,9.2006,TRUE
ESP,BRA,2005,5142724327.44,6380296492.85,9.7112,TRUE
ESP,RUS,2005,545015900.39,529574539.42,8.7364,TRUE
ESP,MEX,2005,333361513.11,356271625.85,8.5229,FALSE
ESP,CAN,2005,124462475.41,106364594.65,8.095,FALSE
ESP,ITA,2005,5478610328.73,4988827071.55,9.7387,TRUE
ESP,TUR,2005,765387026.66,712152514.83,8.8839,TRUE
ESP,SAU,2005,32081387276.3,38320416204.95,10.5063,TRUE
ESP,BGD,2005,11918234666.88,11635613534.71,10.0762,TRUE
ESP,PAK,2005,324089257.72,335429683.16,8.5107,FALSE
ESP,NGA,2005,954061908.97,1115590074.66,8.9796,TRUE
ESP,CHL,2005,337644493.02,298517197.15,8.5285,FALSE
ESP,ARG,2005,159936882.54,168397559.54,8.2039,FALSE
TUR,LAO,2005,50113166.22,51445385.9,7.7,FALSE
TUR,MYS,2005,1326994563.48,1495071000.64,9.1229,TRUE
TUR,PHL,2005,52915703.33,65603047.43,7.7236,FALSE
TUR,SGP,2005,232579573.88,199361886.22,8.3666,FALSE
TUR,CHN,2005,1560592616.52,1521962633.91,9.1933,TRUE
TUR,USA,2005,422748022.34,389605934.08,8.6261,FALSE
TUR,JPN,2005,972662428.6,1188902668.4,8.988,TRUE
TUR,KOR,2005,712328078.54,763016883.18,8.8527,TRUE
TUR,DEU,2005,37061466.4,31544190.15,7.5689,FALSE
TUR,IND,2005,302411706.16,305464184.05,8.4806,FALSE
TUR,TWN,2005,76004462.99,91312393.53,7.8808,FALSE
TUR,FRA,2005,835370261.39,1018871878.57,8.9219,TRUE
TUR,MEX,2005,9300365175.68,10069786369.87,9.9685,TRUE
TUR,CAN,2005,396480700.43,380000433.43,8.5982,FALSE
TUR,ESP,2005,287148435.48,340372038.65,8.4581,FALSE
TUR,ARE,2005,412185494.72,471836908.1,8.6151,FALSE
TUR,BGD,2005,17954611.0,16766413.97,7.2542,FALSE
TUR,EGY,2005,2480928829.35,2451495580.6,9.3946,TRUE
TUR,ARG,2005,366575747.79,323413112.87,8.5642,FALSE
SAU,BRN,2005,1854188606.39,2192593928.39,9.2682,TRUE
SAU,LAO,2005,354635227.64,304130682.23,8.5498,FALSE
SAU,MMR,2005,1414544752.43,1346008871.22,9.1506,TRUE
SAU,PHL,2005,93629851.02,80031897.71,7.9714,FALSE
SAU,THA,2005,143325961.31,130393821.16,8.1563,FALSE
SAU,CHN,2005,191971276.21,235646248.08,8.2832,FALSE
SAU,USA,2005,175290904.86,211369502.42,8.2438,FALSE
SAU,JPN,2005,540423336.19,612013435.7,8.7327,TRUE
SAU,DEU,2005,2639628606.33,2472489734.87,9.4215,TRUE
SAU,HKG,2005,80654446.33,77373395.21,7.9066,FALSE
SAU,TWN,2005,41926804.05,51789624.35,7.6225,FALSE
SAU,GBR,2005,63262158.19,65867793.27,7.8011,FALSE
SAU,BRA,2005,322253181.97,400028952.55,8.5082,FALSE
SAU,ZAF,2005,55337804.16,57498708.7,7.743,FALSE
SAU,RUS,2005,5653645335.9,6691297638.34,9.7523,TRUE
SAU,NLD,2005,245523649.34,256271530.05,8.3901,FALSE
SAU,ESP,2005,32750432.91,38354387.16,7.5152,FALSE
SAU,BGD,2005,3720547523.45,4310271875.71,9.5706,TRUE
SAU,EGY,2005,41477805.83,42843112.38,7.6178,FALSE
ARE,KHM,2005,1242542519.25,1485186509.31,9.0943,TRUE
ARE,IDN,2005,154617267.81,192026176.43,8.1893,FALSE
ARE,LAO,2005,712674086.88,713559278.74,8.8529,TRUE
ARE,MYS,2005,1146548417.63,1259575962.15,9.0594,TRUE
ARE,MMR,2005,361453398.59,340836810.8,8.5581,FALSE
ARE,SGP,2005,72411988.97,77279150.55,7.8598,FALSE
ARE,THA,2005,1275516089.39,1221165981.54,9.1057,TRUE
ARE,VNM,2005,7130577187.85,6477443033.37,9.8531,TRUE
ARE,CHN,2005,9329793080.59,10547935552.41,9.9699,TRUE
ARE,KOR,2005,1154335378.76,1258471860.67,9.0623,TRUE
ARE,DEU,2005,515428521.0,476369952.32,8.7122,FALSE
ARE,HKG,2005,2622515993.82,2901709381.94,9.4187,TRUE
ARE,AUS,2005,162005908.77,191963270.5,8.2095,FALSE
ARE,BRA,2005,153661436.04,160206133.07,8.1866,FALSE
ARE,RUS,2005,308263262.28,360625477.23,8.4889,FALSE
ARE,MEX,2005,292209040.02,362798250.34,8.4657,FALSE
ARE,CAN,2005,368327195.71,383608744.65,8.5662,FALSE
ARE,NLD,2005,153148424.04,177640290.66,8.1851,FALSE
ARE,ESP,2005,402150210.35,343739582.55,8.6044,FALSE
ARE,BGD,2005,117919524.92,132366557.66,8.0716,FALSE
ARE,NGA,2005,273149770.38,299426429.03,8.4364,FALSE
BGD,BRN,2005,147274069.68,163669410.96,8.1681,FALSE
BGD,KHM,2005,2058045162.3,2042803679.31,9.3135,TRUE
BGD,LAO,2005,7693144336.65,7274229253.82,9.8861,TRUE
BGD,MYS,2005,1003435579.1,922794820.06,9.0015,TRUE
BGD,MMR,2005,578808651.0,587327174.14,8.7625,TRUE
BGD,SGP,2005,145193073.56,143823352.37,8.1619,FALSE
BGD,CHN,2005,3605791217.53,4230298267.5,9.557,TRUE
BGD,KOR,2005,2689557721.9,2798284065.6,9.4297,TRUE
BGD,DEU,2005,337387525.32,369855663.08,8.5281,FALSE
BGD,IND,2005,348433033.63,329496336.95,8.5421,FALSE
BGD,TWN,2005,443509655.91,541127990.47,8.6469,FALSE
BGD,GBR,2005,50576966.54,43169931.93,7.704,FALSE
BGD,AUS,2005,755172994.81,846575767.9,8.878,TRUE
BGD,BRA,2005,2396543150.4,2789487176.35,9.3796,TRUE
BGD,CAN,2005,150086268.41,136043278.86,8.1763,FALSE
BGD,NLD,2005,73786979.46,64599500.11,7.868,FALSE
BGD,ESP,2005,821887688.88,865273585.32,8.9148,TRUE
BGD,SAU,2005,1047956535.28,1272880839.16,9.0203,TRUE
BGD,PAK,2005,73666162.46,66558410.03,7.8673,FALSE
BGD,NGA,2005,2672177870.73,2617219660.73,9.4269,TRUE
BGD,EGY,2005,41034230.67,50377103.25,7.6131,FALSE
BGD,CHL,2005,141876629.82,157183012.36,8.1519,FALSE
BGD,ARG,2005,306312863.5,281669016.3,8.4862,FALSE
PAK,BRN,2005,1462860190.3,1700914428.67,9.1652,TRUE
PAK,LAO,2005,56407650.62,65230455.87,7.7513,FALSE
PAK,MMR,2005,1793747804.19,1995057696.28,9.2538,TRUE
PAK,PHL,2005,2217651646.92,2353473185.72,9.3459,TRUE
PAK,SGP,2005,26561934.51,24468038.29,7.4243,FALSE
PAK,THA,2005,1063110945.47,1033574035.53,9.0266,TRUE
PAK,VNM,2005,93579006.86,80067580.71,7.9712,FALSE
PAK,DEU,2005,69602893.63,80503871.22,7.8426,FALSE
PAK,HKG,2005,18264812.48,17403799.17,7.2616,FALSE
PAK,GBR,2005,1816166388.72,2147424069.52,9.2592,TRUE
PAK,AUS,2005,139689556.38,141676233.39,8.1452,FALSE
PAK,ZAF,2005,94452565.08,89732185.45,7.9752,FALSE
PAK,RUS,2005,11229123.02,12653317.27,7.0503,FALSE
PAK,CAN,2005,20758528360.77,21371741541.77,10.3172,TRUE
PAK,NLD,2005,1796933424.19,1655201495.3,9.2545,TRUE
PAK,ITA,2005,3830841194.65,4131533093.37,9.5833,TRUE
PAK,ESP,2005,414819800.12,432587769.46,8.6179,FALSE
PAK,ARE,2005,5371734996.49,5786478861.79,9.7301,TRUE
NGA,BRN,2005,1595122930.17,1481124228.2,9.2028,TRUE
NGA,KHM,2005,397035634.19,445005451.88,8.5988,FALSE
NGA,IDN,2005,166077276.15,177524307.76,8.2203,FALSE
NGA,MMR,2005,945193905.23,908190222.16,8.9755,TRUE
NGA,PHL,2005,516523786.92,640679564.32,8.7131,FALSE
NGA,SGP,2005,1033807180.14,1022095350.64,9.0144,TRUE
NGA,KOR,2005,331696942.82,311964690.14,8.5207,FALSE
NGA,IND,2005,8252228.99,7682067.01,6.9166,FALSE
NGA,TWN,2005,736284512.19,627732244.27,8.867,TRUE
NGA,FRA,2005,611072.24,713332.79,5.7861,FALSE
NGA,GBR,2005,358197691.94,350521038.35,8.5541,FALSE
NGA,BRA,2005,317503709.35,309998658.48,8.5017,FALSE
NGA,RUS,2005,94043626.1,85588578.0,7.9733,FALSE
NGA,MEX,2005,27121762.0,25923959.06,7.4333,FALSE
NGA,NLD,2005,1057120626.88,1109297015.3,9.0241,TRUE
NGA,ESP,2005,15542447.36,16667127.51,7.1915,FALSE
NGA,PAK,2005,4266213039.5,4886106280.23,9.63,TRUE
NGA,EGY,2005,20661844.52,20222297.93,7.3152,FALSE
NGA,CHL,2005,560899851.74,588483913.38,8.7489,TRUE
EGY,IDN,2005,738945401.19,864254911.62,8.8686,TRUE
EGY,PHL,2005,3283080246.15,2945578696.62,9.5163,TRUE
EGY,THA,2005,1678081482.41,2038205851.59,9.2248,TRUE
EGY,VNM,2005,22652496.02,27250741.7,7.3551,FALSE
EGY,CHN,2005,41939850.83,49795040.2,7.6226,FALSE
EGY,KOR,2005,9923212228.57,12378787503.22,9.9967,TRUE
EGY,DEU,2005,146245675.34,148917213.22,8.1651,FALSE
EGY,IND,2005,6867457.66,6710817.28,6.8368,FALSE
EGY,FRA,2005,3316388437.06,3877644303.71,9.5207,TRUE
EGY,GBR,2005,1202913992.39,1387616572.79,9.0802,TRUE
EGY,ZAF,2005,113826988.76,136380705.98,8.0562,FALSE
EGY,CAN,2005,4950796436.52,5612984294.94,9.6947,TRUE
EGY,NLD,2005,13459083.92,13180773.94,7.129,FALSE
EGY,ITA,2005,258860599.34,236228305.38,8.4131,FALSE
EGY,ESP,2005,268039845.25,318662315.6,8.4282,FALSE
EGY,SAU,2005,174290813.25,191497483.05,8.2413,FALSE
EGY,BGD,2005,13486793215.59,16389725624.73,10.1299,TRUE
EGY,PAK,2005,1642328166.64,1432485030.34,9.2155,TRUE
EGY,NGA,2005,980806582.26,984865284.04,8.9916,TRUE
EGY,ARG,2005,458532454.09,401555700.78,8.6614,FALSE
CHL,BRN,2005,50379108.93,44389428.95,7.7023,FALSE
CHL,KHM,2005,106509681.59,127822316.91,8.0274,FALSE
CHL,SGP,2005,94949153.0,117233527.11,7.9775,FALSE
CHL,VNM,2005,560589958.1,547800857.42,8.7486,TRUE
CHL,CHN,2005,2709754579.83,2331508270.84,9.4329,TRUE
CHL,USA,2005,72660399.62,74980090.6,7.8613,FALSE
CHL,JPN,2005,6863507.1,7557108.27,6.8365,FALSE
CHL,KOR,2005,234760756.54,278924957.13,8.3706,FALSE
CHL,DEU,2005,73467181.67,84924435.02,7.8661,FALSE
CHL,GBR,2005,44218342.64,42816236.18,7.6456,FALSE
CHL,AUS,2005,244847324.71,276192307.36,8.3889,FALSE
CHL,BRA,2005,73828809.24,82199439.62,7.8682,FALSE
CHL,RUS,2005,1214456017.43,1168377189.94,9.0844,TRUE
CHL,CAN,2005,44983902.51,50740280.44,7.6531,FALSE
CHL,ITA,2005,1497507110.38,1629328562.07,9.1754,TRUE
CHL,TUR,2005,5462236.11,5700516.74,6.7374,FALSE
CHL,ARE,2005,1741685601.51,2055383802.05,9.241,TRUE
CHL,EGY,2005,42357565.89,45759980.8,7.6269,FALSE
ARG,BRN,2005,1550032217.61,1643797770.33,9.1903,TRUE
ARG,LAO,2005,4047417463.39,3515273341.78,9.6072,TRUE
ARG,MMR,2005,701487009.59,629259764.77,8.846,TRUE
ARG,PHL,2005,161558890.72,166752209.51,8.2083,FALSE
ARG,THA,2005,454962516.03,441908445.04,8.658,FALSE
ARG,VNM,2005,181505756.72,213851575.25,8.2589,FALSE
ARG,USA,2005,37958093.24,45662085.52,7.5793,FALSE
ARG,JPN,2005,884786751.06,783897077.89,8.9468,TRUE
ARG,KOR,2005,170911281.68,172019825.26,8.2328,FALSE
ARG,IND,2005,7654798.24,6519680.44,6.8839,FALSE
ARG,HKG,2005,735408559.98,697738497.01,8.8665,TRUE
ARG,TWN,2005,285698025.4,345711135.15,8.4559,FALSE
ARG,BRA,2005,2846628353.96,3187238580.21,9.4543,TRUE
ARG,ZAF,2005,203839580.17,209046432.47,8.3093,FALSE
ARG,CAN,2005,10252604508.55,9703787039.67,10.0108,TRUE
ARG,NLD,2005,5283191.75,5210761.6,6.7229,FALSE
ARG,ESP,2005,906259814.14,878526769.0,8.9573,TRUE
ARG,SAU,2005,1895707091.88,1794191687.69,9.2778,TRUE
ARG,CHL,2005,114126243.86,124554314.14,8.0574,FALSE
BRN,KHM,2015,239108898.08,271476654.68,8.3786,FALSE
BRN,MYS,2015,1145685815.14,979604557.94,9.0591,TRUE
BRN,CHN,2015,1555389512.61,1932919056.1,9.1918,TRUE
BRN,USA,2015,191818572.03,198915486.93,8.2829,FALSE
BRN,KOR,2015,14949030.23,13228804.44,7.1746,FALSE
BRN,DEU,2015,628361622.68,584479364.97,8.7982,FALSE
BRN,IND,2015,247640307.29,277753407.71,8.3938,FALSE
BRN,HKG,2015,98264066.79,103658994.84,7.9924,FALSE
BRN,AUS,2015,398397141.91,436107158.49,8.6003,FALSE
BRN,BRA,2015,5599977913.82,5555638143.38,9.7482,TRUE
BRN,ZAF,2015,40154311.67,43576510.97,7.6037,FALSE
BRN,RUS,2015,2587825088.99,2818033700.69,9.4129,TRUE
BRN,CAN,2015,80675658.59,91822911.55,7.9067,FALSE
BRN,ESP,2015,526508709.64,604015307.94,8.7214,FALSE
BRN,TUR,2015,130824978.93,119468761.32,8.1167,FALSE
BRN,PAK,2015,3191106885.57,3445779880.77,9.5039,TRUE
BRN,NGA,2015,6229401152.5,7578182918.55,9.7944,TRUE
BRN,EGY,2015,607686295.78,733687522.68,8.7837,FALSE
BRN,CHL,2015,70778701.68,78549051.88,7.8499,FALSE
KHM,BRN,2015,187132324.54,172819080.25,8.2721,FALSE
KHM,LAO,2015,153006215.63,163059516.39,8.1847,FALSE
KHM,MYS,2015,490017236.03,429844075.18,8.6902,FALSE
KHM,MMR,2015,19880866.28,24796120.73,7.2984,FALSE
KHM,CHN,2015,379842625.0,327768119.09,8.5796,FALSE
KHM,JPN,2015,2295315530.34,2812148195.44,9.3608,TRUE
KHM,KOR,2015,229416765.47,262400532.3,8.3606,FALSE
KHM,DEU,2015,1202773546.93,1221518673.59,9.0802,FALSE
KHM,TWN,2015,3691889916.82,3242887533.25,9.5672,TRUE
KHM,FRA,2015,1410733062.55,1515153948.28,9.1494,TRUE
KHM,AUS,2015,33719304.47,35597253.14,7.5279,FALSE
KHM,BRA,2015,1224689218.93,1250868469.39,9.088,FALSE
KHM,ZAF,2015,2101319903.99,1823713047.88,9.3225,TRUE
KHM,RUS,2015,88274663.59,84264327.39,7.9458,FALSE
KHM,MEX,2015,250487988.71,305023044.97,8.3988,FALSE
KHM,CAN,2015,3338343508.71,3865346510.72,9.5235,TRUE
KHM,NLD,2015,54875045.64,47171088.06,7.7394,FALSE
KHM,ITA,2015,18903954.64,23418279.28,7.2766,FALSE
KHM,ESP,2015,53417158.0,61262026.8,7.7277,FALSE
KHM,TUR,2015,1284619278.0,1396185683.64,9.1088,TRUE
KHM,BGD,2015,367235420.72,397844440.82,8.5649,FALSE
KHM,NGA,2015,289341813.41,352169496.26,8.4614,FALSE
IDN,MYS,2015,295043973.01,310110571.7,8.4699,FALSE
IDN,CHN,2015,8499649236.29,10623027932.88,9.9294,TRUE
IDN,USA,2015,11954219.28,14475654.63,7.0775,FALSE
IDN,JPN,2015,1127652177.42,1024019700.68,9.0522,FALSE
IDN,DEU,2015,184865488.47,223848261.31,8.2669,FALSE
IDN,IND,2015,6397053735.64,6904796693.48,9.806,TRUE
IDN,GBR,2015,1060427967.76,1233838900.34,9.0255,FALSE
IDN,BRA,2015,2595206669.34,2419308341.64,9.4142,TRUE
IDN,ZAF,2015,100366168.92,112226303.51,8.0016,FALSE
IDN,ARE,2015,4314998470.75,4170044301.86,9.635,TRUE
IDN,PAK,2015,320782845.9,305322536.69,8.5062,FALSE
IDN,EGY,2015,1168633342.27,1156776410.9,9.0677,FALSE
IDN,CHL,2015,2019677615.94,2521222754.52,9.3053,TRUE
LAO,KHM,2015,2156701443.18,2556349603.05,9.3338,TRUE
LAO,MYS,2015,435718755.9,511168842.46,8.6392,FALSE
LAO,MMR,2015,76826075.56,74726994.81,7.8855,FALSE
LAO,PHL,2015,876468674.62,899684491.29,8.9427,FALSE
LAO,VNM,2015,88212701.39,108322440.41,7.9455,FALSE
LAO,CHN,2015,20982291.03,23012070.1,7.3219,FALSE
LAO,USA,2015,853761936.78,982183616.89,8.9313,FALSE
LAO,DEU,2015,18248959.76,16992996.15,7.2612,FALSE
LAO,IND,2015,450889425.17,497867786.61,8.6541,FALSE
LAO,HKG,2015,421251265.39,478388271.17,8.6245,FALSE
LAO,FRA,2015,17938383.02,18162675.84,7.2538,FALSE
LAO,BRA,2015,4368849039.48,3754367025.27,9.6404,TRUE
LAO,ZAF,2015,11333881636.34,11414603111.98,10.0544,TRUE
LAO,RUS,2015,18919876.62,18565703.42,7.2769,FALSE
LAO,MEX,2015,14205730770.32,13896601644.95,10.1525,TRUE
LAO,SAU,2015,691311658.4,689003978.15,8.8397,FALSE
LAO,ARE,2015,20866127.03,24567245.83,7.3194,FALSE
LAO,BGD,2015,119895143.52,144618074.99,8.0788,FALSE
LAO,PAK,2015,889970580.95,1074214364.48,8.9494,FALSE
LAO,EGY,2015,399869122.45,399426491.74,8.6019,FALSE
LAO,CHL,2015,22925993904.54,24467791441.56,10.3603,TRUE
LAO,ARG,2015,15280908130.81,16276374888.87,10.1841,TRUE
MYS,PHL,2015,249081459.53,216278639.27,8.3963,FALSE
MYS,SGP,2015,517623901.18,622321241.24,8.714,FALSE
MYS,THA,2015,757898348.72,828334172.57,8.8796,FALSE
MYS,CHN,2015,296129284.54,277695562.06,8.4715,FALSE
MYS,USA,2015,577491037.48,610837266.69,8.7615,FALSE
MYS,JPN,2015,475805755.52,417533395.07,8.6774,FALSE
MYS,DEU,2015,693659191.02,834983784.01,8.8411,FALSE
MYS,HKG,2015,1947125857.5,1887668103.56,9.2894,TRUE
MYS,TWN,2015,941422488.12,1113619033.63,8.9738,FALSE
MYS,FRA,2015,26181010594.88,24043656865.65,10.418,TRUE
MYS,AUS,2015,7046165319.68,8101357977.84,9.848,TRUE
MYS,CAN,2015,441331176.73,485317494.22,8.6448,FALSE
MYS,NLD,2015,314669857.33,333518199.55,8.4979,FALSE
MYS,ESP,2015,744924650.57,804545785.41,8.8721,FALSE
MYS,TUR,2015,4236056237.91,4146100190.22,9.627,TRUE
MYS,SAU,2015,1018407616.37,1187667897.23,9.0079,FALSE
MYS,BGD,2015,55523657.51,63713926.47,7.7445,FALSE
MYS,PAK,2015,773064746.55,770256531.13,8.8882,FALSE
MYS,CHL,2015,318476798.93,345383921.04,8.5031,FALSE
MMR,KHM,2015,25682711.77,29386749.74,7.4096,FALSE
MMR,IDN,2015,539546290916.2,531546291958.08,11.732,TRUE
MMR,MYS,2015,40273079.55,36530959.56,7.605,FALSE
MMR,PHL,2015,195263528.03,193967025.31,8.2906,FALSE
MMR,SGP,2015,20426134.46,19764962.78,7.3102,FALSE
MMR,KOR,2015,604310530.46,547909307.83,8.7813,FALSE
MMR,DEU,2015,488805130.96,486046016.88,8.6891,FALSE
MMR,IND,2015,58563773.8,56835164.21,7.7676,FALSE
MMR,HKG,2015,525059268.97,571934460.16,8.7202,FALSE
MMR,TWN,2015,41591051.52,46886013.88,7.619,FALSE
MMR,GBR,2015,35539598.88,42651888.84,7.5507,FALSE
MMR,AUS,2015,769588241.13,697642507.0,8.8863,FALSE
MMR,BRA,2015,76217563.14,68920814.81,7.8821,FALSE
MMR,CAN,2015,22209312.08,22397722.05,7.3465,FALSE
MMR,ESP,2015,2285624211.13,2772467564.3,9.359,TRUE
MMR,TUR,2015,2281168547.16,1949760084.58,9.3582,TRUE
MMR,SAU,2015,151653835.46,138258484.32,8.1809,FALSE
MMR,ARE,2015,300414381.99,371056886.2,8.4777,FALSE
MMR,BGD,2015,196775395.59,225678195.3,8.294,FALSE
MMR,EGY,2015,1723574374.87,2031253239.55,9.2364,TRUE
MMR,CHL,2015,1280163416.68,1352519873.75,9.1073,TRUE
PHL,KHM,2015,464985143.93,506852745.68,8.6674,FALSE
PHL,THA,2015,671901826.21,601815390.2,8.8273,FALSE
PHL,USA,2015,428997399594.1,503429992891.36,11.6325,TRUE
PHL,IND,2015,3465438249.88,4125966929.01,9.5398,TRUE
PHL,TWN,2015,8418035036.98,10145630135.97,9.9252,TRUE
PHL,FRA,2015,264325668.69,247833806.68,8.4221,FALSE
PHL,AUS,2015,1068000472.09,982869245.77,9.0286,FALSE
PHL,BRA,2015,258127861.55,234208887.52,8.4118,FALSE
PHL,ZAF,2015,303924810.51,281684264.43,8.4828,FALSE
PHL,RUS,2015,34251273.58,30265311.72,7.5347,FALSE
PHL,MEX,2015,5223880985.54,4713740346.17,9.718,TRUE
PHL,CAN,2015,4568303.23,4653622.56,6.6598,FALSE
PHL,NLD,2015,12420590649.19,14349789774.73,10.0941,TRUE
PHL,ITA,2015,461769595.57,543526081.44,8.6644,FALSE
PHL,TUR,2015,124453991.13,129925203.41,8.095,FALSE
PHL,ARE,2015,38271608.61,39525311.9,7.5829,FALSE
PHL,BGD,2015,53738083.52,46722717.09,7.7303,FALSE
PHL,PAK,2015,184588106.36,227912242.89,8.2662,FALSE
PHL,ARG,2015,2259005128.56,2041309863.47,9.3539,TRUE
SGP,KHM,2015,523652795.07,532366453.5,8.719,FALSE
SGP,IDN,2015,42297464.39,43834790.22,7.6263,FALSE
SGP,PHL,2015,4788752767.41,4756209968.67,9.6802,TRUE
SGP,THA,2015,392739289.87,410462326.7,8.5941,FALSE
SGP,VNM,2015,123502489.28,106797814.22,8.0917,FALSE
SGP,CHN,2015,659243294.85,793455850.83,8.819,FALSE
SGP,JPN,2015,7596484670.47,8200238788.11,9.8806,TRUE
SGP,KOR,2015,314286695.88,372772304.6,8.4973,FALSE
SGP,DEU,2015,961596748.09,1040255884.31,8.983,FALSE
SGP,GBR,2015,297221072.48,295430547.12,8.4731,FALSE
SGP,AUS,2015,203168242.94,246657478.39,8.3079,FALSE
SGP,BRA,2015,88843980.03,90771285.41,7.9486,FALSE
SGP,RUS,2015,1415596149.66,1253504053.99,9.1509,TRUE
SGP,MEX,2015,909832651.0,1007556445.94,8.959,FALSE
SGP,CAN,2015,45479869.56,41144986.94,7.6578,FALSE
SGP,NLD,2015,28621350.11,25749038.66,7.4567,FALSE
SGP,ESP,2015,1004063772.54,1047343672.62,9.0018,FALSE
SGP,TUR,2015,72809629.05,82089781.86,7.8622,FALSE
SGP,ARE,2015,178333954.33,172848768.84,8.2512,FALSE
SGP,BGD,2015,45288028.01,51624130.02,7.656,FALSE
SGP,PAK,2015,146720838.13,154181633.94,8.1665,FALSE
SGP,EGY,2015,201965943.91,227973428.19,8.3053,FALSE
SGP,CHL,2015,373640253.57,435940295.22,8.5725,FALSE
SGP,ARG,2015,595638128.75,658709525.37,8.775,FALSE
THA,LAO,2015,7257548428.62,6602204017.76,9.8608,TRUE
THA,MYS,2015,123855443.64,136841255.64,8.0929,FALSE
THA,MMR,2015,487204024.06,501813447.33,8.6877,FALSE
THA,SGP,2015,5388707203.33,5939622368.85,9.7315,TRUE
THA,VNM,2015,229593117.0,272797244.08,8.361,FALSE
THA,USA,2015,594046618.41,631298512.74,8.7738,FALSE
THA,DEU,2015,273229529.45,290857891.6,8.4365,FALSE
THA,HKG,2015,570460890.64,586207818.35,8.7562,FALSE
THA,TWN,2015,2236222029.22,2163977152.2,9.3495,TRUE
THA,AUS,2015,136575426.33,128296895.76,8.1354,FALSE
THA,RUS,2015,95121815.81,100959531.39,7.9783,FALSE
THA,CAN,2015,25565070.8,28100988.93,7.4076,FALSE
THA,NLD,2015,2794934217.48,3393770111.16,9.4464,TRUE
THA,ITA,2015,323798996.81,311860830.01,8.5103,FALSE
THA,TUR,2015,7686157.68,8421924.15,6.8857,FALSE
THA,ARE,2015,483097960.7,484136862.05,8.684,FALSE
THA,CHL,2015,54286018250.52,52569915725.2,10.7347,TRUE
VNM,BRN,2015,456733278.91,539952063.91,8.6597,FALSE
VNM,THA,2015,3002444299.11,2799487173.94,9.4775,TRUE
VNM,HKG,2015,106195596.93,124116850.79,8.0261,FALSE
VNM,TWN,2015,698097419.97,780788377.34,8.8439,FALSE
VNM,GBR,2015,2095791833.11,1959844196.77,9.3213,TRUE
VNM,AUS,2015,6284159424.54,7163962632.4,9.7982,TRUE
VNM,BRA,2015,112103322.86,115082973.6,8.0496,FALSE
VNM,RUS,2015,2549075183.88,3164342787.62,9.4064,TRUE
VNM,MEX,2015,12344561619.54,13128660667.49,10.0915,TRUE
VNM,PAK,2015,71623990.23,79813291.5,7.8551,FALSE
VNM,NGA,2015,1209049838.87,1430676585.04,9.0824,FALSE
VNM,EGY,2015,76905993.46,87048325.57,7.886,FALSE
VNM,CHL,2015,13543092.77,13851984.75,7.1317,FALSE
CHN,BRN,2015,156237085.86,152672514.42,8.1938,FALSE
CHN,MMR,2015,1013624908.15,1120095782.32,9.0059,FALSE
CHN,JPN,2015,357023172.21,422120517.12,8.5527,FALSE
CHN,KOR,2015,203782564.36,226570785.17,8.3092,FALSE
CHN,IND,2015,1746688471.04,1711731625.18,9.2422,TRUE
CHN,HKG,2015,6977467418.74,8509818622.4,9.8437,TRUE
CHN,TWN,2015,420310741.18,419153174.24,8.6236,FALSE
CHN,BRA,2015,6159929498.07,6014981165.97,9.7896,TRUE
CHN,ZAF,2015,1161205888.81,1328991004.0,9.0649,FALSE
CHN,RUS,2015,1797709393.13,1612937007.71,9.2547,TRUE
CHN,ITA,2015,431622521.66,429325319.61,8.6351,FALSE
CHN,TUR,2015,548366677.78,553203259.23,8.7391,FALSE
CHN,ARE,2015,203455560.75,247808333.83,8.3085,FALSE
CHN,BGD,2015,546462712.13,567738205.59,8.7376,FALSE
CHN,CHL,2015,1944377249.97,1903853002.11,9.2888,TRUE
CHN,ARG,2015,763088843.31,946635457.47,8.8826,FALSE
USA,BRN,2015,751351217.35,815444704.2,8.8758,FALSE
USA,IDN,2015,328203529.23,375857815.13,8.5161,FALSE
USA,MYS,2015,363028822.83,368590725.45,8.5599,FALSE
USA,MMR,2015,158151267.35,194238771.77,8.1991,FALSE
USA,SGP,2015,61653750.73,63890167.77,7.79,FALSE
USA,VNM,2015,72232908.66,61606826.03,7.8587,FALSE
USA,CHN,2015,1393401108.61,1529537189.91,9.1441,TRUE
USA,JPN,2015,363299939.47,317496172.24,8.5603,FALSE
USA,KOR,2015,126869177.29,123905937.41,8.1034,FALSE
USA,DEU,2015,20602957.02,23803411.25,7.3139,FALSE
USA,FRA,2015,85419679.74,83181568.03,7.9316,FALSE
USA,ZAF,2015,2216126834.45,2264161499.51,9.3456,TRUE
USA,CAN,2015,4377010819.43,5181818431.44,9.6412,TRUE
USA,NLD,2015,31897716.25,35396675.38,7.5038,FALSE
USA,ITA,2015,374538047.04,323272643.32,8.5735,FALSE
USA,ESP,2015,5935821239.28,5741607280.39,9.7735,TRUE
USA,TUR,2015,5719313138.09,5127727567.5,9.7573,TRUE
USA,ARE,2015,79932008.95,69189121.39,7.9027,FALSE
USA,BGD,2015,432202241.52,391114301.05,8.6357,FALSE
USA,PAK,2015,52288793.28,50721085.91,7.7184,FALSE
USA,NGA,2015,2244022052.87,1913721938.2,9.351,TRUE
JPN,KHM,2015,1480172693.7,1638761310.43,9.1703,TRUE
JPN,IDN,2015,386349586.63,444279178.49,8.587,FALSE
JPN,LAO,2015,1246905506.1,1167380374.9,9.0958,FALSE
JPN,MYS,2015,179464645.82,195798099.7,8.254,FALSE
JPN,MMR,2015,1601049699.24,1760241229.91,9.2044,TRUE
JPN,VNM,2015,2059218215.82,1815840991.38,9.3137,TRUE
JPN,CHN,2015,1793113736.62,1926577991.91,9.2536,TRUE
JPN,KOR,2015,3878023.71,4183894.38,6.5886,FALSE
JPN,HKG,2015,169473867.54,168300068.46,8.2291,FALSE
JPN,TWN,2015,406656264.21,397978032.29,8.6092,FALSE
JPN,FRA,2015,539274999.2,572748377.89,8.7318,FALSE
JPN,GBR,2015,36488724.48,45379354.09,7.5622,FALSE
JPN,CAN,2015,143917803.0,132425444.37,8.1581,FALSE
JPN,ITA,2015,305106192.48,348388868.39,8.4845,FALSE
JPN,ARE,2015,75193765.69,90127238.15,7.8762,FALSE
JPN,BGD,2015,104386968.2,91323310.19,8.0186,FALSE
JPN,PAK,2015,26929152.01,27252651.11,7.4302,FALSE
JPN,ARG,2015,568064121.3,659391736.11,8.7544,FALSE
KOR,BRN,2015,516536115.24,516633228.46,8.7131,FALSE
KOR,IDN,2015,529093762.65,540868754.27,8.7235,FALSE
KOR,LAO,2015,9789637885.34,8639402814.51,9.9908,TRUE
KOR,MYS,2015,29982565.29,33178389.59,7.4769,FALSE
KOR,THA,2015,3550293156.08,4246760781.73,9.5503,TRUE
KOR,CHN,2015,234323059.22,199373287.05,8.3698,FALSE
KOR,USA,2015,4454108411.07,5151096262.25,9.6488,TRUE
KOR,JPN,2015,85945320.57,87720292.24,7.9342,FALSE
KOR,IND,2015,33672874.27,41426794.31,7.5273,FALSE
KOR,TWN,2015,1864346431.72,1791678775.23,9.2705,TRUE
KOR,FRA,2015,213275713.78,240202390.79,8.3289,FALSE
KOR,BRA,2015,269635266.5,300193012.52,8.4308,FALSE
KOR,MEX,2015,441873860.07,523428679.35,8.6453,FALSE
KOR,NLD,2015,186683024.66,205161794.01,8.2711,FALSE
KOR,ITA,2015,1813242960.03,1986673518.67,9.2585,TRUE
KOR,ARE,2015,12130545790.98,13745953551.54,10.0839,TRUE
KOR,NGA,2015,10936132859.46,10105245765.89,10.0389,TRUE
DEU,KHM,2015,21847703.72,24656758.47,7.3394,FALSE
DEU,IDN,2015,6940524394.65,6562713671.27,9.8414,TRUE
DEU,LAO,2015,10662602362.7,13309165647.44,10.0279,TRUE
DEU,PHL,2015,346591844.08,339464099.39,8.5398,FALSE
DEU,SGP,2015,6582491612.8,5684303387.63,9.8184,TRUE
DEU,THA,2015,1237211056.91,1366315799.15,9.0924,FALSE
DEU,VNM,2015,1115037145.63,1059826137.94,9.0473,FALSE
DEU,JPN,2015,292384109.2,318193619.66,8.466,FALSE
DEU,HKG,2015,594476050.19,586092096.0,8.7741,FALSE
DEU,BRA,2015,4411360197.91,5413831166.93,9.6446,TRUE
DEU,ZAF,2015,4150029252.2,3780698956.97,9.6181,TRUE
DEU,RUS,2015,354436247.3,303444826.5,8.5495,FALSE
DEU,CAN,2015,4825854843.93,5060311077.54,9.6836,TRUE
DEU,NLD,2015,40328902.53,43456187.09,7.6056,FALSE
DEU,ESP,2015,267314019.04,313690953.1,8.427,FALSE
DEU,TUR,2015,7476258403.67,8705574257.03,9.8737,TRUE
DEU,SAU,2015,939131724.91,859410422.76,8.9727,FALSE
DEU,ARE,2015,6060890683.58,6431039974.82,9.7825,TRUE
DEU,BGD,2015,677341402.47,756923479.7,8.8308,FALSE
DEU,PAK,2015,714679626.28,871191331.0,8.8541,FALSE
DEU,CHL,2015,553458381.49,470779033.02,8.7431,FALSE
DEU,ARG,2015,268517135.47,315451851.29,8.429,FALSE
IND,BRN,2015,1286552024.35,1454737453.93,9.1094,TRUE
IND,KHM,2015,4528607349.53,5445268687.56,9.656,TRUE
IND,LAO,2015,1219286914.14,1272041672.08,9.0861,FALSE
IND,MYS,2015,870329130.03,1066958538.09,8.9397,TRUE
IND,MMR,2015,15912267.07,16354479.77,7.2017,FALSE
IND,SGP,2015,9499849597.93,10800131553.81,9.9777,TRUE
IND,THA,2015,2137569766.09,2023091292.56,9.3299,TRUE
IND,CHN,2015,1300372797.13,1272501938.64,9.1141,TRUE
IND,KOR,2015,352088008.54,331751503.18,8.5467,FALSE
IND,HKG,2015,1145989236.5,1382505648.62,9.0592,FALSE
IND,TWN,2015,2513139106.49,2833191865.4,9.4002,TRUE
IND,RUS,2015,5900679718.54,6202701764.32,9.7709,TRUE
IND,MEX,2015,148564975.9,163522052.65,8.1719,FALSE
IND,CAN,2015,102560751.28,116163261.51,8.011,FALSE
IND,ITA,2015,3079799763.66,3307803389.66,9.4885,TRUE
IND,ARE,2015,149076812.52,134902020.04,8.1734,FALSE
IND,BGD,2015,3927282652.06,3606007022.84,9.5941,TRUE
IND,PAK,2015,316750154.82,277925082.67,8.5007,FALSE
IND,CHL,2015,91420319.73,87129056.3,7.961,FALSE
IND,ARG,2015,121671951.31,151028141.51,8.0852,FALSE
HKG,KHM,2015,705323489.97,723838309.47,8.8484,FALSE
HKG,LAO,2015,277601262.84,266916243.64,8.4434,FALSE
HKG,PHL,2015,3998763529.88,3709071780.89,9.6019,TRUE
HKG,VNM,2015,44694144401.92,39959242065.69,10.6503,TRUE
HKG,CHN,2015,9926246912.44,8620731064.14,9.9968,TRUE
HKG,DEU,2015,326441266.71,384798220.12,8.5138,FALSE
HKG,IND,2015,380426829.67,360074295.91,8.5803,FALSE
HKG,TWN,2015,515557819.62,486988029.6,8.7123,FALSE
HKG,GBR,2015,4298893.13,4228531.26,6.6334,FALSE
HKG,BRA,2015,1410893039.5,1501084298.29,9.1495,TRUE
HKG,ZAF,2015,225604914.45,278176398.1,8.3533,FALSE
HKG,MEX,2015,35187697.52,42718992.44,7.5464,FALSE
HKG,CAN,2015,1599294803.99,1550429407.23,9.2039,TRUE
HKG,NLD,2015,203626835.25,176462065.25,8.3088,FALSE
HKG,ESP,2015,382460965.19,341446186.22,8.5826,FALSE
HKG,TUR,2015,21058483.87,23126650.31,7.3234,FALSE
HKG,SAU,2015,1889004381.81,1879620259.71,9.2762,TRUE
HKG,CHL,2015,689185623.24,807492654.38,8.8383,FALSE
TWN,KHM,2015,867527089.01,924650991.29,8.9383,FALSE
TWN,IDN,2015,312953283.37,328999503.21,8.4955,FALSE
TWN,LAO,2015,185935476.98,230016390.35,8.2694,FALSE
TWN,MYS,2015,203209380.9,238774851.41,8.3079,FALSE
TWN,MMR,2015,71890857.38,86306034.61,7.8567,FALSE
TWN,SGP,2015,1310464078.0,1185824626.78,9.1174,TRUE
TWN,THA,2015,3342562856.76,3106547667.4,9.5241,TRUE
TWN,USA,2015,19932597.06,17385362.0,7.2996,FALSE
TWN,KOR,2015,134555054.08,129592393.22,8.1289,FALSE
TWN,HKG,2015,53767034.28,62750842.73,7.7305,FALSE
TWN,AUS,2015,98164784.07,118508833.83,7.992,FALSE
TWN,BRA,2015,20199166085.23,21815742876.82,10.3053,TRUE
TWN,RUS,2015,1474957834.81,1399067172.19,9.1688,TRUE
TWN,MEX,2015,322153097.13,384850488.14,8.5081,FALSE
TWN,NLD,2015,886300872.12,891894282.51,8.9476,FALSE
TWN,ESP,2015,1115949830.78,981002879.96,9.0476,FALSE
TWN,TUR,2015,22391529165.01,19679626748.84,10.3501,TRUE
TWN,SAU,2015,8120624427.78,9927265652.45,9.9096,TRUE
TWN,ARE,2015,2612466382.81,2942761694.21,9.4171,TRUE
TWN,BGD,2015,646451261.32,673450180.47,8.8105,FALSE
TWN,PAK,2015,3951982327.81,4863591465.51,9.5968,TRUE
TWN,NGA,2015,2327368595.37,2724237968.19,9.3669,TRUE
TWN,EGY,2015,1779019975.15,2132213895.25,9.2502,TRUE
TWN,ARG,2015,123549208.26,105556564.88,8.0918,FALSE
FRA,KHM,2015,6933709340.92,6043693311.74,9.841,TRUE
FRA,PHL,2015,614249008.95,550913855.87,8.7883,FALSE
FRA,SGP,2015,472249600.3,487036871.85,8.6742,FALSE
FRA,THA,2015,1100913654.34,936272450.94,9.0418,FALSE
FRA,USA,2015,49412445.35,48217372.64,7.6938,FALSE
FRA,KOR,2015,1331822334.61,1623558225.39,9.1244,TRUE
FRA,DEU,2015,86393561.82,89955157.4,7.9365,FALSE
FRA,IND,2015,6196554137.33,5889301110.93,9.7922,TRUE
FRA,TWN,2015,3735518024.75,4335602899.95,9.5724,TRUE
FRA,GBR,2015,25575222.08,23435730.13,7.4078,FALSE
FRA,AUS,2015,47440010117.92,42642855239.5,10.6761,TRUE
FRA,BRA,2015,1003638440.7,1181090164.61,9.0016,FALSE
FRA,RUS,2015,1327525341.07,1364956352.42,9.123,TRUE
FRA,MEX,2015,40176769341.29,38274619885.74,10.604,TRUE
FRA,ITA,2015,652840928.34,802655845.88,8.8148,FALSE
FRA,BGD,2015,9770149758.8,9396063809.57,9.9899,TRUE
FRA,EGY,2015,158893662.75,144440898.43,8.2011,FALSE
FRA,CHL,2015,701981008.6,846461637.08,8.8463,FALSE
GBR,KHM,2015,1711996534.89,1854882102.52,9.2335,TRUE
GBR,IDN,2015,1769496102.25,1582444015.07,9.2478,TRUE
GBR,LAO,2015,159219193.95,167313584.03,8.202,FALSE
GBR,MYS,2015,58596353.09,53813887.6,7.7679,FALSE
GBR,PHL,2015,4092084834.54,4437732213.72,9.6119,TRUE
GBR,THA,2015,2149675345.37,2458021577.35,9.3324,TRUE
GBR,USA,2015,344226651.39,426173115.98,8.5368,FALSE
GBR,DEU,2015,18846826183.57,18759015960.0,10.2752,TRUE
GBR,IND,2015,123822304.2,137917441.25,8.0928,FALSE
GBR,HKG,2015,13445481989.71,12201775111.39,10.1286,TRUE
GBR,TWN,2015,64904082.72,64253073.2,7.8123,FALSE
GBR,FRA,2015,172347016.2,211260792.05,8.2364,FALSE
GBR,BRA,2015,3331720863.28,3264971355.71,9.5227,TRUE
GBR,RUS,2015,238488498.2,284292934.04,8.3775,FALSE
GBR,MEX,2015,3494550003.45,3698110180.45,9.5434,TRUE
GBR,CAN,2015,1441501837.15,1532785976.64,9.1588,TRUE
GBR,ITA,2015,20786458.62,21436551.28,7.3178,FALSE
GBR,ESP,2015,25027630.23,29860797.77,7.3984,FALSE
GBR,SAU,2015,2128732648.38,2513078596.19,9.3281,TRUE
GBR,PAK,2015,397569444.46,420207963.29,8.5994,FALSE
GBR,NGA,2015,346983814.67,375218250.71,8.5403,FALSE
GBR,EGY,2015,128185084.03,119634839.59,8.1078,FALSE
AUS,BRN,2015,19263226527.59,22124591960.64,10.2847,TRUE
AUS,KHM,2015,34661439742.24,34529709355.99,10.5398,TRUE
AUS,IDN,2015,440235799.23,407905697.57,8.6437,FALSE
AUS,MMR,2015,10089930278.96,12150235207.72,10.0039,TRUE
AUS,PHL,2015,736111769.95,688501196.08,8.8669,FALSE
AUS,THA,2015,147437413.2,168595149.18,8.1686,FALSE
AUS,VNM,2015,227238753.87,202072448.09,8.3565,FALSE
AUS,USA,2015,1085940777.64,992628667.39,9.0358,FALSE
AUS,KOR,2015,200305106.82,231261928.78,8.3017,FALSE
AUS,HKG,2015,5026771860.32,5000903000.9,9.7013,TRUE
AUS,ZAF,2015,234686674.02,234737427.36,8.3705,FALSE
AUS,MEX,2015,399427931.47,491501927.54,8.6014,FALSE
AUS,NLD,2015,409531498.63,418682231.93,8.6123,FALSE
AUS,ESP,2015,5299657514.12,4867820983.16,9.7242,TRUE
AUS,SAU,2015,454684945.1,565506612.73,8.6577,FALSE
AUS,ARE,2015,116701352.24,104633360.06,8.0671,FALSE
AUS,NGA,2015,4369992081.8,4392620504.68,9.6405,TRUE
AUS,EGY,2015,120444934.39,148839260.58,8.0808,FALSE
AUS,ARG,2015,896281967.86,833453834.29,8.9524,FALSE
BRA,BRN,2015,1355118380.02,1446307341.35,9.132,TRUE
BRA,KHM,2015,1732701809.78,1850399865.59,9.2387,TRUE
BRA,LAO,2015,1497550456.2,1545570721.65,9.1754,TRUE
BRA,MMR,2015,115864614.23,120669258.39,8.064,FALSE
BRA,SGP,2015,208494348.38,244882140.97,8.3191,FALSE
BRA,CHN,2015,45367624.52,47090184.09,7.6567,FALSE
BRA,FRA,2015,735009119.86,721087231.04,8.8663,FALSE
BRA,AUS,2015,300526914.87,280211927.08,8.4779,FALSE
BRA,ZAF,2015,149896352.97,135936860.24,8.1758,FALSE
BRA,RUS,2015,1013979536.04,972013085.89,9.006,FALSE
BRA,MEX,2015,3483518035.49,3625244184.79,9.542,TRUE
BRA,CAN,2015,61002522.33,68281819.78,7.7853,FALSE
BRA,NLD,2015,1254470031.81,1222844786.29,9.0985,FALSE
BRA,ITA,2015,296658325.01,342969341.13,8.4723,FALSE
BRA,ESP,2015,254819240.37,255143679.66,8.4062,FALSE
BRA,TUR,2015,9030422520.28,9904630307.34,9.9557,TRUE
BRA,ARE,2015,1471641548.26,1541874378.07,9.1678,TRUE
BRA,BGD,2015,1306847069.38,1169889937.47,9.1162,TRUE
BRA,PAK,2015,108019004.25,123785978.82,8.0335,FALSE
BRA,EGY,2015,200032697.03,223679708.1,8.3011,FALSE
BRA,CHL,2015,61488684.56,74610542.37,7.7888,FALSE
BRA,ARG,2015,622893760.8,767516822.42,8.7944,FALSE
ZAF,BRN,2015,806117925.87,696170543.7,8.9064,FALSE
ZAF,KHM,2015,436769990.05,387376696.95,8.6403,FALSE
ZAF,LAO,2015,4298856677.54,4801964375.65,9.6334,TRUE
ZAF,MYS,2015,653814837.93,726451762.28,8.8155,FALSE
ZAF,MMR,2015,569430867.99,680625700.78,8.7554,FALSE
ZAF,SGP,2015,506700674.2,457437596.08,8.7048,FALSE
ZAF,THA,2015,541890141.48,613543189.62,8.7339,FALSE
ZAF,VNM,2015,6048937112.16,6853413574.58,9.7817,TRUE
ZAF,CHN,2015,21867277.38,26064161.97,7.3398,FALSE
ZAF,USA,2015,856493386.02,815847853.7,8.9327,FALSE
ZAF,IND,2015,372164541.4,395557448.38,8.5707,FALSE
ZAF,HKG,2015,4033142630.67,4775812598.45,9.6056,TRUE
ZAF,GBR,2015,554572985.25,632329280.86,8.744,FALSE
ZAF,AUS,2015,196155929.59,213665504.56,8.2926,FALSE
ZAF,MEX,2015,489787599.24,464494650.99,8.69,FALSE
ZAF,NLD,2015,515374731.34,448857307.58,8.7121,FALSE
ZAF,ITA,2015,309917457.24,295252146.39,8.4912,FALSE
ZAF,SAU,2015,242524363.13,291272564.23,8.3848,FALSE
ZAF,BGD,2015,8434190354.92,8991092449.57,9.926,TRUE
ZAF,NGA,2015,61638954.01,58481013.9,7.7899,FALSE
ZAF,EGY,2015,1226024367.67,1159708219.2,9.0885,FALSE
ZAF,CHL,2015,299886251.53,255696561.46,8.477,FALSE
RUS,IDN,2015,840681359.9,986872845.53,8.9246,FALSE
RUS,LAO,2015,232075103.44,278173099.19,8.3656,FALSE
RUS,MMR,2015,1869124783.96,1856612140.72,9.2716,TRUE
RUS,USA,2015,20232076990.2,17626013411.69,10.306,TRUE
RUS,JPN,2015,495643043.34,604686095.44,8.6952,FALSE
RUS,DEU,2015,78307551.13,86794333.1,7.8938,FALSE
RUS,IND,2015,18535873.48,22251197.42,7.268,FALSE
RUS,HKG,2015,3154512798.89,2701982398.93,9.4989,TRUE
RUS,GBR,2015,15332248101.69,14924820037.37,10.1856,TRUE
RUS,BRA,2015,1127475361.34,1232885067.04,9.0521,FALSE
RUS,ZAF,2015,1009468779.79,1041705246.82,9.0041,FALSE
RUS,MEX,2015,282659713.65,260703009.72,8.4513,FALSE
RUS,CAN,2015,4444804821.54,3851179988.07,9.6479,TRUE
RUS,NLD,2015,1906261816.59,2316491426.66,9.2802,TRUE
RUS,ESP,2015,898643358.24,1089614651.08,8.9536,FALSE
RUS,TUR,2015,573231079.09,638223051.06,8.7583,FALSE
RUS,SAU,2015,85694722.94,103764445.86,7.933,FALSE
RUS,BGD,2015,149834996.01,135900530.47,8.1756,FALSE
RUS,PAK,2015,4427270855.6,4221537249.85,9.6461,TRUE
RUS,NGA,2015,184096292.43,183429260.34,8.265,FALSE
RUS,EGY,2015,3137775815.12,3892598014.15,9.4966,TRUE
RUS,ARG,2015,378029983.0,456823118.13,8.5775,FALSE
MEX,BRN,2015,1510687909.97,1496826024.29,9.1792,TRUE
MEX,LAO,2015,222179244.11,263673087.51,8.3467,FALSE
MEX,SGP,2015,863349863.3,969501333.7,8.9362,FALSE
MEX,THA,2015,499448000.35,535776875.86,8.6985,FALSE
MEX,VNM,2015,257256796.87,288584058.18,8.4104,FALSE
MEX,JPN,2015,637609608.99,656504869.72,8.8046,FALSE
MEX,KOR,2015,2664884327.26,3150349204.78,9.4257,TRUE
MEX,DEU,2015,2244118175.2,2455421593.39,9.351,TRUE
MEX,IND,2015,4203349389.73,3785472217.67,9.6236,TRUE
MEX,HKG,2015,277054408.59,255038312.22,8.4426,FALSE
MEX,TWN,2015,88252563.53,86573730.48,7.9457,FALSE
MEX,FRA,2015,8145233528.95,8708261411.35,9.9109,TRUE
MEX,AUS,2015,485281542.11,482517362.19,8.686,FALSE
MEX,ZAF,2015,412454639.73,508577670.39,8.6154,FALSE
MEX,RUS,2015,113426037.99,122781293.46,8.0547,FALSE
MEX,CAN,2015,697154777.53,825488894.48,8.8433,FALSE
MEX,NLD,2015,399363881.67,404804655.55,8.6014,FALSE
MEX,TUR,2015,324538439.84,358559410.61,8.5113,FALSE
MEX,ARE,2015,251425757.88,251452498.7,8.4004,FALSE
MEX,BGD,2015,6393607242.85,6474257124.45,9.8057,TRUE
MEX,PAK,2015,313567242.81,312888668.05,8.4963,FALSE
MEX,ARG,2015,4758826496.11,5915330848.39,9.6775,TRUE
CAN,KHM,2015,54877417.95,50930264.96,7.7394,FALSE
CAN,MYS,2015,82134996.64,81646658.95,7.9145,FALSE
CAN,MMR,2015,1572240373.88,1635454327.99,9.1965,TRUE
CAN,SGP,2015,1033535989.86,1236436637.58,9.0143,FALSE
CAN,THA,2015,339518560.12,292740726.87,8.5309,FALSE
CAN,CHN,2015,465313373.97,401419889.16,8.6677,FALSE
CAN,JPN,2015,20019172507.57,21514367862.61,10.3014,TRUE
CAN,DEU,2015,3114475413.48,3718489000.78,9.4934,TRUE
CAN,FRA,2015,3536114253.1,4307849431.38,9.5485,TRUE
CAN,GBR,2015,3934099231.14,4419379290.8,9.5948,TRUE
CAN,BRA,2015,52900934.72,48389347.4,7.7235,FALSE
CAN,RUS,2015,1623985042.04,1418491612.3,9.2106,TRUE
CAN,MEX,2015,7312595918.88,8087859359.08,9.8641,TRUE
CAN,NLD,2015,302376476.24,309605768.36,8.4805,FALSE
CAN,ESP,2015,4704753603.43,5569558927.65,9.6725,TRUE
CAN,TUR,2015,4176039207.51,3608802123.17,9.6208,TRUE
CAN,SAU,2015,615805799.02,561817296.85,8.7894,FALSE
CAN,BGD,2015,502474839.34,619095518.2,8.7011,FALSE
CAN,PAK,2015,185937453.88,211420949.18,8.2694,FALSE
CAN,EGY,2015,8615771696.92,10649539894.47,9.9353,TRUE
CAN,CHL,2015,224850208.93,234156852.83,8.3519,FALSE
CAN,ARG,2015,9892352251.41,11672910341.37,9.9953,TRUE
NLD,BRN,2015,296068392.17,268601677.55,8.4714,FALSE
NLD,KHM,2015,937561277.82,839168339.02,8.972,FALSE
NLD,IDN,2015,869782934.81,893212196.87,8.9394,FALSE
NLD,MYS,2015,281521993.18,293154975.27,8.4495,FALSE
NLD,MMR,2015,582501539.43,601797431.77,8.7653,FALSE
NLD,SGP,2015,51866149087.19,62955020905.13,10.7149,TRUE
NLD,VNM,2015,8791502059.97,9493836467.51,9.9441,TRUE
NLD,CHN,2015,184200293.47,176189291.39,8.2653,FALSE
NLD,USA,2015,678198044.37,643499839.7,8.8314,FALSE
NLD,DEU,2015,22152887356.85,27085139522.17,10.3454,TRUE
NLD,IND,2015,59768012.01,59646487.92,7.7765,FALSE
NLD,HKG,2015,1638131457.13,1878441284.11,9.2143,TRUE
NLD,TWN,2015,4426078566.48,5285604901.75,9.646,TRUE
NLD,FRA,2015,224445064.99,280268176.45,8.3511,FALSE
NLD,GBR,2015,1313883176.84,1425959185.39,9.1186,TRUE
NLD,AUS,2015,1347542889.09,1351225049.42,9.1295,TRUE
NLD,BRA,2015,131488909.16,152601850.4,8.1189,FALSE
NLD,RUS,2015,29616822.99,31612396.92,7.4715,FALSE
NLD,CAN,2015,492687576.27,485625760.46,8.6926,FALSE
NLD,ITA,2015,1131048687.54,1173010036.92,9.0535,FALSE
NLD,TUR,2015,264535721.21,309835495.72,8.4225,FALSE
NLD,SAU,2015,1796002450.24,2109483337.56,9.2543,TRUE
NLD,ARE,2015,297940812.85,368317568.9,8.4741,FALSE
NLD,PAK,2015,1766413110.88,1889192989.38,9.2471,TRUE
NLD,NGA,2015,361950412.1,392882347.35,8.5586,FALSE
NLD,CHL,2015,20094697216.94,22431647862.18,10.3031,TRUE
NLD,ARG,2015,220195669.46,194537836.2,8.3428,FALSE
ITA,KHM,2015,331595011.94,384761822.21,8.5206,FALSE
ITA,LAO,2015,1413805821.54,1402086983.13,9.1504,TRUE
ITA,THA,2015,4085116528.41,4574943178.41,9.6112,TRUE
ITA,CHN,2015,168261559.57,143964565.0,8.226,FALSE
ITA,DEU,2015,149471752.51,157180706.84,8.1746,FALSE
ITA,IND,2015,28399432.99,33252262.71,7.4533,FALSE
ITA,FRA,2015,3361123106.68,3831994361.5,9.5265,TRUE
ITA,GBR,2015,5112196486.01,5945385382.63,9.7086,TRUE
ITA,RUS,2015,1573411503.85,1727882550.88,9.1968,TRUE
ITA,MEX,2015,289628491.07,257483200.21,8.4618,FALSE
ITA,CAN,2015,602211029.13,562997679.6,8.7797,FALSE
ITA,NLD,2015,1185534549.01,1104910627.79,9.0739,FALSE
ITA,ESP,2015,13208892.1,13995162.31,7.1209,FALSE
ITA,PAK,2015,53609867.98,60018192.37,7.7292,FALSE
ITA,NGA,2015,7376786.13,8585026.36,6.8679,FALSE
ITA,CHL,2015,137875935.21,171217934.84,8.1395,FALSE
ITA,ARG,2015,268336030.2,234190312.21,8.4287,FALSE
ESP,KHM,2015,1770486697.54,1676425523.37,9.2481,TRUE
ESP,MMR,2015,89204837.78,100278193.19,7.9504,FALSE
ESP,THA,2015,5138883879.21,5649406659.86,9.7109,TRUE
ESP,VNM,2015,108639839.06,122929790.05,8.036,FALSE
ESP,USA,2015,41454154.31,48618134.87,7.6176,FALSE
ESP,KOR,2015,52952852.38,60425932.69,7.7239,FALSE
ESP,DEU,2015,2529704114.06,2615898504.92,9.4031,TRUE
ESP,IND,2015,687116753.54,766506127.76,8.837,FALSE
ESP,FRA,2015,182037854.69,204008917.01,8.2602,FALSE
ESP,GBR,2015,89744750.05,104481453.88,7.953,FALSE
ESP,AUS,2015,37885649.54,37648917.5,7.5785,FALSE
ESP,BRA,2015,92441767.75,101020481.16,7.9659,FALSE
ESP,ZAF,2015,758598526.6,833876446.71,8.88,FALSE
ESP,RUS,2015,2566806516.63,2395088856.78,9.4094,TRUE
ESP,CAN,2015,630905905.02,589095235.26,8.8,FALSE
ESP,SAU,2015,151086217.46,170866037.79,8.1792,FALSE
ESP,BGD,2015,1420608122.27,1604802790.94,9.1525,TRUE
ESP,PAK,2015,682257179.55,613358825.01,8.8339,FALSE
ESP,EGY,2015,1739143652.27,1603525141.93,9.2403,TRUE
ESP,CHL,2015,2165362473.36,1863134490.66,9.3355,TRUE
ESP,ARG,2015,60250536.08,53760509.3,7.78,FALSE
TUR,KHM,2015,1050817391.25,904413861.84,9.0215,FALSE
TUR,IDN,2015,72662660.18,74018794.57,7.8613,FALSE
TUR,LAO,2015,94304251.22,91205185.6,7.9745,FALSE
TUR,SGP,2015,22432030.07,26871701.59,7.3509,FALSE
TUR,CHN,2015,623071869.23,546071701.63,8.7945,FALSE
TUR,USA,2015,270938818.17,308613197.75,8.4329,FALSE
TUR,KOR,2015,4942348315.68,6052871223.61,9.6939,TRUE
TUR,DEU,2015,521404007.04,511739611.53,8.7172,FALSE
TUR,IND,2015,635461640.88,596058215.23,8.8031,FALSE
TUR,HKG,2015,55162256.93,53435385.97,7.7416,FALSE
TUR,TWN,2015,675289154.42,745368691.22,8.8295,FALSE
TUR,FRA,2015,2126805075.73,1892052203.7,9.3277,TRUE
TUR,GBR,2015,44405830.0,50654117.14,7.6474,FALSE
TUR,AUS,2015,99597864.75,124467972.62,7.9983,FALSE
TUR,BRA,2015,1854630081.04,2044368851.83,9.2683,TRUE
TUR,RUS,2015,852256605.83,851356408.7,8.9306,FALSE
TUR,ITA,2015,404964707.73,387144973.28,8.6074,FALSE
TUR,ARE,2015,509882420.76,583791259.07,8.7075,FALSE
TUR,EGY,2015,2843216543.37,2634846701.1,9.4538,TRUE
SAU,BRN,2015,600947718.59,693196511.16,8.7788,FALSE
SAU,LAO,2015,1800064256.35,1781598796.86,9.2553,TRUE
SAU,THA,2015,754524908.36,764996006.97,8.8777,FALSE
SAU,VNM,2015,623438604.18,755179179.25,8.7948,FALSE
SAU,KOR,2015,2579993971.14,2745256651.31,9.4116,TRUE
SAU,IND,2015,2683575469.13,3230648090.86,9.4287,TRUE
SAU,TWN,2015,4140079550.24,4145387748.44,9.617,TRUE
SAU,FRA,2015,9392650.71,8433425.07,6.9728,FALSE
SAU,GBR,2015,213295130.77,250235250.76,8.329,FALSE
SAU,AUS,2015,1171983862.44,1268063554.23,9.0689,FALSE
SAU,BRA,2015,215005970.82,238383702.68,8.3325,FALSE
SAU,ZAF,2015,115994070.64,119096422.29,8.0644,FALSE
SAU,RUS,2015,503575199.47,515927730.07,8.7021,FALSE
SAU,MEX,2015,10986440.65,12502415.61,7.0409,FALSE
SAU,TUR,2015,220672290.87,239219117.85,8.3437,FALSE
SAU,ARE,2015,684133952.03,593337910.35,8.8351,FALSE
SAU,NGA,2015,2487369350.82,2220986038.29,9.3957,TRUE
SAU,EGY,2015,1395894042.83,1331786105.33,9.1449,TRUE
SAU,ARG,2015,1062711436.72,1050064178.36,9.0264,FALSE
ARE,KHM,2015,361235510.71,397263705.76,8.5578,FALSE
ARE,IDN,2015,16297813097.31,19046381035.04,10.2121,TRUE
ARE,LAO,2015,31395536.22,38596279.75,7.4969,FALSE
ARE,MMR,2015,289541906.71,352365156.62,8.4617,FALSE
ARE,PHL,2015,2902790569.58,3010721698.18,9.4628,TRUE
ARE,SGP,2015,2999367807.74,2971010916.98,9.477,TRUE
ARE,THA,2015,1734409109.49,1941504997.0,9.2392,TRUE
ARE,CHN,2015,82765406.92,78411080.05,7.9178,FALSE
ARE,USA,2015,1055106481.89,1271095189.3,9.0233,FALSE
ARE,KOR,2015,19181022743.12,19843442657.36,10.2829,TRUE
ARE,TWN,2015,4474699161.76,5217122174.69,9.6508,TRUE
ARE,GBR,2015,433320250.79,458681468.25,8.6368,FALSE
ARE,BRA,2015,4755168609.32,5717642712.0,9.6772,TRUE
ARE,ZAF,2015,1025003890.49,1245672908.14,9.0107,FALSE
ARE,MEX,2015,4679357201.47,5610481840.31,9.6702,TRUE
ARE,ITA,2015,47897843.64,57089816.36,7.6803,FALSE
ARE,ESP,2015,55347935.71,68055355.8,7.7431,FALSE
ARE,TUR,2015,5659336041.21,5101913246.46,9.7528,TRUE
ARE,SAU,2015,54505495.89,50247881.16,7.7364,FALSE
ARE,EGY,2015,760251855.7,892738212.05,8.881,FALSE
BGD,BRN,2015,1139515682.74,1344705134.56,9.0567,FALSE
BGD,IDN,2015,8087632.18,8711436.35,6.9078,FALSE
BGD,LAO,2015,5125049551.62,5256196330.36,9.7097,TRUE
BGD,MYS,2015,225019248.46,235617053.1,8.3522,FALSE
BGD,MMR,2015,529922298.81,505051336.16,8.7242,FALSE
BGD,PHL,2015,57386161.09,65313255.87,7.7588,FALSE
BGD,CHN,2015,9130334554.94,9242524745.27,9.9605,TRUE
BGD,AUS,2015,1629999179.93,1742080103.84,9.2122,TRUE
BGD,BRA,2015,62039909.08,53404298.14,7.7927,FALSE
BGD,NLD,2015,631084641.23,553463983.39,8.8001,FALSE
BGD,ESP,2015,1678090668.02,1514142123.73,9.2248,TRUE
BGD,NGA,2015,396565048.77,431267667.1,8.5983,FALSE
BGD,EGY,2015,15908962.53,16450244.34,7.2016,FALSE
BGD,CHL,2015,693053617.69,719332628.41,8.8408,FALSE
BGD,ARG,2015,293421440.05,304278825.63,8.4675,FALSE
PAK,MYS,2015,897054292.12,1068496111.19,8.9528,TRUE
PAK,SGP,2015,7423549106.92,9279431176.91,9.8706,TRUE
PAK,KOR,2015,96252838.53,109173874.36,7.9834,FALSE
PAK,DEU,2015,572640351.49,659334918.18,8.7579,FALSE
PAK,HKG,2015,315328698.27,379628810.5,8.4988,FALSE
PAK,TWN,2015,1905592295.12,2084645037.4,9.28,TRUE
PAK,FRA,2015,11536583191.48,10399306232.48,10.0621,TRUE
PAK,GBR,2015,29498713144.41,32234357861.28,10.4698,TRUE
PAK,AUS,2015,14287733.41,14423429.82,7.155,FALSE
PAK,RUS,2015,2036831058.3,2117681585.07,9.309,TRUE
PAK,MEX,2015,602149455.15,546659098.65,8.7797,FALSE
PAK,NLD,2015,57297186.6,53431690.58,7.7581,FALSE
PAK,ITA,2015,37343655.05,42971863.25,7.5722,FALSE
PAK,ESP,2015,39645408.33,44076221.5,7.5982,FALSE
PAK,TUR,2015,701568201.45,741186358.72,8.8461,FALSE
PAK,SAU,2015,166273503.3,173101380.53,8.2208,FALSE
PAK,BGD,2015,4634210.18,4194910.13,6.666,FALSE
PAK,NGA,2015,341096976.75,347893501.9,8.5329,FALSE
PAK,EGY,2015,69561941.32,71274851.52,7.8424,FALSE
PAK,CHL,2015,454316646.78,399372270.51,8.6574,FALSE
PAK,ARG,2015,2925947274.04,3486501362.54,9.4663,TRUE
NGA,IDN,2015,17123602.26,19905070.78,7.2336,FALSE
NGA,LAO,2015,3000973396.27,3348599243.03,9.4773,TRUE
NGA,MYS,2015,406942930.97,354616923.12,8.6095,FALSE
NGA,SGP,2015,27018628051.8,27058463385.63,10.4317,TRUE
NGA,THA,2015,92804228.4,80193306.42,7.9676,FALSE
NGA,VNM,2015,1805085599.26,2195361056.86,9.2565,TRUE
NGA,HKG,2015,6329369053.58,6855227287.88,9.8014,TRUE
NGA,TWN,2015,1000633126.91,1185799551.31,9.0003,FALSE
NGA,GBR,2015,27566931.86,33094632.63,7.4404,FALSE
NGA,MEX,2015,235421350.56,228870510.62,8.3718,FALSE
NGA,CAN,2015,21482211.91,19565313.29,7.3321,FALSE
NGA,NLD,2015,487345089.98,447287910.74,8.6878,FALSE
NGA,ITA,2015,34080372.35,42085939.45,7.5325,FALSE
NGA,ESP,2015,337344826.68,407661937.04,8.5281,FALSE
NGA,TUR,2015,2046665738.94,1837601342.36,9.311,TRUE
NGA,SAU,2015,3949843870.82,3906788897.53,9.5966,TRUE
NGA,BGD,2015,237969460.33,285035653.73,8.3765,FALSE
NGA,PAK,2015,20267742.79,20087212.86,7.3068,FALSE
NGA,CHL,2015,710772583.91,743255347.14,8.8517,FALSE
EGY,KHM,2015,2037876712.73,2523660044.54,9.3092,TRUE
EGY,IDN,2015,702391415.59,733613480.41,8.8466,FALSE
EGY,LAO,2015,1672301037.74,1471310984.3,9.2233,TRUE
EGY,PHL,2015,690675934.79,691554740.06,8.8393,FALSE
EGY,SGP,2015,521530184.78,602973721.81,8.7173,FALSE
EGY,VNM,2015,17642200965.08,21835465730.29,10.2466,TRUE
EGY,CHN,2015,33144841.28,28995751.56,7.5204,FALSE
EGY,JPN,2015,2369409884.61,2071093634.84,9.3746,TRUE
EGY,KOR,2015,33804871.99,31487516.68,7.529,FALSE
EGY,HKG,2015,309010328.35,350541192.17,8.49,FALSE
EGY,TWN,2015,1517791643.84,1443605387.38,9.1812,TRUE
EGY,FRA,2015,455389664.7,514300493.76,8.6584,FALSE
EGY,GBR,2015,738880155.66,880896881.4,8.8686,FALSE
EGY,AUS,2015,1763624790.91,1735586812.06,9.2464,TRUE
EGY,CAN,2015,12211109989.32,13912064325.0,10.0868,TRUE
EGY,NLD,2015,19392938.69,22602603.78,7.2876,FALSE
EGY,ITA,2015,3264125961.83,2787953653.33,9.5138,TRUE
EGY,ESP,2015,6154706813.19,6996422767.83,9.7892,TRUE
EGY,TUR,2015,235857341.52,262278540.37,8.3726,FALSE
EGY,ARE,2015,6486263.68,5578239.13,6.812,FALSE
EGY,NGA,2015,87208031.04,105495455.48,7.9406,FALSE
EGY,CHL,2015,4309033716.41,3924804029.37,9.6344,TRUE
EGY,ARG,2015,1864505386.33,2083688117.38,9.2706,TRUE
CHL,IDN,2015,15633644140.07,16930361129.89,10.1941,TRUE
CHL,LAO,2015,2604938599.97,3240664564.72,9.4158,TRUE
CHL,THA,2015,45515225178.89,49213825636.1,10.6582,TRUE
CHL,USA,2015,148238291.1,176964393.45,8.171,FALSE
CHL,DEU,2015,206618844.84,226076494.14,8.3152,FALSE
CHL,IND,2015,3038169905.78,3498007335.86,9.4826,TRUE
CHL,FRA,2015,922641103.78,907254335.69,8.965,FALSE
CHL,MEX,2015,14578675442.76,14059697385.82,10.1637,TRUE
CHL,CAN,2015,4487506.69,4135601.91,6.652,FALSE
CHL,ITA,2015,135131416.75,133310861.19,8.1308,FALSE
CHL,ESP,2015,344436376.79,401361956.42,8.5371,FALSE
CHL,SAU,2015,274295473.54,331860024.35,8.4382,FALSE
CHL,ARE,2015,134386499.0,116985856.86,8.1284,FALSE
CHL,ARG,2015,539133538.09,583647374.66,8.7317,FALSE
ARG,BRN,2015,913806005.24,951212030.76,8.9609,FALSE
ARG,IDN,2015,194360170.15,201824477.45,8.2886,FALSE
ARG,MYS,2015,135684482.03,156563516.78,8.1325,FALSE
ARG,MMR,2015,304065313.46,296423731.52,8.483,FALSE
ARG,PHL,2015,8052365555.25,7462142231.68,9.9059,TRUE
ARG,SGP,2015,1467285406.01,1421707750.74,9.1665,TRUE
ARG,THA,2015,1782794459.44,1542881885.04,9.2511,TRUE
ARG,CHN,2015,1243257605.63,1328579464.05,9.0946,FALSE
ARG,KOR,2015,64993794.86,75316660.98,7.8129,FALSE
ARG,FRA,2015,444450575.77,388604747.45,8.6478,FALSE
ARG,GBR,2015,8581666095.15,9440152486.69,9.9336,TRUE
ARG,ZAF,2015,193373561.31,210514732.69,8.2864,FALSE
ARG,CAN,2015,888473046.81,956251988.51,8.9486,FALSE
ARG,ITA,2015,63669591.31,61317308.89,7.8039,FALSE
ARG,TUR,2015,1529837501.59,1747252636.87,9.1846,TRUE
ARG,SAU,2015,223704163.96,254966415.19,8.3497,FALSE
ARG,BGD,2015,40782766.53,40375949.87,7.6105,FALSE
ARG,PAK,2015,50545038.47,62794219.22,7.7037,FALSE
ARG,CHL,2015,116703087.69,134711731.66,8.0671,FALSE
BRN,KHM,2023,141508854.96,170582480.28,8.1508,FALSE
BRN,IDN,2023,801878153.96,936638100.02,8.9041,FALSE
BRN,MYS,2023,5823446072.72,5150906655.2,9.7652,TRUE
BRN,PHL,2023,29472488565.11,34472797621.77,10.4694,TRUE
BRN,CHN,2023,207801924.76,258194229.76,8.3176,FALSE
BRN,JPN,2023,2702946139.94,2498429948.83,9.4318,TRUE
BRN,DEU,2023,1125612946.87,1222006956.39,9.0514,TRUE
BRN,IND,2023,504199814.9,502653845.03,8.7026,FALSE
BRN,HKG,2023,436605843.02,389633370.76,8.6401,FALSE
BRN,FRA,2023,157549201.13,195600393.63,8.1974,FALSE
BRN,AUS,2023,874504136.84,910279245.49,8.9418,FALSE
BRN,BRA,2023,34609212716.19,33258630201.36,10.5392,TRUE
BRN,ZAF,2023,20586389310.7,19218066210.18,10.3136,TRUE
BRN,MEX,2023,1474357156.38,1704217102.41,9.1686,TRUE
BRN,NLD,2023,2280421474.73,2221243836.92,9.358,TRUE
BRN,PAK,2023,91111171.13,82279286.05,7.9596,FALSE
BRN,NGA,2023,1900453495.19,1644390059.9,9.2789,TRUE
BRN,EGY,2023,359876099.29,375576944.74,8.5562,FALSE
BRN,CHL,2023,4180770965.95,3655335677.07,9.6213,TRUE
BRN,ARG,2023,23326765.06,26632210.99,7.3679,FALSE
KHM,BRN,2023,2165780617.15,2405042282.93,9.3356,TRUE
KHM,IDN,2023,636839798.27,635826455.99,8.804,FALSE
KHM,LAO,2023,376312999.47,328099094.67,8.5755,FALSE
KHM,MMR,2023,3301911155.1,3314397813.0,9.5188,TRUE
KHM,SGP,2023,802506491.92,874640189.44,8.9044,FALSE
KHM,THA,2023,448213434.44,388189857.29,8.6515,FALSE
KHM,JPN,2023,767516301.29,822559048.38,8.8851,FALSE
KHM,DEU,2023,164556075.41,203524406.04,8.2163,FALSE
KHM,IND,2023,245450542.78,210072468.29,8.39,FALSE
KHM,GBR,2023,4842458477.18,5048390389.63,9.6851,TRUE
KHM,AUS,2023,7612356.36,6603268.31,6.8815,FALSE
KHM,RUS,2023,1705175818.6,1782997409.84,9.2318,TRUE
KHM,ITA,2023,1123671013.74,1082256102.58,9.0506,TRUE
KHM,SAU,2023,73061978527.48,65547577359.66,10.8637,TRUE
KHM,ARE,2023,414150964.44,441527809.97,8.6172,FALSE
KHM,PAK,2023,45736330.84,55039329.18,7.6603,FALSE
KHM,NGA,2023,664448648.82,666017427.62,8.8225,FALSE
IDN,KHM,2023,968064110.25,1091445018.6,8.9859,TRUE
IDN,MMR,2023,178550807.25,172724834.99,8.2518,FALSE
IDN,PHL,2023,184162779.34,215284254.15,8.2652,FALSE
IDN,THA,2023,7226706276.15,7466916697.34,9.8589,TRUE
IDN,VNM,2023,2347319701.51,2805066412.42,9.3706,TRUE
IDN,CHN,2023,285768103.15,322514850.1,8.456,FALSE
IDN,USA,2023,1562022194.61,1674880663.58,9.1937,TRUE
IDN,JPN,2023,20078652.26,24163619.24,7.3027,FALSE
IDN,HKG,2023,5223598174.32,5706680332.62,9.718,TRUE
IDN,TWN,2023,14549562.96,12666465.58,7.1628,FALSE
IDN,FRA,2023,1367039824.9,1317652123.89,9.1358,TRUE
IDN,BRA,2023,74241468.64,76721828.15,7.8706,FALSE
IDN,ZAF,2023,1611709850.06,1424852564.59,9.2073,TRUE
IDN,CAN,2023,32998779277.81,29542668120.9,10.5185,TRUE
IDN,NLD,2023,11825061.98,13538288.21,7.0728,FALSE
IDN,ITA,2023,238636469.62,283797095.62,8.3777,FALSE
IDN,ESP,2023,1922632537.42,2313255208.49,9.2839,TRUE
IDN,TUR,2023,387623853.58,457837048.59,8.5884,FALSE
IDN,PAK,2023,8946646208.66,9316324914.83,9.9517,TRUE
IDN,CHL,2023,262104260.71,276442421.6,8.4185,FALSE
IDN,ARG,2023,1038292036.04,1139036528.35,9.0163,TRUE
LAO,BRN,2023,189076754.08,172336570.37,8.2766,FALSE
LAO,IDN,2023,681149209.59,632385662.6,8.8332,FALSE
LAO,MMR,2023,364724349.52,340569141.06,8.562,FALSE
LAO,THA,2023,1915582319.66,2380638626.95,9.2823,TRUE
LAO,VNM,2023,3614949621.6,4321177384.14,9.5581,TRUE
LAO,USA,2023,28717553.04,29586334.76,7.4581,FALSE
LAO,DEU,2023,160631357.34,155670002.83,8.2058,FALSE
LAO,RUS,2023,2058515263.28,2011792203.98,9.3136,TRUE
LAO,ESP,2023,124186150.58,116113962.53,8.0941,FALSE
LAO,TUR,2023,131477078.86,121109763.04,8.1189,FALSE
LAO,SAU,2023,80388769.58,69535744.31,7.9052,FALSE
LAO,ARE,2023,2867028534.07,3500322137.63,9.4574,TRUE
LAO,BGD,2023,7379478599.47,6593711386.92,9.868,TRUE
LAO,PAK,2023,4708038877.46,5598995168.45,9.6728,TRUE
LAO,CHL,2023,42261990.66,41424732.1,7.6259,FALSE
MYS,BRN,2023,73723706.26,89814687.13,7.8676,FALSE
MYS,IDN,2023,617125881.43,589434193.61,8.7904,FALSE
MYS,LAO,2023,619998183.76,685511492.9,8.7924,FALSE
MYS,PHL,2023,13777598.76,15075019.94,7.1392,FALSE
MYS,SGP,2023,269293718.19,263932407.5,8.4302,FALSE
MYS,VNM,2023,2058609685.61,2195538671.78,9.3136,TRUE
MYS,CHN,2023,2370012880.43,2194813787.45,9.3748,TRUE
MYS,KOR,2023,634302098.61,732857876.37,8.8023,FALSE
MYS,DEU,2023,1102117668.77,1299292441.47,9.0422,TRUE
MYS,IND,2023,377856708.83,405341811.45,8.5773,FALSE
MYS,HKG,2023,1126011349.31,998949523.74,9.0515,TRUE
MYS,AUS,2023,953086295.22,1150562407.0,8.9791,TRUE
MYS,BRA,2023,199859589.12,231816546.9,8.3007,FALSE
MYS,RUS,2023,88179115.03,89154206.26,7.9454,FALSE
MYS,MEX,2023,464203141.07,498366466.9,8.6667,FALSE
MYS,CAN,2023,43279439.47,47786217.99,7.6363,FALSE
MYS,NLD,2023,23673292.78,25766603.21,7.3743,FALSE
MYS,ITA,2023,3146401287.56,2803514902.19,9.4978,TRUE
MYS,ESP,2023,407164891.21,501342592.67,8.6098,FALSE
MYS,SAU,2023,1464926092.71,1751318798.27,9.1658,TRUE
MYS,BGD,2023,18827245684.06,20027974382.4,10.2748,TRUE
MYS,PAK,2023,561697955.48,602093917.89,8.7495,FALSE
MYS,NGA,2023,168792129.71,204805467.12,8.2274,FALSE
MYS,EGY,2023,11510557194.13,12310765630.45,10.0611,TRUE
MYS,ARG,2023,1227600759.84,1257645386.76,9.0891,TRUE
MMR,IDN,2023,333797892.99,363573912.07,8.5235,FALSE
MMR,LAO,2023,466191014.77,544958175.45,8.6686,FALSE
MMR,SGP,2023,647400794.59,687532716.96,8.8112,FALSE
MMR,KOR,2023,626887522.34,562605540.71,8.7972,FALSE
MMR,TWN,2023,176518146.05,157415166.06,8.2468,FALSE
MMR,FRA,2023,1435840232.9,1316069914.21,9.1571,TRUE
MMR,GBR,2023,242671746.29,234166676.72,8.385,FALSE
MMR,AUS,2023,15498912.38,18588510.41,7.1903,FALSE
MMR,BRA,2023,952883072.3,1130524749.05,8.979,TRUE
MMR,ZAF,2023,3359925712.47,3737072456.17,9.5263,TRUE
MMR,RUS,2023,324581696.26,371170357.74,8.5113,FALSE
MMR,NLD,2023,2017168848.63,2488525843.45,9.3047,TRUE
MMR,ITA,2023,8283744.35,8193401.69,6.9182,FALSE
MMR,ESP,2023,214061363.58,249855298.13,8.3305,FALSE
MMR,SAU,2023,171599307.93,212345473.18,8.2345,FALSE
MMR,EGY,2023,589404442.94,634439368.86,8.7704,FALSE
PHL,BRN,2023,33370128519.46,29636154371.99,10.5234,TRUE
PHL,IDN,2023,433400612.96,467225034.37,8.6369,FALSE
PHL,MYS,2023,213918577.94,183930283.97,8.3302,FALSE
PHL,SGP,2023,121589884.93,134914355.49,8.0849,FALSE
PHL,USA,2023,142781954.67,135654663.97,8.1547,FALSE
PHL,JPN,2023,89722880.36,91774721.87,7.9529,FALSE
PHL,KOR,2023,8383893581.95,9554612587.12,9.9234,TRUE
PHL,DEU,2023,234328858.78,244352216.68,8.3698,FALSE
PHL,FRA,2023,41816520.57,51920956.65,7.6213,FALSE
PHL,GBR,2023,578884403.92,651474109.16,8.7626,FALSE
PHL,AUS,2023,68144440.01,68840069.09,7.8334,FALSE
PHL,BRA,2023,508801260.83,515473553.88,8.7065,FALSE
PHL,CAN,2023,54760373.77,51980980.66,7.7385,FALSE
PHL,NLD,2023,51623748.36,50979360.07,7.7128,FALSE
PHL,ESP,2023,4593183264.35,5148067556.55,9.6621,TRUE
PHL,BGD,2023,1663864999.61,2052252186.6,9.2211,TRUE
PHL,EGY,2023,191846709.95,239445254.42,8.283,FALSE
PHL,CHL,2023,125472055.57,123817887.76,8.0985,FALSE
PHL,ARG,2023,220555546.81,187496010.21,8.3435,FALSE
SGP,KHM,2023,1285917180.61,1108998276.68,9.1092,TRUE
SGP,IDN,2023,815568029.14,868687947.11,8.9115,FALSE
SGP,MMR,2023,182530661.94,194924612.34,8.2613,FALSE
SGP,THA,2023,24126909297.21,29087529809.99,10.3825,TRUE
SGP,USA,2023,3148815332.34,2744217190.29,9.4981,TRUE
SGP,KOR,2023,4110169139.67,4559275480.27,9.6139,TRUE
SGP,DEU,2023,649658049.45,704217467.42,8.8127,FALSE
SGP,FRA,2023,598555606.25,610795460.31,8.7771,FALSE
SGP,MEX,2023,1356659870.38,1404888488.44,9.1325,TRUE
SGP,CAN,2023,162111021.4,162762928.56,8.2098,FALSE
SGP,SAU,2023,299147866.58,319629297.32,8.4759,FALSE
SGP,PAK,2023,902423644.94,872262682.12,8.9554,TRUE
SGP,NGA,2023,2165635985.38,2489419787.3,9.3356,TRUE
SGP,EGY,2023,1632181367.56,1731999080.85,9.2128,TRUE
SGP,CHL,2023,38919350010.12,35285076798.35,10.5902,TRUE
THA,BRN,2023,3393140259.77,3926587393.9,9.5306,TRUE
THA,LAO,2023,327177768.16,395999362.86,8.5148,FALSE
THA,MYS,2023,7663063624.05,8877634944.28,9.8844,TRUE
THA,PHL,2023,112801729.09,110570215.82,8.0523,FALSE
THA,SGP,2023,111065988.17,123955844.46,8.0456,FALSE
THA,VNM,2023,66110854.07,63034553.11,7.8203,FALSE
THA,USA,2023,2621202829.72,2375504224.87,9.4185,TRUE
THA,KOR,2023,189977974.23,188312530.04,8.2787,FALSE
THA,TWN,2023,612844462.66,611976035.18,8.7874,FALSE
THA,BRA,2023,739396218.42,865189612.99,8.8689,FALSE
THA,ZAF,2023,31168248721.6,32198632221.38,10.4937,TRUE
THA,RUS,2023,874224488.64,1088132784.69,8.9416,FALSE
THA,MEX,2023,539223828.86,495906672.07,8.7318,FALSE
THA,CAN,2023,155446058.31,190366533.3,8.1916,FALSE
THA,ITA,2023,153416326.8,171474937.34,8.1859,FALSE
THA,TUR,2023,195235415.61,207898822.5,8.2906,FALSE
THA,ARE,2023,650389147.98,782659182.37,8.8132,FALSE
THA,BGD,2023,10630042054.86,10913771034.01,10.0265,TRUE
THA,PAK,2023,678567053.31,687310929.6,8.8316,FALSE
THA,NGA,2023,4226038130.18,5254768723.45,9.6259,TRUE
THA,EGY,2023,274240131.4,320327958.94,8.4381,FALSE
THA,ARG,2023,122538854.73,116246997.92,8.0883,FALSE
VNM,BRN,2023,5896644759.07,7138439977.98,9.7706,TRUE
VNM,IDN,2023,132906525.27,115111139.25,8.1235,FALSE
VNM,MMR,2023,41751486409.41,50146898195.39,10.6207,TRUE
VNM,SGP,2023,381191348.97,355187658.31,8.5811,FALSE
VNM,CHN,2023,1096908036.5,1097330757.4,9.0402,TRUE
VNM,USA,2023,1589918094.88,1376127769.91,9.2014,TRUE
VNM,JPN,2023,404108301.1,343987874.53,8.6065,FALSE
VNM,DEU,2023,63980938.86,64774526.39,7.8061,FALSE
VNM,IND,2023,98165638.49,108931480.91,7.992,FALSE
VNM,TWN,2023,573208142.89,637760807.36,8.7583,FALSE
VNM,AUS,2023,775344901.04,904062725.1,8.8895,FALSE
VNM,RUS,2023,676378509.57,783388040.78,8.8302,FALSE
VNM,CAN,2023,5545812246.63,4896969611.34,9.744,TRUE
VNM,NLD,2023,123003231.05,135399002.75,8.0899,FALSE
VNM,ITA,2023,467345569.28,574622094.68,8.6696,FALSE
VNM,ESP,2023,299917579.94,355469005.75,8.477,FALSE
VNM,TUR,2023,639175596.43,584491171.17,8.8056,FALSE
VNM,ARE,2023,110851364.83,97697943.98,8.0447,FALSE
VNM,BGD,2023,2092332128.51,2133877029.63,9.3206,TRUE
VNM,PAK,2023,117818630.72,145053292.19,8.0712,FALSE
VNM,EGY,2023,2063266884.89,1867397658.02,9.3146,TRUE
VNM,CHL,2023,63901050.34,65525260.86,7.8055,FALSE
VNM,ARG,2023,995349273.06,1185147916.08,8.998,TRUE
CHN,BRN,2023,680435629.09,826052632.87,8.8328,FALSE
CHN,MYS,2023,292932401.55,258426027.15,8.4668,FALSE
CHN,PHL,2023,7923221978.48,9135398526.03,9.8989,TRUE
CHN,KOR,2023,1466077440.43,1429530084.94,9.1662,TRUE
CHN,DEU,2023,52819035.35,65494162.35,7.7228,FALSE
CHN,HKG,2023,289200090.97,332835302.09,8.4612,FALSE
CHN,TWN,2023,233700897.0,280936789.82,8.3687,FALSE
CHN,FRA,2023,75477936.45,74750307.01,7.8778,FALSE
CHN,AUS,2023,5381061086.93,4882743959.23,9.7309,TRUE
CHN,BRA,2023,956372516.63,841526673.4,8.9806,TRUE
CHN,MEX,2023,18900561.54,21188322.86,7.2765,FALSE
CHN,CAN,2023,9869299042.33,9295006314.64,9.9943,TRUE
CHN,NLD,2023,179222417.62,158494444.17,8.2534,FALSE
CHN,ITA,2023,257859092.73,269909847.58,8.4114,FALSE
CHN,ESP,2023,1774265668.76,2115480584.54,9.249,TRUE
CHN,TUR,2023,194414541.49,199912645.76,8.2887,FALSE
CHN,SAU,2023,1066914252.45,1026389977.92,9.0281,TRUE
CHN,ARE,2023,236805034.51,259201614.76,8.3744,FALSE
CHN,BGD,2023,189779225.77,197754213.6,8.2782,FALSE
CHN,PAK,2023,59193351.75,60079929.7,7.7723,FALSE
CHN,NGA,2023,1826721094.17,2144311245.27,9.2617,TRUE
CHN,CHL,2023,4118283572.17,3539111983.02,9.6147,TRUE
CHN,ARG,2023,44925416.14,52735474.81,7.6525,FALSE
USA,BRN,2023,12842864.6,11473028.23,7.1087,FALSE
USA,LAO,2023,341895345.09,408002152.29,8.5339,FALSE
USA,MYS,2023,666068004.91,772178896.57,8.8235,FALSE
USA,PHL,2023,1559322846.85,1779426262.67,9.1929,TRUE
USA,SGP,2023,1344589258.96,1345258277.86,9.1286,TRUE
USA,THA,2023,173814678.13,170781097.01,8.2401,FALSE
USA,JPN,2023,400370954.53,366521309.08,8.6025,FALSE
USA,DEU,2023,1001788208.1,1112382808.21,9.0008,TRUE
USA,HKG,2023,223286467.9,274663379.05,8.3489,FALSE
USA,BRA,2023,15120537.5,15066098.99,7.1796,FALSE
USA,ZAF,2023,101707579.89,109444100.27,8.0074,FALSE
USA,MEX,2023,151897293.28,179474898.63,8.1816,FALSE
USA,CAN,2023,185412467.31,163776681.64,8.2681,FALSE
USA,NLD,2023,4848866872.6,5430263209.78,9.6856,TRUE
USA,ITA,2023,5511667944.97,4922567308.41,9.7413,TRUE
USA,ESP,2023,3462729232.93,2950600723.26,9.5394,TRUE
USA,TUR,2023,843462093.24,957870723.67,8.9261,FALSE
USA,SAU,2023,427520364.53,432536744.95,8.631,FALSE
USA,ARE,2023,77926197154.74,89381050586.56,10.8917,TRUE
USA,BGD,2023,331263731.91,301818649.04,8.5202,FALSE
USA,PAK,2023,4681722309.22,4733038131.09,9.6704,TRUE
USA,NGA,2023,414824735.31,515645273.84,8.6179,FALSE
USA,EGY,2023,2722866792.49,2376631312.67,9.435,TRUE
USA,CHL,2023,2272604531.05,2165385234.5,9.3565,TRUE
USA,ARG,2023,217286310.34,262091325.24,8.337,FALSE
JPN,BRN,2023,14131540.31,15903190.14,7.1502,FALSE
JPN,IDN,2023,698460503.87,626340931.49,8.8441,FALSE
JPN,LAO,2023,42672273.58,37200822.08,7.6301,FALSE
JPN,MYS,2023,269721827.61,323144705.26,8.4309,FALSE
JPN,PHL,2023,2696716314.75,2818535920.63,9.4308,TRUE
JPN,SGP,2023,1436713641.54,1733348403.54,9.1574,TRUE
JPN,THA,2023,296389750.12,331872564.05,8.4719,FALSE
JPN,VNM,2023,11271010728.75,10015491072.41,10.052,TRUE
JPN,KOR,2023,1134654786.31,1044943937.14,9.0549,TRUE
JPN,DEU,2023,217951575.48,202409773.79,8.3384,FALSE
JPN,TWN,2023,324156843.1,333605345.73,8.5108,FALSE
JPN,FRA,2023,321070799.15,283685979.6,8.5066,FALSE
JPN,GBR,2023,156923862.76,144349844.4,8.1957,FALSE
JPN,ZAF,2023,12825805537.92,15260506490.95,10.1081,TRUE
JPN,RUS,2023,430293271.96,424139656.02,8.6338,FALSE
JPN,MEX,2023,142057958.3,120786643.89,8.1525,FALSE
JPN,TUR,2023,4493392.63,5145982.92,6.6526,FALSE
JPN,ARE,2023,147481379.26,175175029.51,8.1687,FALSE
JPN,PAK,2023,13992069186.26,14309620880.32,10.1459,TRUE
JPN,NGA,2023,814236591.55,919418231.96,8.9108,FALSE
JPN,CHL,2023,1147446220.46,1156086144.08,9.0597,TRUE
KOR,BRN,2023,935973634.81,969664903.08,8.9713,TRUE
KOR,KHM,2023,32292173999.5,39459267802.59,10.5091,TRUE
KOR,IDN,2023,413712722.5,376762326.1,8.6167,FALSE
KOR,LAO,2023,7795645907.94,8252034529.09,9.8919,TRUE
KOR,MYS,2023,2425088783.76,2208717607.46,9.3847,TRUE
KOR,MMR,2023,8598845225.94,9286708943.38,9.9344,TRUE
KOR,SGP,2023,19599584.57,19584119.3,7.2922,FALSE
KOR,VNM,2023,162062180.47,199849883.51,8.2097,FALSE
KOR,JPN,2023,49630289.55,55675844.35,7.6957,FALSE
KOR,IND,2023,1075577894.5,1178223582.47,9.0316,TRUE
KOR,HKG,2023,82128349.61,90889884.81,7.9145,FALSE
KOR,TWN,2023,25954763.76,27981759.78,7.4142,FALSE
KOR,AUS,2023,488527607.13,549531107.18,8.6889,FALSE
KOR,ZAF,2023,2106291617.58,1938689983.45,9.3235,TRUE
KOR,MEX,2023,45616038.97,50849383.67,7.6591,FALSE
KOR,ITA,2023,140010007.1,173976412.52,8.1462,FALSE
KOR,ESP,2023,125852735.85,128227542.82,8.0999,FALSE
KOR,TUR,2023,725338817.27,815508526.25,8.8605,FALSE
KOR,SAU,2023,6745192100.34,6845741964.39,9.829,TRUE
KOR,ARE,2023,565901303.09,614587613.36,8.7527,FALSE
KOR,NGA,2023,8709404376.85,7858009156.92,9.94,TRUE
KOR,EGY,2023,427620061.54,492787395.26,8.6311,FALSE
KOR,CHL,2023,808424431.05,713381471.69,8.9076,FALSE
DEU,BRN,2023,565806121.27,565792929.41,8.7527,FALSE
DEU,KHM,2023,355088219.58,316284174.4,8.5503,FALSE
DEU,IDN,2023,128993616.9,122217740.78,8.1106,FALSE
DEU,LAO,2023,1856473326.12,1963796668.85,9.2687,TRUE
DEU,MMR,2023,2734210271.62,3410185607.62,9.4368,TRUE
DEU,PHL,2023,811472589.65,915191397.31,8.9093,FALSE
DEU,SGP,2023,11236651589.34,10508236451.42,10.0506,TRUE
DEU,VNM,2023,74188279.29,74420364.96,7.8703,FALSE
DEU,USA,2023,214043986.07,212479828.67,8.3305,FALSE
DEU,JPN,2023,927493948.79,1046921918.18,8.9673,TRUE
DEU,KOR,2023,44068543.18,46001457.59,7.6441,FALSE
DEU,HKG,2023,621007123.0,655842447.99,8.7931,FALSE
DEU,FRA,2023,82956681.5,98196344.13,7.9189,FALSE
DEU,BRA,2023,146771564.86,173348271.02,8.1666,FALSE
DEU,RUS,2023,175282690.83,178594855.2,8.2437,FALSE
DEU,CAN,2023,197787927.0,228454341.9,8.2962,FALSE
DEU,NLD,2023,476047191.44,553366389.09,8.6777,FALSE
DEU,ITA,2023,423455022.59,381170346.07,8.6268,FALSE
DEU,BGD,2023,981089590.02,1078492176.94,8.9917,TRUE
DEU,NGA,2023,7755412137.33,9398922477.75,9.8896,TRUE
DEU,CHL,2023,725104298.44,655365788.38,8.8604,FALSE
DEU,ARG,2023,8600815618.14,9340467421.25,9.9345,TRUE
IND,IDN,2023,1933082830.81,1806068998.92,9.2863,TRUE
IND,LAO,2023,572239539.01,558140311.47,8.7576,FALSE
IND,MMR,2023,241569383.78,300687395.96,8.383,FALSE
IND,PHL,2023,42895731.3,51232515.35,7.6324,FALSE
IND,SGP,2023,509103770.59,586157403.51,8.7068,FALSE
IND,CHN,2023,337969391.49,305134705.95,8.5289,FALSE
IND,JPN,2023,347251542.62,307172287.9,8.5406,FALSE
IND,KOR,2023,3912236315.08,3394845794.95,9.5924,TRUE
IND,DEU,2023,1859501277.54,2324376102.94,9.2694,TRUE
IND,HKG,2023,288545438.2,262209303.5,8.4602,FALSE
IND,TWN,2023,287150345.06,290602133.11,8.4581,FALSE
IND,FRA,2023,1756535061.15,1799444071.26,9.2447,TRUE
IND,AUS,2023,13681339.31,16952405.91,7.1361,FALSE
IND,MEX,2023,97295539.83,121384259.02,7.9881,FALSE
IND,CAN,2023,246333001.14,222587331.58,8.3915,FALSE
IND,ESP,2023,1121775424.22,1068340726.74,9.0499,TRUE
IND,ARE,2023,1652515398.29,1844322588.9,9.2181,TRUE
IND,NGA,2023,58650451.59,50320662.75,7.7683,FALSE
IND,EGY,2023,214523214.47,225897223.73,8.3315,FALSE
IND,CHL,2023,1838191497.38,2121589705.21,9.2644,TRUE
HKG,LAO,2023,722702510.3,722267400.8,8.859,FALSE
HKG,MYS,2023,36219268.47,42715504.23,7.5589,FALSE
HKG,KOR,2023,1667856666.9,1733708545.82,9.2222,TRUE
HKG,TWN,2023,82367698.22,94261679.86,7.9158,FALSE
HKG,FRA,2023,1451826824.59,1669868377.37,9.1619,TRUE
HKG,GBR,2023,377865505.96,424936591.54,8.5773,FALSE
HKG,RUS,2023,2347034486.35,2739619272.9,9.3705,TRUE
HKG,CAN,2023,709358561.82,664370019.68,8.8509,FALSE
HKG,NLD,2023,682504949.81,753923731.81,8.8341,FALSE
HKG,TUR,2023,922269544.93,828761706.34,8.9649,TRUE
HKG,NGA,2023,8405150608.93,9367106734.76,9.9245,TRUE
HKG,ARG,2023,868667353.15,846596406.31,8.9389,FALSE
TWN,BRN,2023,108875081.8,133327777.64,8.0369,FALSE
TWN,KHM,2023,49412900.57,54191841.6,7.6938,FALSE
TWN,IDN,2023,1364188195.79,1455401299.97,9.1349,TRUE
TWN,LAO,2023,21701214.86,25259358.26,7.3365,FALSE
TWN,SGP,2023,232389408.87,266535496.88,8.3662,FALSE
TWN,VNM,2023,1248723184.07,1279008776.79,9.0965,TRUE
TWN,USA,2023,352169250.97,414438161.78,8.5468,FALSE
TWN,JPN,2023,190344366.76,201149928.47,8.2795,FALSE
TWN,KOR,2023,452701232.76,434421518.25,8.6558,FALSE
TWN,DEU,2023,103983988.91,122507260.91,8.017,FALSE
TWN,IND,2023,23267906940.03,22269585580.85,10.3668,TRUE
TWN,HKG,2023,204474685.08,225861917.16,8.3106,FALSE
TWN,GBR,2023,1387889777.36,1184902673.96,9.1424,TRUE
TWN,RUS,2023,2780695291.48,2885420989.17,9.4442,TRUE
TWN,SAU,2023,400973506.45,453172533.69,8.6031,FALSE
TWN,ARE,2023,40307370.16,38315616.07,7.6054,FALSE
TWN,PAK,2023,12142814.77,14778187.19,7.0843,FALSE
TWN,NGA,2023,410014854.21,440650983.69,8.6128,FALSE
TWN,CHL,2023,901027097.43,1074720123.64,8.9547,TRUE
TWN,ARG,2023,3711078571.12,4018929842.27,9.5695,TRUE
FRA,KHM,2023,20337873307.25,23406972908.48,10.3083,TRUE
FRA,PHL,2023,6146190364.38,6194743808.98,9.7886,TRUE
FRA,THA,2023,116959389.64,101277231.79,8.068,FALSE
FRA,CHN,2023,3736342655.94,3290783348.99,9.5724,TRUE
FRA,USA,2023,2256586090.43,2587607928.36,9.3535,TRUE
FRA,JPN,2023,244409466.52,247886681.2,8.3881,FALSE
FRA,DEU,2023,26365236.41,29173299.97,7.421,FALSE
FRA,HKG,2023,964765075.27,876080764.89,8.9844,TRUE
FRA,TWN,2023,325703703.6,340159538.71,8.5128,FALSE
FRA,GBR,2023,306331832.15,307582394.36,8.4862,FALSE
FRA,BRA,2023,78079575.72,74277761.73,7.8925,FALSE
FRA,MEX,2023,813622510.26,816872296.53,8.9104,FALSE
FRA,ESP,2023,64890172.84,61074696.31,7.8122,FALSE
FRA,SAU,2023,54475352.89,48425275.41,7.7362,FALSE
FRA,ARE,2023,732353773.47,828616860.75,8.8647,FALSE
FRA,BGD,2023,125627886.8,115839772.71,8.0991,FALSE
FRA,PAK,2023,244427084.76,238288873.96,8.3881,FALSE
FRA,NGA,2023,67943623.54,65667368.45,7.8321,FALSE
FRA,EGY,2023,1263486788.69,1296627768.65,9.1016,TRUE
FRA,ARG,2023,584634211.19,579562414.33,8.7669,FALSE
GBR,BRN,2023,107183876.22,132165937.53,8.0301,FALSE
GBR,LAO,2023,9958683368.29,9383589287.71,9.9982,TRUE
GBR,MYS,2023,3902560289.66,3951226974.21,9.5913,TRUE
GBR,MMR,2023,592546706.2,616653437.58,8.7727,FALSE
GBR,PHL,2023,243173619.31,259094005.76,8.3859,FALSE
GBR,THA,2023,1130376702.25,1301731390.58,9.0532,TRUE
GBR,USA,2023,33583009.3,32923821.73,7.5261,FALSE
GBR,KOR,2023,5096797.1,4597728.8,6.7073,FALSE
GBR,DEU,2023,6092558549.8,5626738974.56,9.7848,TRUE
GBR,HKG,2023,649437228.33,745035358.11,8.8125,FALSE
GBR,TWN,2023,5020241772.95,5496212637.74,9.7007,TRUE
GBR,FRA,2023,754712530.94,895192329.67,8.8778,FALSE
GBR,AUS,2023,285015066.36,293718646.77,8.4549,FALSE
GBR,BRA,2023,97394228.79,101931499.86,7.9885,FALSE
GBR,ZAF,2023,42253519187.07,51554642670.84,10.6259,TRUE
GBR,NLD,2023,2055425409.09,1816023307.83,9.3129,TRUE
GBR,ESP,2023,351966675.08,328743739.86,8.5465,FALSE
GBR,TUR,2023,925524717.02,1064860784.41,8.9664,TRUE
GBR,SAU,2023,11045780835.13,9490447838.19,10.0432,TRUE
GBR,BGD,2023,2354104277.83,2092948028.57,9.3718,TRUE
GBR,PAK,2023,537241529.62,531951211.43,8.7302,FALSE
GBR,NGA,2023,5960669209.29,6156143737.9,9.7753,TRUE
GBR,EGY,2023,10024025.28,9732439.22,7.001,FALSE
GBR,ARG,2023,32321752557.83,39263083732.5,10.5095,TRUE
AUS,KHM,2023,5275648366.52,5720086213.94,9.7223,TRUE
AUS,IDN,2023,6872122134.88,6347880939.43,9.8371,TRUE
AUS,LAO,2023,960581716.65,1144161979.52,8.9825,TRUE
AUS,MYS,2023,704998848.95,779794032.28,8.8482,FALSE
AUS,MMR,2023,54686814922.11,58747556013.36,10.7379,TRUE
AUS,PHL,2023,347661657.46,356825868.3,8.5412,FALSE
AUS,SGP,2023,2290277938.54,2030489861.82,9.3599,TRUE
AUS,USA,2023,318199575.44,348292800.02,8.5027,FALSE
AUS,JPN,2023,304183747.79,364519740.61,8.4831,FALSE
AUS,KOR,2023,169906944.19,156507962.36,8.2302,FALSE
AUS,DEU,2023,1591056333.46,1745042202.74,9.2017,TRUE
AUS,HKG,2023,675370309.22,693525499.11,8.8295,FALSE
AUS,TWN,2023,25185521.96,22682365.36,7.4012,FALSE
AUS,FRA,2023,2425303925.84,2835987054.4,9.3848,TRUE
AUS,GBR,2023,827439623.38,827231224.65,8.9177,FALSE
AUS,BRA,2023,1095502449.86,1053146758.05,9.0396,TRUE
AUS,ZAF,2023,6101892660.45,5861126941.46,9.7855,TRUE
AUS,RUS,2023,139026221.96,128579104.26,8.1431,FALSE
AUS,MEX,2023,15324512842.96,13830707906.71,10.1854,TRUE
AUS,CAN,2023,614470008.06,679082413.08,8.7885,FALSE
AUS,NLD,2023,824589808.07,828817274.5,8.9162,FALSE
AUS,TUR,2023,2521491614.47,2552346815.34,9.4017,TRUE
AUS,SAU,2023,1363927615.61,1263694875.36,9.1348,TRUE
AUS,ARE,2023,2428090050.85,2765606425.55,9.3853,TRUE
AUS,PAK,2023,515989161.45,550544060.69,8.7126,FALSE
AUS,ARG,2023,551018071.33,595485472.21,8.7412,FALSE
BRA,BRN,2023,2687163931.18,3052942465.87,9.4293,TRUE
BRA,IDN,2023,680421368.27,815663875.92,8.8328,FALSE
BRA,LAO,2023,935756591.67,965304209.02,8.9712,TRUE
BRA,MYS,2023,5282309.76,4611492.11,6.7228,FALSE
BRA,MMR,2023,295479843.89,301021420.45,8.4705,FALSE
BRA,SGP,2023,5437123795.77,6693141821.74,9.7354,TRUE
BRA,THA,2023,2556999120.06,2646603648.52,9.4077,TRUE
BRA,USA,2023,957302184.52,1167431182.97,8.981,TRUE
BRA,JPN,2023,781364565.5,729774572.49,8.8929,FALSE
BRA,KOR,2023,4728391927.03,5552042722.71,9.6747,TRUE
BRA,DEU,2023,835103102.79,752179973.74,8.9217,FALSE
BRA,IND,2023,10597281255.87,10521232789.56,10.0252,TRUE
BRA,HKG,2023,1864721852.2,1934915543.35,9.2706,TRUE
BRA,TWN,2023,232909885.07,268695018.12,8.3672,FALSE
BRA,FRA,2023,90529706.64,107294962.42,7.9568,FALSE
BRA,RUS,2023,112518515.95,116227730.04,8.0512,FALSE
BRA,ITA,2023,540395375.45,509154522.65,8.7327,FALSE
BRA,TUR,2023,276355869.6,258233418.88,8.4415,FALSE
BRA,SAU,2023,307212672.44,347677759.81,8.4874,FALSE
BRA,ARE,2023,13258675775.85,11847931934.68,10.1225,TRUE
BRA,BGD,2023,208079517.73,220222747.21,8.3182,FALSE
BRA,PAK,2023,81607258.57,81030807.47,7.9117,FALSE
BRA,NGA,2023,17566093.98,16566876.95,7.2447,FALSE
BRA,EGY,2023,858442738.04,987974881.03,8.9337,FALSE
BRA,CHL,2023,1574702730.34,1783320748.97,9.1972,TRUE
ZAF,BRN,2023,405489087.29,378046969.94,8.608,FALSE
ZAF,KHM,2023,976092959.74,1162116618.29,8.9895,TRUE
ZAF,MMR,2023,12778600279.85,12393085922.43,10.1065,TRUE
ZAF,PHL,2023,2192048928.57,2315984380.68,9.3409,TRUE
ZAF,SGP,2023,1824875267.12,1561887055.48,9.2612,TRUE
ZAF,USA,2023,121510229.51,135992625.91,8.0846,FALSE
ZAF,JPN,2023,2234132885.32,2375618845.6,9.3491,TRUE
ZAF,KOR,2023,1029816843.52,1090373352.72,9.0128,TRUE
ZAF,IND,2023,1472387377.21,1409236019.86,9.168,TRUE
ZAF,HKG,2023,185941785.64,158886708.92,8.2694,FALSE
ZAF,TWN,2023,3921713652.84,4203337759.59,9.5935,TRUE
ZAF,FRA,2023,1357476990.52,1696334064.02,9.1327,TRUE
ZAF,AUS,2023,36210755.61,37042185.43,7.5588,FALSE
ZAF,BRA,2023,107153556.49,103446839.06,8.03,FALSE
ZAF,NLD,2023,119858472.37,140352384.94,8.0787,FALSE
ZAF,ITA,2023,323675194.04,327312639.54,8.5101,FALSE
ZAF,SAU,2023,4383807025.0,4016861766.1,9.6419,TRUE
ZAF,ARE,2023,737495426.21,910251740.03,8.8678,FALSE
ZAF,ARG,2023,94655330.52,86411215.02,7.9761,FALSE
RUS,KHM,2023,507610404.53,623165823.1,8.7055,FALSE
RUS,MYS,2023,351632259.75,352800855.66,8.5461,FALSE
RUS,MMR,2023,25532559851.7,25050174525.61,10.4071,TRUE
RUS,PHL,2023,648694372.03,577431017.58,8.812,FALSE
RUS,SGP,2023,1901558833.68,2138038672.39,9.2791,TRUE
RUS,THA,2023,59079903.87,50592618.41,7.7714,FALSE
RUS,IND,2023,3639916903.89,4049071362.51,9.5611,TRUE
RUS,HKG,2023,258864938.13,236763331.35,8.4131,FALSE
RUS,TWN,2023,8425853254.69,7614303728.47,9.9256,TRUE
RUS,FRA,2023,32606383.37,38248068.75,7.5133,FALSE
RUS,MEX,2023,86931048.86,108566260.57,7.9392,FALSE
RUS,NLD,2023,2636537001.43,2414262536.39,9.421,TRUE
RUS,ITA,2023,1139137739.75,1086290059.83,9.0566,TRUE
RUS,ESP,2023,2602676622.7,2250135217.3,9.4154,TRUE
RUS,TUR,2023,229741840.42,220240294.23,8.3612,FALSE
RUS,SAU,2023,13598077.31,15340672.1,7.1335,FALSE
RUS,PAK,2023,1777592652.5,1572493066.14,9.2498,TRUE
RUS,NGA,2023,524577004.89,628557814.21,8.7198,FALSE
RUS,EGY,2023,328352935.94,389381418.23,8.5163,FALSE
RUS,ARG,2023,1414869356.67,1475328500.12,9.1507,TRUE
MEX,BRN,2023,716000916.58,886432918.55,8.8549,FALSE
MEX,IDN,2023,238374694.8,208112328.59,8.3773,FALSE
MEX,PHL,2023,202411108.06,221280864.09,8.3062,FALSE
MEX,VNM,2023,138861936.01,118885860.14,8.1426,FALSE
MEX,CHN,2023,6010557937.24,6226010567.63,9.7789,TRUE
MEX,USA,2023,160168036.9,191205668.26,8.2046,FALSE
MEX,KOR,2023,1650310328.68,1478038531.28,9.2176,TRUE
MEX,IND,2023,499314176.63,442983212.14,8.6984,FALSE
MEX,HKG,2023,2565224291.56,2287165155.42,9.4091,TRUE
MEX,FRA,2023,2086096954.79,2001906943.9,9.3193,TRUE
MEX,GBR,2023,219646027.62,202162153.73,8.3417,FALSE
MEX,AUS,2023,141751863.48,162895744.37,8.1515,FALSE
MEX,BRA,2023,343942359.36,322064282.29,8.5365,FALSE
MEX,ESP,2023,3227505076.01,3748657860.84,9.5089,TRUE
MEX,SAU,2023,4123300269.09,4854440190.14,9.6152,TRUE
MEX,ARE,2023,437532244.4,391462325.8,8.641,FALSE
MEX,PAK,2023,211577347.58,202551973.21,8.3255,FALSE
MEX,NGA,2023,240138134.38,292966918.05,8.3805,FALSE
MEX,EGY,2023,1472426746.99,1359800714.91,9.168,TRUE
MEX,CHL,2023,542645661.53,508628501.32,8.7345,FALSE
CAN,BRN,2023,10056549108.56,9515807914.95,10.0024,TRUE
CAN,IDN,2023,54062056.25,62093345.47,7.7329,FALSE
CAN,MYS,2023,512156956.34,612266734.37,8.7094,FALSE
CAN,PHL,2023,281460559.2,252507255.68,8.4494,FALSE
CAN,THA,2023,1194192836.74,1222736766.61,9.0771,TRUE
CAN,CHN,2023,8790479002.71,9901836119.3,9.944,TRUE
CAN,USA,2023,190094679.64,182786120.01,8.279,FALSE
CAN,JPN,2023,253407694.64,300054012.96,8.4038,FALSE
CAN,DEU,2023,283251324.08,291737043.56,8.4522,FALSE
CAN,HKG,2023,624627607.1,713767902.28,8.7956,FALSE
CAN,TWN,2023,232689113.63,251548954.26,8.3668,FALSE
CAN,GBR,2023,2657858940.22,3052003570.95,9.4245,TRUE
CAN,ZAF,2023,1393387763.96,1446363544.69,9.1441,TRUE
CAN,RUS,2023,1301180339.42,1272400685.87,9.1143,TRUE
CAN,MEX,2023,6850339648.64,6212433706.12,9.8357,TRUE
CAN,NLD,2023,3520423377.01,3994967533.84,9.5466,TRUE
CAN,ITA,2023,2951736921.96,3309928758.51,9.4701,TRUE
CAN,ESP,2023,291494090.94,266012619.67,8.4646,FALSE
CAN,ARE,2023,5462154050.78,5030170671.98,9.7374,TRUE
CAN,PAK,2023,13810906515.46,14779821047.36,10.1402,TRUE
CAN,NGA,2023,300734503.92,358819632.27,8.4782,FALSE
CAN,EGY,2023,149591743.43,127457256.13,8.1749,FALSE
CAN,ARG,2023,1316491797.87,1389437967.18,9.1194,TRUE
NLD,KHM,2023,99208883.07,95048826.88,7.9966,FALSE
NLD,LAO,2023,125142588.32,114767850.29,8.0974,FALSE
NLD,MYS,2023,521704191.52,448287817.78,8.7174,FALSE
NLD,MMR,2023,67275051.79,65696574.07,7.8279,FALSE
NLD,THA,2023,1404086511.25,1422822028.24,9.1474,TRUE
NLD,VNM,2023,113784022.26,111603472.65,8.0561,FALSE
NLD,CHN,2023,129687139.92,123157094.6,8.1129,FALSE
NLD,JPN,2023,1270412923.1,1194068282.26,9.1039,TRUE
NLD,KOR,2023,89722597.74,79150286.97,7.9529,FALSE
NLD,DEU,2023,19912124.44,24311773.29,7.2991,FALSE
NLD,IND,2023,891977925.71,1008820052.95,8.9504,TRUE
NLD,TWN,2023,9432768.87,8478086.18,6.9746,FALSE
NLD,GBR,2023,1084177287.6,923956765.79,9.0351,TRUE
NLD,AUS,2023,242750881.34,249663840.08,8.3852,FALSE
NLD,MEX,2023,1246013626.81,1220735162.76,9.0955,TRUE
NLD,CAN,2023,1494046745.85,1520038047.46,9.1744,TRUE
NLD,ITA,2023,9538272520.92,10704509547.99,9.9795,TRUE
NLD,ESP,2023,118064372.15,123593598.93,8.0721,FALSE
NLD,SAU,2023,425381144.62,499303910.05,8.6288,FALSE
NLD,BGD,2023,537457334.04,651504352.3,8.7303,FALSE
ITA,KHM,2023,287801077.67,316398930.16,8.4591,FALSE
ITA,IDN,2023,58548427.97,51860947.76,7.7675,FALSE
ITA,LAO,2023,1278089173.8,1285663684.09,9.1066,TRUE
ITA,MYS,2023,365833837.33,328074106.99,8.5633,FALSE
ITA,PHL,2023,548493757.0,516045988.5,8.7392,FALSE
ITA,THA,2023,273826797.52,233248819.6,8.4375,FALSE
ITA,VNM,2023,16011786.07,15615333.83,7.2044,FALSE
ITA,CHN,2023,3704119855.31,3332425987.73,9.5687,TRUE
ITA,KOR,2023,1425396175.87,1392477107.88,9.1539,TRUE
ITA,DEU,2023,476817953.39,571553309.64,8.6784,FALSE
ITA,TWN,2023,19633222.54,23610671.78,7.293,FALSE
ITA,GBR,2023,656498740.66,798571464.78,8.8172,FALSE
ITA,AUS,2023,213590582.08,250746249.84,8.3296,FALSE
ITA,BRA,2023,2896360695.94,2501594938.97,9.4619,TRUE
ITA,ZAF,2023,15063267221.32,15786080529.74,10.1779,TRUE
ITA,RUS,2023,139255143.83,155217119.51,8.1438,FALSE
ITA,CAN,2023,345730542.25,313489260.06,8.5387,FALSE
ITA,NLD,2023,911093848.37,911722543.77,8.9596,TRUE
ITA,TUR,2023,887297241.11,945168259.99,8.9481,FALSE
ITA,SAU,2023,472301701.23,424458081.41,8.6742,FALSE
ITA,ARE,2023,1151786553.37,1058832255.3,9.0614,TRUE
ITA,CHL,2023,311722651.22,327867950.06,8.4938,FALSE
ESP,BRN,2023,9519228216.22,10848544916.46,9.9786,TRUE
ESP,KHM,2023,73329019.86,80380860.45,7.8653,FALSE
ESP,LAO,2023,581335857.91,713138455.22,8.7644,FALSE
ESP,MYS,2023,821195027.07,825106210.79,8.9144,FALSE
ESP,THA,2023,4854836966.4,4371779337.25,9.6862,TRUE
ESP,JPN,2023,750550028.46,793470501.91,8.8754,FALSE
ESP,HKG,2023,671958031.58,715393528.62,8.8273,FALSE
ESP,TWN,2023,955474852.24,1029494433.55,8.9802,TRUE
ESP,FRA,2023,164836606.44,199314607.57,8.2171,FALSE
ESP,AUS,2023,1529771502.11,1390313843.56,9.1846,TRUE
ESP,BRA,2023,755718751.46,838783868.04,8.8784,FALSE
ESP,ZAF,2023,186817802.36,197783132.4,8.2714,FALSE
ESP,RUS,2023,97031287.54,87730296.41,7.9869,FALSE
ESP,NLD,2023,347495952.71,359509371.32,8.5409,FALSE
ESP,ITA,2023,277110359.74,288342946.46,8.4427,FALSE
ESP,SAU,2023,2181201532.37,2353012903.38,9.3387,TRUE
ESP,ARE,2023,2199771890.98,2670270071.41,9.3424,TRUE
ESP,PAK,2023,104352008.53,107165733.54,8.0185,FALSE
ESP,EGY,2023,12361582.57,14700989.04,7.0921,FALSE
TUR,BRN,2023,22091781640.9,23736398732.93,10.3442,TRUE
TUR,KHM,2023,486900711.08,540777359.77,8.6874,FALSE
TUR,IDN,2023,126407103.22,148622842.22,8.1018,FALSE
TUR,LAO,2023,2332780789.87,2550794801.24,9.3679,TRUE
TUR,MMR,2023,333689225.14,392380024.39,8.5233,FALSE
TUR,PHL,2023,192365312.4,231292962.26,8.2841,FALSE
TUR,VNM,2023,17098226.58,19258361.68,7.233,FALSE
TUR,USA,2023,3275272223.64,3210423484.67,9.5152,TRUE
TUR,KOR,2023,378432323.59,370343287.38,8.578,FALSE
TUR,DEU,2023,105903830.31,112288187.52,8.0249,FALSE
TUR,IND,2023,970512584.22,963049980.71,8.987,TRUE
TUR,TWN,2023,16119907359.55,16887444866.48,10.2074,TRUE
TUR,GBR,2023,1199467882.41,1281120961.66,9.079,TRUE
TUR,AUS,2023,771938908.83,837376302.06,8.8876,FALSE
TUR,BRA,2023,59584592.92,69039061.96,7.7751,FALSE
TUR,ZAF,2023,56396524.72,49877604.03,7.7513,FALSE
TUR,MEX,2023,657340639.15,567060107.65,8.8178,FALSE
TUR,NLD,2023,656958969.01,579472332.49,8.8175,FALSE
TUR,ARE,2023,363968258.64,452856131.77,8.5611,FALSE
TUR,BGD,2023,234691228.3,267477376.63,8.3705,FALSE
TUR,EGY,2023,54171033.03,62019786.1,7.7338,FALSE
TUR,CHL,2023,393638414.44,354474920.28,8.5951,FALSE
TUR,ARG,2023,21621973.0,26991607.1,7.3349,FALSE
SAU,KHM,2023,1357160497.19,1178003560.74,9.1326,TRUE
SAU,IDN,2023,641412670.96,658521001.94,8.8071,FALSE
SAU,LAO,2023,359251863.94,424821130.47,8.5554,FALSE
SAU,PHL,2023,4542935417.36,5435207681.3,9.6573,TRUE
SAU,VNM,2023,1174423647.4,1355063041.5,9.0698,TRUE
SAU,CHN,2023,5545878870.21,5703650003.18,9.744,TRUE
SAU,USA,2023,322451965.2,377026350.82,8.5085,FALSE
SAU,JPN,2023,640111272.54,563157350.22,8.8063,FALSE
SAU,DEU,2023,3000867432.02,3668088266.17,9.4772,TRUE
SAU,HKG,2023,24963484.24,27036637.06,7.3973,FALSE
SAU,TWN,2023,15680485354.18,15384248792.03,10.1954,TRUE
SAU,FRA,2023,392642880.68,361999505.57,8.594,FALSE
SAU,BRA,2023,482384931.36,493151285.17,8.6834,FALSE
SAU,ESP,2023,307042923.59,314482180.28,8.4872,FALSE
SAU,PAK,2023,9979040979.08,10655966895.63,9.9991,TRUE
SAU,NGA,2023,61658467.55,76502289.24,7.79,FALSE
SAU,EGY,2023,90790401.97,105435710.43,7.958,FALSE
SAU,CHL,2023,4736042587.86,5371301420.24,9.6754,TRUE
SAU,ARG,2023,148359414.9,177456916.13,8.1713,FALSE
ARE,KHM,2023,201782488.85,224974171.54,8.3049,FALSE
ARE,MMR,2023,745010559.89,642728560.27,8.8722,FALSE
ARE,PHL,2023,3647845181.94,4478010544.96,9.562,TRUE
ARE,VNM,2023,91418729.99,91924938.24,7.961,FALSE
ARE,CHN,2023,5518242741.65,5973947534.03,9.7418,TRUE
ARE,USA,2023,25375505.4,23858597.79,7.4044,FALSE
ARE,IND,2023,1262888630.47,1344645870.37,9.1014,TRUE
ARE,HKG,2023,432942034.21,403181456.05,8.6364,FALSE
ARE,AUS,2023,1329632783.92,1148158552.09,9.1237,TRUE
ARE,CAN,2023,3390299065.41,3622662890.8,9.5302,TRUE
ARE,NLD,2023,426677089.94,462939939.65,8.6301,FALSE
ARE,ITA,2023,3291941941.7,4061735630.47,9.5175,TRUE
ARE,ESP,2023,441356262.14,549198943.3,8.6448,FALSE
ARE,TUR,2023,1180341035.8,1283390601.63,9.072,TRUE
ARE,PAK,2023,673000356.78,612302546.26,8.828,FALSE
ARE,NGA,2023,848601128.2,871812948.74,8.9287,FALSE
ARE,EGY,2023,150302297.22,145615011.31,8.177,FALSE
ARE,ARG,2023,1423074916.28,1601992188.21,9.1532,TRUE
BGD,KHM,2023,12938690.37,15504305.38,7.1119,FALSE
BGD,IDN,2023,652350971.17,670900987.99,8.8145,FALSE
BGD,LAO,2023,3285066522.78,2792736237.39,9.5165,TRUE
BGD,PHL,2023,857205004.79,822611637.81,8.9331,FALSE
BGD,THA,2023,104598523.94,122920158.12,8.0195,FALSE
BGD,CHN,2023,293077632.68,297087016.68,8.467,FALSE
BGD,JPN,2023,49102162.04,55560401.05,7.6911,FALSE
BGD,KOR,2023,1040034940.76,920268488.95,9.017,TRUE
BGD,IND,2023,274316281.58,306445995.76,8.4383,FALSE
BGD,TWN,2023,428583702.84,415020153.97,8.632,FALSE
BGD,GBR,2023,1086080717.89,1304396601.37,9.0359,TRUE
BGD,AUS,2023,154771677.74,190780027.04,8.1897,FALSE
BGD,ZAF,2023,1708213387.73,1932141544.52,9.2325,TRUE
BGD,RUS,2023,1491831760.0,1322362574.18,9.1737,TRUE
BGD,CAN,2023,107914718.79,113229119.12,8.0331,FALSE
BGD,ESP,2023,8269023284.28,7792508087.68,9.9175,TRUE
BGD,SAU,2023,4341696263.13,5273245663.09,9.6377,TRUE
BGD,EGY,2023,331851556.27,285617943.38,8.5209,FALSE
BGD,CHL,2023,254210453.96,217435462.9,8.4052,FALSE
BGD,ARG,2023,1136409385.2,967556819.62,9.0555,TRUE
PAK,BRN,2023,49898755.04,46760764.32,7.6981,FALSE
PAK,KHM,2023,162038663.03,159318257.38,8.2096,FALSE
PAK,MMR,2023,2350880084.6,2596266815.29,9.3712,TRUE
PAK,PHL,2023,2340471205.14,2530048653.68,9.3693,TRUE
PAK,SGP,2023,196232306.99,240989292.14,8.2928,FALSE
PAK,THA,2023,11953765611.44,10909801982.07,10.0775,TRUE
PAK,CHN,2023,567037271.65,617677439.47,8.7536,FALSE
PAK,USA,2023,155596232.59,167548735.78,8.192,FALSE
PAK,DEU,2023,1290551725.54,1159139320.61,9.1108,TRUE
PAK,IND,2023,4986542.29,5491679.32,6.6978,FALSE
PAK,GBR,2023,321506285.78,381030614.18,8.5072,FALSE
PAK,ZAF,2023,1570101492.39,1554326000.55,9.1959,TRUE
PAK,MEX,2023,433534702.91,492779854.01,8.637,FALSE
PAK,ESP,2023,329861825.44,287321778.81,8.5183,FALSE
PAK,ARE,2023,327538824.82,348674186.74,8.5153,FALSE
PAK,BGD,2023,122865324.36,110202759.54,8.0894,FALSE
PAK,NGA,2023,1429325934.25,1398325441.4,9.1551,TRUE
PAK,EGY,2023,1738339371.12,2018776397.66,9.2401,TRUE
NGA,LAO,2023,562814823.25,527281112.75,8.7504,FALSE
NGA,MYS,2023,282559235.52,291722192.72,8.4511,FALSE
NGA,PHL,2023,4565714832.06,4757485153.75,9.6595,TRUE
NGA,SGP,2023,210924097.19,246933201.25,8.3241,FALSE
NGA,THA,2023,1206457413.91,1476960642.46,9.0815,TRUE
NGA,CHN,2023,128570135.83,117420226.3,8.1091,FALSE
NGA,USA,2023,573053085.49,670523072.24,8.7582,FALSE
NGA,JPN,2023,3446596430.72,4090139476.57,9.5374,TRUE
NGA,DEU,2023,2136391578.77,1912543719.32,9.3297,TRUE
NGA,IND,2023,803202368.66,965500345.66,8.9048,FALSE
NGA,HKG,2023,252464727.01,315448160.7,8.4022,FALSE
NGA,FRA,2023,185530356.44,177110688.29,8.2684,FALSE
NGA,BRA,2023,8520036148.46,10397281223.88,9.9304,TRUE
NGA,CAN,2023,126870126.88,118284275.58,8.1034,FALSE
NGA,NLD,2023,335397135.62,336820007.05,8.5256,FALSE
NGA,ITA,2023,4290472635.85,4842756289.92,9.6325,TRUE
NGA,ESP,2023,6683398575.71,6076056453.38,9.825,TRUE
NGA,TUR,2023,1419995290.66,1620595893.58,9.1523,TRUE
NGA,SAU,2023,148001830.19,129137371.84,8.1703,FALSE
NGA,ARE,2023,752162763.1,849309205.12,8.8763,FALSE
NGA,PAK,2023,178963146.24,155805048.29,8.2528,FALSE
NGA,ARG,2023,88843059.44,90361673.04,7.9486,FALSE
EGY,BRN,2023,677913385.14,621963408.29,8.8312,FALSE
EGY,IDN,2023,4255065583.6,4568291707.2,9.6289,TRUE
EGY,LAO,2023,5921753412.93,6511643938.71,9.7725,TRUE
EGY,MYS,2023,2385455565.25,2755153488.62,9.3776,TRUE
EGY,MMR,2023,1125836729.87,1190434694.12,9.0515,TRUE
EGY,PHL,2023,813806926.76,904113229.47,8.9105,FALSE
EGY,SGP,2023,513503451.56,527121787.25,8.7105,FALSE
EGY,VNM,2023,2235760598.17,2423247865.44,9.3494,TRUE
EGY,USA,2023,6280541782.22,7012461785.33,9.798,TRUE
EGY,KOR,2023,5323438570.51,6653193714.3,9.7262,TRUE
EGY,DEU,2023,35469509396.69,31518371626.42,10.5499,TRUE
EGY,GBR,2023,77451219.75,85101999.36,7.889,FALSE
EGY,CAN,2023,292391578.51,311212553.1,8.466,FALSE
EGY,NLD,2023,2331534889.14,2849893091.59,9.3676,TRUE
EGY,ESP,2023,201461790.67,245083796.1,8.3042,FALSE
EGY,TUR,2023,280908209.69,256728413.16,8.4486,FALSE
EGY,ARE,2023,43685910.55,50868427.99,7.6403,FALSE
EGY,BGD,2023,3645154394.66,3143005075.49,9.5617,TRUE
EGY,PAK,2023,2780403320.05,2846618690.55,9.4441,TRUE
EGY,CHL,2023,2593312607.74,2912512332.93,9.4139,TRUE
EGY,ARG,2023,51357706.49,53389924.1,7.7106,FALSE
CHL,MMR,2023,774990662.45,954844588.81,8.8893,FALSE
CHL,PHL,2023,2257191338.03,2687134163.58,9.3536,TRUE
CHL,THA,2023,837093375.1,804381490.83,8.9228,FALSE
CHL,VNM,2023,90279072.61,93926818.33,7.9556,FALSE
CHL,CHN,2023,14133737.27,15260190.41,7.1503,FALSE
CHL,USA,2023,8628130542.98,8706785628.83,9.9359,TRUE
CHL,KOR,2023,1635099950.38,1502611818.61,9.2135,TRUE
CHL,TWN,2023,553987801.92,585126829.56,8.7435,FALSE
CHL,FRA,2023,46212408.33,47007645.0,7.6648,FALSE
CHL,GBR,2023,204949876.3,251367039.91,8.3116,FALSE
CHL,ZAF,2023,1884119111.86,1958195406.71,9.2751,TRUE
CHL,MEX,2023,51175848.41,49551225.35,7.7091,FALSE
CHL,ESP,2023,1269549203.53,1190128611.87,9.1036,TRUE
CHL,TUR,2023,725097890.03,822508347.67,8.8604,FALSE
CHL,SAU,2023,111554069.28,127131988.88,8.0475,FALSE
CHL,BGD,2023,878780764.28,931609189.91,8.9439,FALSE
CHL,NGA,2023,493730802.05,491067623.89,8.6935,FALSE
ARG,KHM,2023,15864136827.33,18900454088.36,10.2004,TRUE
ARG,IDN,2023,479815577.41,415431419.04,8.6811,FALSE
ARG,THA,2023,7826974661.23,7007169985.59,9.8936,TRUE
ARG,CHN,2023,137440629.55,166036333.12,8.1381,FALSE
ARG,JPN,2023,2934680445.5,2795232845.11,9.4676,TRUE
ARG,HKG,2023,824332088.47,776748939.47,8.9161,FALSE
ARG,TWN,2023,2527300482.77,2265131653.36,9.4027,TRUE
ARG,FRA,2023,696322476.26,611788200.14,8.8428,FALSE
ARG,AUS,2023,935138277.39,1117280435.66,8.9709,TRUE
ARG,MEX,2023,1162323292.48,1191283635.54,9.0653,TRUE
ARG,NLD,2023,1185343721.11,1450786752.13,9.0738,TRUE
ARG,ITA,2023,82812539.0,100605329.6,7.9181,FALSE
ARG,ESP,2023,6484295641.37,5595908802.75,9.8119,TRUE
ARG,TUR,2023,13047871292.25,13386346094.81,10.1155,TRUE
ARG,SAU,2023,1622673189.15,1388384625.5,9.2102,TRUE
ARG,PAK,2023,878188015.27,814188047.9,8.9436,FALSE
ARG,NGA,2023,14466130.27,15105946.28,7.1604,FALSE
ARG,CHL,2023,274709836.11,308630111.16,8.4389,FALSE
